transaction_id,amount,payment_method,account_age_days,device_age_days,transactions_last_24h,previous_chargebacks,ip_risk,device_risk,unknown_location,is_fraud
TXN-000001,95950.08,UPI,1127,502,8,1,0.736,0.677,1,0
TXN-000002,4864.22,UPI,896,477,17,4,0.027,0.199,1,1
TXN-000003,88430.93,UPI,654,1430,14,2,0.278,0.215,0,1
TXN-000004,14597.78,NETBANKING,2473,542,26,0,0.73,0.536,0,0
TXN-000005,124427.76,NETBANKING,2365,394,23,0,0.046,0.228,0,0
TXN-000006,129985.9,WALLET,1139,929,21,2,0.163,0.355,0,0
TXN-000007,25753.68,CARD,670,947,13,2,0.99,0.64,1,0
TXN-000008,126443.5,UPI,939,66,26,2,0.401,0.066,1,1
TXN-000009,74934.77,WALLET,586,543,5,1,0.745,0.539,1,0
TXN-000010,59970.14,CARD,567,1044,16,0,0.756,0.861,0,0
TXN-000011,63381.78,UPI,1577,782,20,3,0.529,0.971,0,0
TXN-000012,80591.85,NETBANKING,1394,229,10,3,0.158,0.003,0,0
TXN-000013,16050.98,NETBANKING,2080,1248,7,1,0.374,0.162,1,0
TXN-000014,73342.0,UPI,1487,630,8,0,0.241,0.567,0,0
TXN-000015,122421.89,CARD,526,1352,16,4,0.165,0.528,1,0
TXN-000016,139344.13,CARD,1277,818,22,5,0.373,0.9,0,1
TXN-000017,9697.48,UPI,2410,1135,8,4,0.22,0.071,0,1
TXN-000018,4808.8,NETBANKING,291,1053,8,2,0.669,0.214,0,0
TXN-000019,70998.64,WALLET,780,194,4,5,0.431,0.424,0,0
TXN-000020,147626.37,UPI,249,825,24,2,0.801,0.109,0,1
TXN-000021,21113.33,CARD,1141,948,8,0,0.443,0.861,1,1
TXN-000022,149892.44,UPI,383,485,6,3,0.486,0.214,0,1
TXN-000023,423.09,WALLET,1087,932,10,3,0.697,0.731,1,1
TXN-000024,44576.5,UPI,2373,1111,2,5,0.314,0.05,0,1
TXN-000025,76223.49,CARD,281,1219,3,5,0.862,0.404,1,1
TXN-000026,6057.28,UPI,1718,1347,19,4,0.523,0.935,0,1
TXN-000027,59428.3,NETBANKING,1873,648,30,0,0.009,0.621,1,1
TXN-000028,32051.83,NETBANKING,543,715,29,0,0.879,0.37,0,0
TXN-000029,105560.63,UPI,2272,614,30,5,0.104,0.878,0,0
TXN-000030,111388.26,CARD,1116,578,20,1,0.718,0.204,0,1
TXN-000031,136233.04,UPI,379,1300,14,2,0.044,0.334,0,1
TXN-000032,66331.14,WALLET,2298,20,4,0,0.945,0.691,0,0
TXN-000033,87418.18,CARD,1761,262,2,2,0.365,0.933,0,1
TXN-000034,37504.51,UPI,1449,1147,29,3,0.974,0.749,0,0
TXN-000035,121634.68,WALLET,102,368,24,2,0.782,0.412,0,1
TXN-000036,105221.6,WALLET,159,964,8,1,0.817,0.46,0,1
TXN-000037,99038.97,WALLET,1345,571,28,0,0.967,0.279,1,0
TXN-000038,126564.81,NETBANKING,114,237,29,2,0.179,0.963,0,1
TXN-000039,65241.11,NETBANKING,1788,1242,17,0,0.385,0.577,0,0
TXN-000040,353.52,CARD,1492,884,3,5,0.921,0.623,0,0
TXN-000041,100067.25,NETBANKING,1649,1428,10,4,0.127,0.42,0,0
TXN-000042,45212.39,UPI,1245,588,7,3,0.786,0.607,0,0
TXN-000043,101376.52,WALLET,696,1350,3,2,0.515,0.633,0,0
TXN-000044,112695.61,NETBANKING,921,408,5,0,0.046,0.984,1,1
TXN-000045,132931.92,CARD,1573,1013,13,1,0.148,0.688,0,1
TXN-000046,120636.07,WALLET,206,1142,8,0,0.456,0.801,1,0
TXN-000047,133724.75,WALLET,2245,914,29,1,0.744,0.475,0,0
TXN-000048,41668.97,WALLET,980,563,15,0,0.714,0.234,0,0
TXN-000049,12178.59,CARD,948,785,23,1,0.706,0.064,0,0
TXN-000050,62424.56,CARD,1721,798,29,4,0.946,0.02,1,1
TXN-000051,141416.97,NETBANKING,1598,859,18,5,0.735,0.8,0,1
TXN-000052,65431.81,UPI,1593,689,22,5,0.798,0.724,0,0
TXN-000053,80165.13,WALLET,2425,1156,22,0,0.084,0.429,0,1
TXN-000054,56927.67,CARD,1863,670,11,3,0.278,0.951,0,0
TXN-000055,70598.99,UPI,1434,460,21,0,0.781,0.652,0,1
TXN-000056,3154.96,CARD,978,259,16,5,0.114,0.948,0,0
TXN-000057,25251.59,UPI,671,638,4,4,0.026,0.312,0,0
TXN-000058,29829.63,CARD,418,1428,25,2,0.85,0.6,0,1
TXN-000059,64313.86,NETBANKING,283,1037,21,2,0.013,0.42,0,1
TXN-000060,54391.99,WALLET,627,892,6,5,0.522,0.65,1,1
TXN-000061,123877.62,NETBANKING,1321,503,27,0,0.279,0.451,0,1
TXN-000062,74196.54,NETBANKING,745,999,7,2,0.798,0.34,1,1
TXN-000063,77542.43,CARD,351,495,24,3,0.489,0.758,0,1
TXN-000064,2684.76,NETBANKING,908,829,23,1,0.306,0.582,0,0
TXN-000065,111915.72,NETBANKING,1442,1440,15,2,0.307,0.231,0,1
TXN-000066,80426.01,CARD,785,444,24,3,0.276,0.59,1,0
TXN-000067,124910.99,NETBANKING,932,740,6,2,0.014,0.534,0,0
TXN-000068,83048.51,CARD,2011,211,28,0,0.574,0.469,0,1
TXN-000069,7801.37,WALLET,468,134,13,3,0.074,0.629,0,1
TXN-000070,84469.66,NETBANKING,349,509,4,4,0.764,0.606,1,0
TXN-000071,57118.67,WALLET,1218,1206,14,2,0.569,0.06,0,0
TXN-000072,39770.45,UPI,644,492,6,4,0.075,0.003,0,0
TXN-000073,34798.29,NETBANKING,1860,146,22,1,0.924,0.788,1,1
TXN-000074,81729.9,CARD,1089,292,3,0,0.166,0.308,1,0
TXN-000075,70357.83,NETBANKING,1649,558,17,4,0.494,0.08,0,0
TXN-000076,90596.67,UPI,375,469,22,4,0.587,0.021,0,0
TXN-000077,26361.09,WALLET,1140,372,19,3,0.635,0.492,0,1
TXN-000078,50062.93,UPI,659,676,14,5,0.495,0.663,0,0
TXN-000079,47246.12,NETBANKING,475,828,28,4,0.825,0.001,1,1
TXN-000080,28218.62,NETBANKING,2042,1281,15,0,0.204,0.549,0,0
TXN-000081,72758.3,UPI,2494,491,23,1,0.311,0.014,0,1
TXN-000082,126226.71,UPI,1891,241,21,1,0.498,0.717,1,1
TXN-000083,72426.69,WALLET,999,936,18,1,0.384,0.922,1,0
TXN-000084,41509.49,WALLET,1393,1040,9,0,0.283,0.299,1,0
TXN-000085,67037.45,WALLET,1414,681,18,4,0.377,0.933,0,1
TXN-000086,35111.01,WALLET,179,652,24,3,0.705,0.811,0,0
TXN-000087,5649.24,NETBANKING,412,902,4,4,0.91,0.015,0,0
TXN-000088,145496.52,UPI,1924,543,11,4,0.693,0.65,0,0
TXN-000089,94057.2,WALLET,2217,74,20,0,0.235,0.684,0,0
TXN-000090,65152.32,UPI,412,909,6,5,0.299,0.029,0,1
TXN-000091,56288.68,CARD,1001,1088,14,4,0.682,0.18,0,0
TXN-000092,57443.39,CARD,2039,1195,5,1,0.461,0.254,0,0
TXN-000093,69841.46,NETBANKING,2239,324,3,3,0.945,0.988,0,0
TXN-000094,68579.69,NETBANKING,816,788,28,3,0.107,0.381,0,0
TXN-000095,44355.09,WALLET,1125,17,19,5,0.778,0.974,1,0
TXN-000096,135449.94,CARD,2487,722,8,5,0.19,0.251,0,0
TXN-000097,96986.46,NETBANKING,1806,69,19,2,0.732,0.09,0,0
TXN-000098,26428.45,CARD,2210,750,17,4,0.913,0.83,0,0
TXN-000099,44341.7,NETBANKING,472,960,3,1,0.754,0.226,0,1
TXN-000100,59246.73,NETBANKING,2198,254,15,2,0.673,0.672,1,0
TXN-000101,141049.75,UPI,958,966,1,4,0.884,0.561,1,1
TXN-000102,95347.05,WALLET,1238,1330,14,0,0.14,0.946,0,1
TXN-000103,35296.52,CARD,1592,930,12,5,0.949,0.696,1,0
TXN-000104,109017.21,WALLET,406,1003,20,3,0.939,0.28,0,1
TXN-000105,142588.22,NETBANKING,407,1405,12,4,0.902,0.645,0,1
TXN-000106,145234.21,WALLET,376,1358,7,5,0.639,0.971,0,1
TXN-000107,18975.99,CARD,282,1136,7,4,0.216,0.87,0,0
TXN-000108,89437.65,NETBANKING,593,267,18,2,0.799,0.11,0,1
TXN-000109,118518.7,CARD,2412,664,1,1,0.265,0.127,0,0
TXN-000110,71489.27,NETBANKING,2103,1216,4,3,0.504,0.945,0,0
TXN-000111,144607.52,UPI,1962,823,14,5,0.108,0.712,0,0
TXN-000112,48384.56,CARD,270,259,9,4,0.633,0.548,0,0
TXN-000113,79630.47,WALLET,2071,1240,14,0,0.793,0.114,1,1
TXN-000114,133224.84,WALLET,1389,929,13,3,0.73,0.313,0,1
TXN-000115,22980.57,WALLET,275,187,27,0,0.093,0.097,0,0
TXN-000116,88011.12,NETBANKING,501,842,12,5,0.941,0.423,0,0
TXN-000117,52811.76,CARD,634,1345,16,1,0.847,0.35,1,1
TXN-000118,41857.38,CARD,1758,1149,25,4,0.614,0.643,0,1
TXN-000119,41063.23,NETBANKING,1392,719,1,1,0.87,0.566,0,1
TXN-000120,95012.48,UPI,376,1087,7,3,0.42,0.341,0,0
TXN-000121,116547.66,UPI,216,319,6,4,0.05,0.082,0,1
TXN-000122,66362.42,NETBANKING,883,1050,4,2,0.43,0.283,1,0
TXN-000123,46332.07,CARD,1619,1228,2,0,0.204,0.945,0,0
TXN-000124,18085.65,WALLET,1764,360,5,3,0.533,0.23,1,1
TXN-000125,129278.48,UPI,1787,39,15,0,0.862,0.576,1,1
TXN-000126,62712.32,UPI,1660,43,11,1,0.801,0.618,0,0
TXN-000127,15968.88,WALLET,2413,821,17,0,0.396,0.31,0,0
TXN-000128,25303.09,UPI,2174,1045,7,2,0.351,0.958,0,1
TXN-000129,38469.64,CARD,2468,314,25,5,0.075,0.951,0,0
TXN-000130,114005.58,WALLET,2313,1317,21,4,0.323,0.971,0,1
TXN-000131,70391.27,NETBANKING,1126,1212,2,2,0.507,0.31,0,1
TXN-000132,124771.33,UPI,370,1260,20,4,0.384,0.58,0,0
TXN-000133,85791.34,CARD,1317,1240,16,4,0.151,0.062,0,0
TXN-000134,12740.94,CARD,161,508,23,3,0.991,0.524,1,1
TXN-000135,137698.72,WALLET,1675,693,22,4,0.052,0.631,0,1
TXN-000136,83738.69,WALLET,1164,517,24,5,0.964,0.603,0,1
TXN-000137,99575.45,NETBANKING,1271,1344,23,5,0.392,0.595,0,0
TXN-000138,96559.64,NETBANKING,524,1373,23,5,0.997,0.912,0,1
TXN-000139,2832.76,NETBANKING,739,439,11,3,0.192,1.0,0,1
TXN-000140,118239.21,UPI,1380,1266,5,4,0.377,0.162,1,0
TXN-000141,6649.49,NETBANKING,973,910,20,2,0.752,0.784,0,1
TXN-000142,121312.72,WALLET,795,754,22,4,0.984,0.462,0,1
TXN-000143,62857.26,CARD,818,1239,5,2,0.052,0.481,0,0
TXN-000144,77434.82,UPI,1168,172,25,1,0.273,0.905,0,1
TXN-000145,136584.69,WALLET,1432,55,14,0,0.396,0.374,0,0
TXN-000146,4325.31,UPI,1374,300,5,0,0.287,0.83,0,0
TXN-000147,887.15,UPI,78,525,7,1,0.549,0.727,1,1
TXN-000148,43286.43,NETBANKING,500,98,8,3,0.639,0.623,0,0
TXN-000149,75024.4,UPI,2111,1178,8,5,0.144,0.429,1,1
TXN-000150,62543.48,UPI,2145,739,3,4,0.544,0.786,1,1
TXN-000151,70573.25,WALLET,1530,520,24,0,0.357,0.068,0,0
TXN-000152,110304.53,NETBANKING,547,91,12,4,0.339,0.643,0,0
TXN-000153,121743.5,UPI,1875,76,10,1,0.044,0.199,0,0
TXN-000154,77356.0,WALLET,1038,75,25,5,0.191,0.357,0,1
TXN-000155,119921.43,WALLET,1639,901,29,3,0.339,0.187,0,0
TXN-000156,77939.45,UPI,1739,162,14,4,0.995,0.18,0,1
TXN-000157,49255.19,NETBANKING,1256,914,20,5,0.426,0.69,0,1
TXN-000158,130518.57,NETBANKING,1782,563,21,0,0.075,0.638,0,0
TXN-000159,21502.64,WALLET,143,259,3,1,0.779,0.366,0,0
TXN-000160,101891.4,NETBANKING,1524,910,25,0,0.574,0.529,0,0
TXN-000161,37516.79,UPI,107,382,16,4,0.387,0.562,0,0
TXN-000162,32264.11,NETBANKING,2012,410,4,1,0.853,0.452,0,0
TXN-000163,145137.43,NETBANKING,1424,1454,3,4,0.542,0.891,0,0
TXN-000164,76362.49,UPI,824,285,8,3,0.026,0.554,0,0
TXN-000165,82791.88,UPI,270,634,13,5,0.719,0.526,0,1
TXN-000166,47622.45,UPI,1844,955,22,4,0.345,0.878,1,0
TXN-000167,19442.04,UPI,509,1062,5,2,0.165,0.323,0,0
TXN-000168,77882.78,NETBANKING,324,514,7,5,0.956,0.274,0,0
TXN-000169,25378.52,CARD,702,1350,20,5,0.902,0.338,1,0
TXN-000170,4353.19,UPI,2363,543,21,1,0.767,0.417,0,0
TXN-000171,81882.06,NETBANKING,1979,502,26,5,0.406,0.454,0,1
TXN-000172,72689.24,CARD,1394,1243,5,2,0.861,0.319,0,1
TXN-000173,55643.98,UPI,1308,496,15,0,0.267,0.248,0,1
TXN-000174,57684.06,WALLET,1017,328,27,2,0.934,0.721,0,1
TXN-000175,77257.25,WALLET,1264,1019,1,0,0.945,0.505,0,0
TXN-000176,7393.85,NETBANKING,2028,1224,29,5,0.673,0.286,0,0
TXN-000177,132380.11,NETBANKING,1652,750,2,3,0.051,0.562,0,1
TXN-000178,75687.9,NETBANKING,487,264,4,3,0.373,0.987,1,0
TXN-000179,29938.78,WALLET,2049,83,2,0,0.137,0.333,0,0
TXN-000180,133980.44,CARD,1344,1256,11,1,0.393,0.617,0,0
TXN-000181,76506.14,WALLET,2306,614,16,0,0.368,0.674,0,0
TXN-000182,108826.1,UPI,2445,972,9,5,0.783,0.776,1,1
TXN-000183,87570.14,CARD,2148,1289,24,4,0.775,0.38,0,1
TXN-000184,105108.08,CARD,78,904,11,3,0.151,0.691,0,0
TXN-000185,110402.01,UPI,566,1063,7,4,0.325,0.662,1,1
TXN-000186,26060.05,NETBANKING,2238,726,22,5,0.681,0.804,0,1
TXN-000187,37053.22,NETBANKING,922,610,25,2,0.705,0.69,0,0
TXN-000188,84117.09,NETBANKING,1179,250,19,5,0.543,0.896,0,0
TXN-000189,120711.91,NETBANKING,173,590,23,0,0.346,0.442,0,1
TXN-000190,124209.96,NETBANKING,2303,1426,9,1,0.109,0.741,0,1
TXN-000191,135787.11,CARD,954,108,4,3,0.33,0.472,0,0
TXN-000192,146688.82,CARD,1667,1338,30,3,0.477,0.199,0,1
TXN-000193,8968.47,UPI,2352,476,18,5,0.723,0.937,0,0
TXN-000194,26450.73,UPI,1627,1015,6,5,0.962,0.926,0,1
TXN-000195,90457.17,NETBANKING,1166,931,21,4,0.524,0.889,0,1
TXN-000196,121341.2,NETBANKING,666,1498,15,5,0.257,0.186,0,1
TXN-000197,113616.68,CARD,1661,876,17,2,0.087,0.669,0,1
TXN-000198,140380.23,UPI,1069,786,8,3,0.754,0.954,0,1
TXN-000199,53996.86,CARD,255,1368,4,3,0.307,0.405,1,0
TXN-000200,95842.83,NETBANKING,1506,1259,8,1,0.957,0.478,0,0
TXN-000201,82430.25,WALLET,2202,1361,27,1,0.762,0.68,1,1
TXN-000202,79273.15,NETBANKING,320,1156,4,0,0.829,0.903,0,1
TXN-000203,128187.45,WALLET,477,1394,7,5,0.583,0.091,1,0
TXN-000204,68069.5,WALLET,1872,1155,2,4,0.462,0.807,0,1
TXN-000205,552.02,CARD,2369,150,2,3,0.345,0.064,0,0
TXN-000206,70863.47,NETBANKING,1675,369,25,1,0.766,0.978,0,0
TXN-000207,57433.69,WALLET,1539,165,22,5,0.875,0.133,0,1
TXN-000208,80635.05,CARD,913,8,25,0,0.978,0.463,1,1
TXN-000209,123521.73,CARD,1887,709,5,2,0.188,0.875,0,0
TXN-000210,62944.17,UPI,986,423,3,0,0.594,0.446,0,0
TXN-000211,60399.58,CARD,2211,445,25,0,0.14,0.993,0,0
TXN-000212,115903.48,NETBANKING,971,619,29,1,0.986,0.521,0,1
TXN-000213,83552.05,CARD,1750,1139,16,0,0.972,0.942,0,0
TXN-000214,61298.05,NETBANKING,1542,377,25,4,0.474,0.849,0,0
TXN-000215,137219.7,WALLET,1707,1142,17,1,0.388,0.255,0,0
TXN-000216,127085.29,UPI,2194,1484,27,1,0.052,0.377,1,0
TXN-000217,28305.68,CARD,1964,428,28,2,0.303,0.909,0,0
TXN-000218,17685.7,WALLET,994,1425,20,5,0.205,0.915,1,0
TXN-000219,57161.2,NETBANKING,1264,536,12,4,0.883,0.466,0,0
TXN-000220,55668.67,WALLET,188,1153,28,1,0.741,0.016,1,1
TXN-000221,29509.15,CARD,1556,1167,27,1,0.499,0.655,0,0
TXN-000222,73344.3,WALLET,1888,345,24,2,0.169,0.72,0,0
TXN-000223,81366.31,UPI,2147,70,27,0,0.945,0.668,0,1
TXN-000224,94642.18,UPI,619,19,7,4,0.456,0.06,1,0
TXN-000225,2458.19,WALLET,49,35,17,5,0.275,0.977,0,0
TXN-000226,136475.03,UPI,395,1074,5,1,0.192,0.526,0,0
TXN-000227,11944.98,WALLET,1881,1158,8,5,0.226,0.684,0,1
TXN-000228,56951.68,WALLET,230,1305,1,5,0.171,0.5,0,0
TXN-000229,128708.25,UPI,2164,88,8,1,0.901,0.692,1,1
TXN-000230,138631.47,NETBANKING,2225,1155,22,0,0.179,0.85,0,0
TXN-000231,112862.95,WALLET,316,613,6,4,0.24,0.835,0,1
TXN-000232,110987.8,UPI,2052,709,2,0,0.437,0.839,0,0
TXN-000233,49023.86,NETBANKING,1846,1005,8,2,0.553,0.375,0,1
TXN-000234,92830.52,CARD,302,169,9,1,0.38,0.784,0,1
TXN-000235,16071.98,UPI,1263,911,12,2,0.102,0.087,0,0
TXN-000236,76914.88,UPI,108,184,12,4,0.093,0.598,0,1
TXN-000237,62130.13,UPI,2292,498,19,4,0.17,0.381,0,1
TXN-000238,74019.28,UPI,685,891,9,3,0.3,0.783,0,0
TXN-000239,108162.83,WALLET,2433,1263,7,3,0.107,0.305,0,0
TXN-000240,57045.5,NETBANKING,1804,686,14,5,0.974,0.136,0,0
TXN-000241,26727.83,WALLET,1308,597,24,5,0.633,0.968,0,1
TXN-000242,122492.53,WALLET,1496,234,30,4,0.2,0.997,0,0
TXN-000243,69297.17,CARD,1796,597,27,5,0.069,0.848,0,1
TXN-000244,45494.61,NETBANKING,632,1465,14,3,0.074,0.991,0,0
TXN-000245,138532.01,WALLET,2227,76,26,2,0.702,0.812,1,1
TXN-000246,37309.82,NETBANKING,682,1326,20,0,0.563,0.645,0,0
TXN-000247,64625.29,UPI,404,530,8,4,0.747,0.558,1,0
TXN-000248,58731.01,CARD,1413,51,16,0,0.295,0.921,0,0
TXN-000249,109549.59,NETBANKING,1278,703,15,1,0.521,0.348,0,0
TXN-000250,67921.83,UPI,1230,92,26,5,0.115,0.849,0,0
TXN-000251,111099.37,CARD,2261,328,11,4,0.426,0.462,0,1
TXN-000252,98630.46,WALLET,120,1258,29,1,0.45,0.43,0,1
TXN-000253,112873.59,UPI,2365,209,26,4,0.187,0.326,0,1
TXN-000254,129409.22,NETBANKING,2446,796,20,3,0.587,0.348,0,0
TXN-000255,105927.66,NETBANKING,2418,174,22,1,0.313,0.239,0,1
TXN-000256,21289.65,WALLET,1714,1222,5,4,0.384,0.186,1,0
TXN-000257,73497.34,CARD,767,645,27,3,0.619,0.866,0,1
TXN-000258,122300.87,WALLET,1676,1403,16,3,0.71,0.444,0,1
TXN-000259,119402.55,CARD,1197,67,9,1,0.538,0.168,0,0
TXN-000260,17070.33,UPI,1098,1113,27,2,0.542,0.757,0,0
TXN-000261,15452.22,CARD,1220,67,15,2,0.349,0.817,0,0
TXN-000262,35618.21,NETBANKING,2500,1296,14,1,0.616,0.785,0,0
TXN-000263,79888.89,CARD,1326,1442,10,2,0.573,0.952,1,1
TXN-000264,112539.11,WALLET,243,568,28,5,0.127,0.866,0,1
TXN-000265,124289.42,WALLET,2005,292,19,5,0.269,0.414,0,0
TXN-000266,132030.75,UPI,1651,1056,24,2,0.695,0.877,0,1
TXN-000267,470.72,UPI,1878,1301,22,5,0.358,0.063,1,1
TXN-000268,64503.5,CARD,2027,550,11,2,0.338,0.578,1,0
TXN-000269,134133.78,UPI,189,204,21,3,0.016,0.929,0,1
TXN-000270,148776.55,WALLET,829,1411,30,1,0.882,0.302,0,0
TXN-000271,37633.35,NETBANKING,678,107,13,5,0.306,0.699,0,0
TXN-000272,105584.34,UPI,875,977,3,1,0.594,0.519,0,1
TXN-000273,51601.77,UPI,1730,1422,5,3,0.071,0.383,0,0
TXN-000274,132160.25,CARD,1568,273,21,5,0.143,0.531,0,1
TXN-000275,108392.56,CARD,1687,1262,22,3,0.86,0.087,0,1
TXN-000276,88477.13,WALLET,1440,880,11,1,0.248,0.645,0,0
TXN-000277,103602.36,NETBANKING,842,1061,20,4,0.189,0.392,0,1
TXN-000278,17000.28,WALLET,2433,146,17,0,0.987,0.934,0,0
TXN-000279,85300.22,NETBANKING,2238,1399,6,3,0.954,0.77,0,1
TXN-000280,32439.87,UPI,1631,1038,10,5,0.713,0.767,0,1
TXN-000281,80531.07,CARD,1137,172,10,0,0.511,0.203,0,0
TXN-000282,95180.71,UPI,1271,1431,14,5,0.953,0.239,0,0
TXN-000283,17486.39,UPI,1267,1365,24,5,0.741,0.119,0,1
TXN-000284,142957.13,NETBANKING,684,762,5,5,0.781,0.269,0,1
TXN-000285,64455.75,UPI,1078,1459,19,5,0.077,0.455,0,0
TXN-000286,85076.23,NETBANKING,645,523,25,0,0.894,0.674,0,0
TXN-000287,485.02,UPI,1002,95,16,2,0.383,0.15,0,1
TXN-000288,37314.65,NETBANKING,1112,160,19,2,0.119,0.673,0,1
TXN-000289,77414.54,UPI,1643,142,29,3,0.866,0.774,0,1
TXN-000290,68566.25,NETBANKING,822,598,19,2,0.74,0.243,0,0
TXN-000291,116405.3,CARD,617,14,30,3,0.024,0.542,0,1
TXN-000292,98629.85,NETBANKING,426,421,17,1,0.42,0.961,0,1
TXN-000293,138199.03,WALLET,1526,939,24,0,0.581,0.505,0,0
TXN-000294,9436.2,CARD,970,598,9,2,0.926,0.393,0,0
TXN-000295,35118.32,CARD,558,1198,4,1,0.106,0.45,0,1
TXN-000296,53807.29,CARD,1852,632,15,2,0.852,0.09,0,1
TXN-000297,128500.33,CARD,374,1457,8,2,0.396,0.049,0,0
TXN-000298,26162.77,WALLET,1853,1139,24,4,0.25,0.462,0,1
TXN-000299,124572.81,CARD,536,406,27,3,0.372,0.63,0,0
TXN-000300,11340.58,UPI,810,1323,15,1,0.092,0.847,0,1
TXN-000301,69203.14,CARD,2351,888,27,5,0.395,0.029,0,1
TXN-000302,136254.8,NETBANKING,1147,914,29,1,0.035,0.619,0,0
TXN-000303,132428.51,WALLET,250,180,9,3,0.137,0.199,1,0
TXN-000304,120345.0,UPI,1567,1461,12,3,0.545,0.485,1,1
TXN-000305,27054.4,NETBANKING,2446,449,1,2,0.059,0.992,1,0
TXN-000306,149940.9,CARD,411,508,22,1,0.267,0.816,0,1
TXN-000307,147401.43,WALLET,1454,356,6,1,0.593,0.806,0,0
TXN-000308,52817.15,CARD,2307,386,27,3,0.542,0.176,0,1
TXN-000309,90289.25,UPI,2157,979,1,2,0.918,0.201,0,0
TXN-000310,137825.24,NETBANKING,244,45,5,4,0.705,0.142,0,0
TXN-000311,56101.26,WALLET,2401,207,11,2,0.323,0.976,0,0
TXN-000312,26212.98,NETBANKING,915,1364,19,1,0.378,0.734,0,0
TXN-000313,369.51,WALLET,2325,67,6,4,0.318,0.809,1,0
TXN-000314,15706.12,WALLET,577,679,24,0,0.238,0.982,0,0
TXN-000315,100536.68,NETBANKING,1830,24,9,1,0.25,0.068,0,0
TXN-000316,7317.3,WALLET,1719,341,29,3,0.493,0.379,1,1
TXN-000317,71975.44,CARD,667,925,3,0,0.295,0.319,0,0
TXN-000318,133200.9,CARD,308,1121,29,0,0.338,0.985,0,1
TXN-000319,98079.91,WALLET,644,110,4,2,0.206,0.19,1,0
TXN-000320,44680.36,UPI,204,805,19,4,0.84,0.154,0,1
TXN-000321,44252.96,WALLET,818,199,1,1,0.171,0.292,0,0
TXN-000322,46322.17,WALLET,1929,1002,29,5,0.265,0.642,0,0
TXN-000323,57278.63,CARD,1826,92,9,3,0.465,0.226,0,1
TXN-000324,104501.0,UPI,352,1369,12,4,0.414,0.756,0,0
TXN-000325,122778.94,WALLET,2194,1408,28,3,0.573,0.236,0,1
TXN-000326,128105.58,UPI,2057,1170,29,4,0.8,0.678,1,1
TXN-000327,113602.59,CARD,685,434,26,1,0.126,0.423,0,0
TXN-000328,94121.21,NETBANKING,1310,1490,30,0,0.087,0.556,1,0
TXN-000329,78001.26,UPI,2407,1071,26,3,0.113,0.15,1,0
TXN-000330,84446.3,UPI,1172,1097,29,2,0.878,0.264,0,1
TXN-000331,41384.58,CARD,2494,1395,23,3,0.039,0.89,0,1
TXN-000332,71335.21,NETBANKING,1526,42,11,2,0.311,0.843,0,1
TXN-000333,146135.49,WALLET,1315,552,24,3,0.605,0.089,0,0
TXN-000334,61134.84,WALLET,2116,766,27,0,0.515,0.159,0,1
TXN-000335,127709.17,UPI,712,395,29,1,0.837,0.249,0,0
TXN-000336,105724.63,NETBANKING,1509,951,17,3,0.635,0.124,0,1
TXN-000337,89147.13,CARD,1944,1202,18,2,0.344,0.838,0,1
TXN-000338,58046.19,CARD,2344,439,28,1,0.647,0.678,0,0
TXN-000339,129708.03,UPI,1942,271,21,1,0.601,0.008,0,0
TXN-000340,106434.29,NETBANKING,1736,772,28,2,0.459,0.218,0,1
TXN-000341,1201.4,NETBANKING,2300,1326,20,4,0.283,0.684,0,0
TXN-000342,41544.84,NETBANKING,1135,535,21,5,0.952,0.651,0,0
TXN-000343,36121.28,UPI,2458,828,22,2,0.681,0.721,0,1
TXN-000344,62843.0,WALLET,145,1195,23,4,0.816,0.343,0,0
TXN-000345,100813.08,NETBANKING,697,1347,29,4,0.181,0.098,0,0
TXN-000346,83898.85,CARD,1375,1341,3,1,0.355,0.744,0,0
TXN-000347,49764.44,NETBANKING,2399,603,15,0,0.471,0.866,1,0
TXN-000348,29262.12,UPI,1564,1086,10,3,0.054,0.854,0,0
TXN-000349,148080.02,WALLET,587,648,28,5,0.18,0.081,0,1
TXN-000350,8796.24,WALLET,1121,429,25,1,0.576,0.158,0,0
TXN-000351,95059.78,WALLET,1758,978,13,0,0.038,0.199,0,0
TXN-000352,113551.48,CARD,74,1386,1,5,0.734,0.226,0,1
TXN-000353,57594.22,NETBANKING,685,134,27,0,0.298,0.291,1,1
TXN-000354,103048.35,CARD,1404,1004,12,1,0.165,0.907,0,1
TXN-000355,109102.61,CARD,866,45,19,4,0.169,0.367,0,0
TXN-000356,38442.8,UPI,2433,99,22,0,0.654,0.02,0,0
TXN-000357,18626.9,NETBANKING,1944,1438,5,1,0.695,0.63,0,0
TXN-000358,99406.2,NETBANKING,2481,1436,5,3,0.831,0.105,1,1
TXN-000359,117735.53,WALLET,814,1248,7,2,0.831,0.973,0,1
TXN-000360,6006.92,WALLET,851,1410,30,3,0.331,0.003,0,0
TXN-000361,100386.39,CARD,369,1048,3,5,0.724,0.905,0,0
TXN-000362,44473.72,WALLET,206,205,27,1,0.874,0.852,0,1
TXN-000363,17473.57,UPI,40,284,22,5,0.171,0.358,0,0
TXN-000364,14033.4,NETBANKING,750,234,13,3,0.962,0.272,0,0
TXN-000365,97362.09,CARD,464,272,23,5,0.059,0.942,0,1
TXN-000366,88653.47,WALLET,743,1252,13,2,0.611,0.863,0,0
TXN-000367,17029.33,WALLET,1806,95,3,2,0.655,0.012,1,0
TXN-000368,100509.67,NETBANKING,2127,1072,23,5,0.618,0.433,0,1
TXN-000369,101476.71,WALLET,609,1144,29,4,0.055,0.643,0,0
TXN-000370,130425.4,UPI,2014,657,8,2,0.97,0.05,0,1
TXN-000371,35326.5,WALLET,1820,1174,15,0,0.857,0.447,0,0
TXN-000372,2763.59,WALLET,1689,74,18,4,0.0,0.091,1,0
TXN-000373,84393.65,WALLET,1397,745,27,0,0.817,0.844,0,0
TXN-000374,54557.85,WALLET,468,200,25,5,0.222,0.341,0,0
TXN-000375,6962.14,CARD,2017,288,27,5,0.743,0.409,0,1
TXN-000376,139539.42,WALLET,884,937,27,1,0.717,0.108,0,0
TXN-000377,125636.19,UPI,1846,937,22,4,0.956,0.135,0,1
TXN-000378,7380.88,WALLET,2397,990,30,4,0.781,0.91,1,0
TXN-000379,19344.43,WALLET,2460,1242,29,2,0.504,0.385,1,1
TXN-000380,144542.67,NETBANKING,1855,274,5,3,0.603,0.886,1,0
TXN-000381,82216.12,NETBANKING,2268,1296,7,1,0.21,0.714,0,0
TXN-000382,97547.95,CARD,2064,1112,23,5,0.322,0.115,0,0
TXN-000383,141406.78,WALLET,2187,586,29,3,0.808,0.523,0,1
TXN-000384,100571.1,CARD,1094,330,10,5,0.251,0.839,0,0
TXN-000385,4942.73,WALLET,420,1262,28,5,0.739,0.865,1,1
TXN-000386,117667.65,NETBANKING,193,782,13,3,0.957,0.976,0,1
TXN-000387,37776.04,WALLET,924,1298,23,5,0.648,0.755,1,0
TXN-000388,144647.04,NETBANKING,1839,364,22,0,0.187,0.174,1,1
TXN-000389,64333.32,NETBANKING,533,330,19,2,0.006,0.466,0,1
TXN-000390,48462.24,UPI,1234,1005,26,4,0.55,0.073,0,0
TXN-000391,78138.88,CARD,1704,1113,18,3,0.092,0.221,0,1
TXN-000392,44106.8,WALLET,2300,1330,1,0,0.669,0.446,1,0
TXN-000393,102414.45,NETBANKING,1563,233,13,2,0.54,0.283,1,1
TXN-000394,76359.47,WALLET,180,608,29,5,0.193,0.514,0,0
TXN-000395,116020.45,UPI,269,432,22,5,0.774,0.865,0,1
TXN-000396,124329.43,WALLET,296,1406,5,0,0.459,0.332,0,1
TXN-000397,119152.8,UPI,2356,467,30,2,0.408,0.451,0,1
TXN-000398,58486.33,UPI,2191,13,21,5,0.618,0.756,1,1
TXN-000399,10981.16,UPI,1188,1405,10,4,0.087,0.765,0,0
TXN-000400,99142.4,WALLET,641,1093,8,1,0.747,0.797,1,0
TXN-000401,21696.92,NETBANKING,46,1134,28,4,0.141,0.042,1,0
TXN-000402,142052.21,NETBANKING,861,1487,12,1,0.413,0.646,1,1
TXN-000403,33196.12,NETBANKING,796,235,6,5,0.8,0.852,1,1
TXN-000404,11064.37,UPI,1027,202,7,5,0.581,0.952,0,0
TXN-000405,35256.47,NETBANKING,286,397,11,3,0.451,0.616,0,0
TXN-000406,54737.57,NETBANKING,1755,346,1,2,0.246,0.222,0,0
TXN-000407,20232.44,NETBANKING,1966,948,15,2,0.775,0.487,0,0
TXN-000408,12387.86,NETBANKING,574,1104,7,2,0.734,0.627,0,0
TXN-000409,94780.81,WALLET,2417,436,30,0,0.552,0.543,1,0
TXN-000410,22380.08,WALLET,915,1208,24,2,0.134,0.501,0,1
TXN-000411,1687.69,CARD,680,1053,5,3,0.159,0.566,1,0
TXN-000412,72577.16,NETBANKING,166,449,25,3,0.232,0.264,0,0
TXN-000413,77731.0,NETBANKING,1590,962,30,3,0.882,0.04,0,0
TXN-000414,78253.8,NETBANKING,1079,1186,18,4,0.174,0.654,0,0
TXN-000415,56511.68,CARD,2116,832,12,2,0.487,0.482,1,1
TXN-000416,20931.35,CARD,943,158,17,5,0.281,0.15,0,0
TXN-000417,122561.57,CARD,1699,677,24,0,0.482,0.479,0,0
TXN-000418,61693.79,CARD,177,262,19,4,0.161,0.63,0,1
TXN-000419,38813.12,CARD,2117,831,20,4,0.638,0.879,0,1
TXN-000420,91018.23,WALLET,1973,350,8,3,0.601,0.795,0,1
TXN-000421,102870.12,WALLET,2444,1210,3,1,0.378,0.132,0,0
TXN-000422,136409.95,WALLET,613,1241,4,1,0.476,0.615,0,1
TXN-000423,98942.95,UPI,1768,1070,14,2,0.875,0.698,0,0
TXN-000424,72370.3,WALLET,1436,1207,26,5,0.908,0.837,1,1
TXN-000425,38252.25,CARD,344,581,20,4,0.409,0.189,0,0
TXN-000426,56316.98,CARD,1294,838,12,0,0.155,0.652,0,0
TXN-000427,63591.88,NETBANKING,1129,1394,13,1,0.413,0.784,0,0
TXN-000428,83281.21,NETBANKING,1257,1184,12,5,0.398,0.138,0,0
TXN-000429,104926.79,CARD,411,440,17,3,0.786,0.801,1,1
TXN-000430,144689.08,UPI,374,298,16,4,0.435,0.064,0,1
TXN-000431,5759.53,WALLET,1642,1258,21,4,0.286,0.964,0,0
TXN-000432,65901.91,CARD,2123,586,7,0,0.784,0.511,0,0
TXN-000433,54025.03,UPI,645,178,9,3,0.353,0.395,1,0
TXN-000434,110565.14,UPI,370,1126,10,5,0.83,0.915,0,0
TXN-000435,41548.53,CARD,1863,828,19,0,0.261,0.407,0,0
TXN-000436,51060.89,UPI,2103,528,29,4,0.813,0.575,0,1
TXN-000437,115518.08,NETBANKING,1880,1396,15,4,0.862,0.482,0,1
TXN-000438,118319.54,CARD,942,647,14,2,0.517,0.01,0,1
TXN-000439,59899.7,NETBANKING,312,1136,30,1,0.477,0.354,1,1
TXN-000440,111948.82,CARD,2044,409,8,5,0.242,0.265,0,0
TXN-000441,125466.57,NETBANKING,639,219,4,0,0.676,0.663,1,0
TXN-000442,81266.95,UPI,1976,761,20,2,0.492,0.985,1,1
TXN-000443,147660.76,NETBANKING,1630,455,25,4,0.128,0.526,0,0
TXN-000444,4981.14,NETBANKING,1613,1406,25,1,0.457,0.12,1,1
TXN-000445,1361.95,CARD,1555,1190,4,2,0.362,0.862,0,1
TXN-000446,70754.67,NETBANKING,1499,377,16,3,0.211,0.701,0,0
TXN-000447,42016.47,CARD,2341,269,19,5,0.229,0.1,0,0
TXN-000448,128460.68,CARD,598,307,16,0,0.177,0.5,1,0
TXN-000449,45075.12,UPI,1632,203,23,1,0.06,0.814,0,0
TXN-000450,50265.02,NETBANKING,1476,1148,18,2,0.344,0.412,0,0
TXN-000451,97514.84,CARD,1166,728,11,5,0.51,0.775,0,1
TXN-000452,43049.88,CARD,687,1312,26,2,0.422,0.612,0,1
TXN-000453,51609.46,NETBANKING,1298,1338,10,5,0.267,0.645,0,0
TXN-000454,140821.6,WALLET,1696,343,6,0,0.125,0.235,0,1
TXN-000455,59617.13,UPI,262,970,18,0,0.026,0.397,0,1
TXN-000456,23375.63,WALLET,1268,470,8,5,0.284,0.626,0,1
TXN-000457,99566.02,NETBANKING,1951,957,28,4,0.935,0.549,0,0
TXN-000458,68535.86,WALLET,2145,1311,21,4,0.31,0.347,1,0
TXN-000459,66334.86,NETBANKING,1689,533,5,2,0.011,0.523,0,1
TXN-000460,80311.32,WALLET,1955,614,1,3,0.798,0.597,0,1
TXN-000461,132336.09,WALLET,1617,512,6,5,0.737,0.39,0,1
TXN-000462,63393.68,CARD,2117,1256,26,5,0.685,0.285,1,1
TXN-000463,128036.96,CARD,560,594,4,5,0.455,0.453,1,1
TXN-000464,3007.37,UPI,2192,46,6,0,0.282,0.125,0,0
TXN-000465,22687.49,WALLET,890,701,14,2,0.786,0.498,0,0
TXN-000466,4857.39,UPI,599,115,9,3,0.071,0.47,0,0
TXN-000467,124254.98,UPI,1020,789,25,3,0.247,0.995,0,1
TXN-000468,14184.65,CARD,1937,797,22,2,0.936,0.159,0,1
TXN-000469,95814.15,CARD,1477,107,28,5,0.218,0.113,0,1
TXN-000470,119179.12,UPI,1622,498,1,0,0.581,0.691,1,1
TXN-000471,13513.04,CARD,2048,188,22,4,0.338,0.97,0,1
TXN-000472,23172.37,UPI,516,1000,8,2,0.982,0.789,0,0
TXN-000473,3300.79,WALLET,1468,1484,5,2,0.899,0.485,0,0
TXN-000474,73564.79,CARD,2227,713,11,5,0.468,0.868,1,1
TXN-000475,23338.32,NETBANKING,1079,1110,12,3,0.001,0.638,0,0
TXN-000476,92998.22,NETBANKING,979,657,24,0,0.658,0.539,0,0
TXN-000477,74682.62,CARD,1160,661,14,5,0.322,0.096,0,0
TXN-000478,19553.16,UPI,828,220,16,1,0.099,0.571,0,0
TXN-000479,105226.97,NETBANKING,202,751,8,4,0.718,0.013,0,0
TXN-000480,124828.45,WALLET,249,740,18,5,0.938,0.416,0,0
TXN-000481,39945.76,UPI,289,623,3,1,0.961,0.097,0,1
TXN-000482,78976.18,CARD,2335,1281,6,4,0.749,0.415,0,0
TXN-000483,105412.31,WALLET,427,342,26,1,0.55,0.505,0,0
TXN-000484,135382.5,NETBANKING,1523,845,25,5,0.431,0.726,1,1
TXN-000485,32167.83,NETBANKING,1475,927,15,3,0.0,0.035,0,0
TXN-000486,149012.46,NETBANKING,27,616,8,1,0.856,0.022,0,1
TXN-000487,69109.43,CARD,567,543,12,4,0.25,0.256,0,0
TXN-000488,85402.83,CARD,317,1482,11,3,0.173,0.826,1,1
TXN-000489,45128.95,WALLET,322,115,30,2,0.348,0.817,0,0
TXN-000490,34084.98,UPI,1567,111,10,4,0.041,0.54,0,0
TXN-000491,33197.5,UPI,1610,913,25,4,0.575,0.09,0,0
TXN-000492,22287.06,NETBANKING,339,975,19,5,0.049,0.399,0,0
TXN-000493,116096.39,CARD,553,985,18,1,0.488,0.652,0,1
TXN-000494,40011.94,WALLET,1325,1403,30,4,0.09,0.672,0,0
TXN-000495,48178.68,UPI,1249,347,12,4,0.822,0.803,1,1
TXN-000496,138639.56,CARD,818,1404,12,1,0.758,0.853,0,1
TXN-000497,93188.27,CARD,1179,29,11,5,0.804,0.305,0,1
TXN-000498,111027.95,CARD,835,1120,17,2,0.549,0.623,0,1
TXN-000499,135915.44,UPI,1047,349,2,2,0.201,0.697,0,0
TXN-000500,141781.95,UPI,1592,1353,9,5,0.852,0.66,0,1
TXN-000501,132522.01,WALLET,947,780,17,5,0.1,0.315,1,1
TXN-000502,75147.56,WALLET,2297,1460,1,0,0.247,0.529,0,0
TXN-000503,23635.09,NETBANKING,1442,728,21,2,0.236,0.978,1,0
TXN-000504,93906.28,WALLET,121,1137,9,1,0.152,0.897,0,0
TXN-000505,78155.6,CARD,1710,493,19,1,0.426,0.312,1,1
TXN-000506,19852.64,CARD,2380,1109,22,1,0.863,0.309,1,1
TXN-000507,136359.41,CARD,2314,324,11,0,0.557,0.949,0,1
TXN-000508,131957.75,UPI,1306,848,14,2,0.443,0.934,0,0
TXN-000509,16105.04,CARD,108,1254,20,2,0.606,0.612,1,1
TXN-000510,4010.07,UPI,1953,275,17,4,0.469,0.65,0,0
TXN-000511,20713.16,CARD,927,67,14,0,0.925,0.95,0,0
TXN-000512,10013.84,WALLET,2007,1409,11,3,0.888,0.428,0,0
TXN-000513,59183.19,UPI,2133,224,15,3,0.827,0.042,0,0
TXN-000514,5983.82,WALLET,2115,1292,2,1,0.291,0.398,0,0
TXN-000515,63427.08,UPI,2118,292,15,5,0.452,0.723,0,0
TXN-000516,140682.58,CARD,1611,847,11,3,0.025,0.454,0,1
TXN-000517,48678.81,CARD,507,187,4,5,0.449,0.363,1,0
TXN-000518,146281.19,CARD,1552,1128,13,0,0.768,0.912,1,1
TXN-000519,21776.65,UPI,1719,631,10,5,0.769,0.446,0,0
TXN-000520,144069.04,UPI,1037,26,15,3,0.855,0.544,0,1
TXN-000521,88370.46,WALLET,1859,840,15,0,0.601,0.007,1,0
TXN-000522,83676.54,CARD,201,379,5,0,0.653,0.037,0,0
TXN-000523,13246.63,UPI,1708,366,6,5,0.284,0.661,1,0
TXN-000524,112425.29,NETBANKING,147,191,25,2,0.323,0.898,0,0
TXN-000525,9832.39,WALLET,552,250,23,2,0.329,0.414,0,0
TXN-000526,16484.4,UPI,1982,1483,23,4,0.934,0.986,0,1
TXN-000527,47541.63,NETBANKING,532,1259,19,3,0.52,0.632,0,0
TXN-000528,34984.97,NETBANKING,793,4,4,0,0.465,0.797,0,0
TXN-000529,50135.46,CARD,47,1312,7,5,0.282,0.79,0,1
TXN-000530,48656.18,UPI,467,1405,11,2,0.396,0.569,0,0
TXN-000531,125090.41,WALLET,1944,73,21,1,0.481,0.627,1,1
TXN-000532,122143.58,UPI,2135,614,19,5,0.678,0.555,0,1
TXN-000533,49824.72,NETBANKING,272,306,9,0,0.339,0.375,1,0
TXN-000534,58495.98,UPI,1263,1445,28,2,0.71,0.271,0,0
TXN-000535,55800.38,NETBANKING,886,1076,10,1,0.112,0.785,0,0
TXN-000536,3837.72,WALLET,2049,316,7,2,0.924,0.732,1,0
TXN-000537,21579.93,UPI,2115,1386,5,1,0.725,0.459,1,1
TXN-000538,139857.37,UPI,1366,957,29,0,0.103,0.766,0,1
TXN-000539,46890.22,CARD,1315,411,7,2,0.277,0.319,0,0
TXN-000540,23708.65,UPI,63,1276,18,4,0.102,0.543,1,1
TXN-000541,141497.35,NETBANKING,2352,502,6,0,0.311,0.892,1,1
TXN-000542,4446.0,UPI,434,786,2,0,0.426,0.179,1,0
TXN-000543,46934.85,CARD,2186,161,30,3,0.568,0.093,0,0
TXN-000544,102703.25,WALLET,1928,475,8,1,0.861,0.617,0,1
TXN-000545,137597.94,NETBANKING,1331,929,16,0,0.065,0.113,0,0
TXN-000546,42410.38,NETBANKING,2476,1177,5,4,0.103,0.818,0,0
TXN-000547,10731.51,NETBANKING,2183,945,13,4,0.413,0.621,1,0
TXN-000548,57634.09,NETBANKING,853,1422,19,3,0.784,0.435,0,1
TXN-000549,100473.82,WALLET,469,1213,20,3,0.325,0.098,0,1
TXN-000550,60928.48,UPI,2443,777,11,3,0.645,0.061,0,0
TXN-000551,135498.08,UPI,601,1354,5,3,0.531,0.39,1,1
TXN-000552,102259.37,NETBANKING,1228,1168,26,5,0.305,0.943,0,0
TXN-000553,87450.77,WALLET,523,603,2,2,0.901,0.968,0,1
TXN-000554,42403.17,UPI,964,885,23,4,0.394,0.318,0,0
TXN-000555,81813.31,CARD,1946,285,7,4,0.385,0.924,0,1
TXN-000556,130923.08,CARD,551,24,3,5,0.016,0.721,0,0
TXN-000557,20452.78,CARD,1704,934,29,5,0.604,0.426,0,0
TXN-000558,82852.3,WALLET,1576,728,8,1,0.425,0.007,0,0
TXN-000559,40460.64,NETBANKING,138,78,19,3,0.705,0.113,0,1
TXN-000560,109720.85,NETBANKING,1905,1059,3,4,0.89,0.088,0,0
TXN-000561,80925.66,NETBANKING,217,704,18,0,0.469,0.513,0,0
TXN-000562,144091.14,NETBANKING,1185,344,2,5,0.923,0.749,1,1
TXN-000563,71026.76,CARD,2347,106,22,2,0.809,0.624,0,1
TXN-000564,75888.86,NETBANKING,1033,272,20,2,0.275,0.257,0,0
TXN-000565,110871.19,WALLET,1515,360,9,5,0.236,0.181,1,1
TXN-000566,12751.78,CARD,2440,316,27,3,0.753,0.413,0,0
TXN-000567,108927.26,CARD,864,1184,24,2,0.054,0.264,0,1
TXN-000568,59871.85,NETBANKING,1951,1091,8,3,0.684,0.39,0,0
TXN-000569,65266.68,NETBANKING,1839,783,22,2,0.962,0.683,0,0
TXN-000570,95649.88,WALLET,1117,687,9,2,0.802,0.255,1,1
TXN-000571,101326.14,CARD,2412,400,17,2,0.678,0.993,0,1
TXN-000572,124770.26,UPI,1685,201,17,0,0.685,0.352,0,1
TXN-000573,3652.7,UPI,233,1217,22,1,0.95,0.638,0,0
TXN-000574,19573.1,CARD,455,1425,6,2,0.295,0.66,0,0
TXN-000575,41529.9,WALLET,1325,528,6,0,0.277,0.062,0,0
TXN-000576,38809.97,NETBANKING,729,903,3,3,0.979,0.201,0,0
TXN-000577,16353.73,WALLET,895,1258,21,0,0.913,0.715,0,1
TXN-000578,85744.55,NETBANKING,1827,39,29,3,0.149,0.64,0,1
TXN-000579,105038.27,WALLET,2354,8,17,5,0.94,0.491,0,0
TXN-000580,117162.46,UPI,2213,463,1,3,0.954,0.818,0,1
TXN-000581,140262.82,NETBANKING,1366,1397,10,3,0.055,0.997,0,1
TXN-000582,144142.74,UPI,1883,594,21,1,0.177,0.039,0,1
TXN-000583,58576.7,UPI,1472,997,3,5,0.438,0.189,0,1
TXN-000584,149457.9,CARD,2004,797,3,4,0.643,0.5,0,1
TXN-000585,8502.56,UPI,1661,243,7,5,0.667,0.458,1,0
TXN-000586,35024.55,UPI,152,290,16,5,0.019,0.907,1,1
TXN-000587,97353.08,UPI,706,1296,2,2,0.821,0.097,1,0
TXN-000588,9687.25,UPI,468,1019,20,4,0.221,0.804,0,0
TXN-000589,147330.69,WALLET,1329,248,22,4,0.546,0.322,0,0
TXN-000590,50392.01,UPI,1122,290,25,3,0.168,0.37,0,1
TXN-000591,87339.67,CARD,410,1295,20,3,0.778,0.016,0,1
TXN-000592,26993.99,UPI,2432,582,14,5,0.807,0.773,0,1
TXN-000593,40715.37,WALLET,1688,490,6,4,0.692,0.596,0,0
TXN-000594,117409.2,NETBANKING,1716,10,18,1,0.192,0.987,0,0
TXN-000595,148018.64,CARD,1902,1283,22,1,0.276,0.194,0,1
TXN-000596,24047.96,UPI,222,1321,12,2,0.21,0.251,1,1
TXN-000597,111088.49,CARD,648,60,16,4,0.116,0.895,0,1
TXN-000598,112088.3,NETBANKING,943,226,11,1,0.098,0.738,0,0
TXN-000599,11122.1,WALLET,223,893,5,1,0.928,0.455,0,1
TXN-000600,108001.2,NETBANKING,1105,415,11,1,0.032,0.569,0,1
TXN-000601,69883.59,WALLET,702,704,8,2,0.604,0.79,1,1
TXN-000602,82958.07,CARD,355,844,28,4,0.489,0.996,1,1
TXN-000603,41947.71,WALLET,1011,508,11,3,0.579,0.892,1,0
TXN-000604,134747.94,WALLET,182,83,16,5,0.769,0.034,1,1
TXN-000605,119722.83,UPI,1854,1015,8,0,0.558,0.012,0,1
TXN-000606,44438.99,UPI,66,983,22,2,0.162,0.459,1,0
TXN-000607,69617.72,CARD,1661,379,26,2,0.627,0.704,0,1
TXN-000608,103643.52,UPI,1215,873,25,2,0.698,0.613,1,0
TXN-000609,12235.76,NETBANKING,225,1055,30,5,0.364,0.052,0,0
TXN-000610,6227.06,NETBANKING,718,1328,18,5,0.067,0.709,0,0
TXN-000611,35871.04,UPI,1960,1189,28,5,0.21,0.745,0,0
TXN-000612,40176.94,WALLET,1136,112,3,2,0.345,0.486,1,0
TXN-000613,79832.48,NETBANKING,1852,1272,12,5,0.945,0.809,0,0
TXN-000614,68735.33,UPI,1601,367,10,0,0.109,0.276,0,1
TXN-000615,30718.0,UPI,1201,854,22,4,0.932,0.474,0,0
TXN-000616,3320.2,CARD,258,46,28,1,0.835,0.52,0,0
TXN-000617,98398.5,NETBANKING,1992,1216,22,5,0.53,0.548,0,0
TXN-000618,134752.46,NETBANKING,704,533,8,3,0.372,0.288,0,1
TXN-000619,68443.39,CARD,659,1458,18,2,0.182,0.175,0,1
TXN-000620,6268.6,NETBANKING,2354,260,15,2,0.37,0.205,0,0
TXN-000621,22276.84,WALLET,2212,333,18,2,0.121,0.025,0,0
TXN-000622,139178.91,CARD,18,1119,17,2,0.647,0.296,0,0
TXN-000623,109308.71,WALLET,1388,1412,4,5,0.479,0.04,1,1
TXN-000624,60304.33,CARD,1827,732,3,2,0.055,0.641,1,0
TXN-000625,115087.56,CARD,93,172,18,3,0.677,0.958,1,1
TXN-000626,47731.9,UPI,1479,815,5,5,0.854,0.37,0,1
TXN-000627,52768.12,WALLET,2298,180,7,5,0.888,0.742,0,1
TXN-000628,120870.35,WALLET,1697,286,27,4,0.598,0.144,0,0
TXN-000629,78842.63,NETBANKING,271,1210,25,3,0.088,0.409,0,1
TXN-000630,69371.78,CARD,817,381,27,3,0.289,0.491,0,1
TXN-000631,111004.42,CARD,110,6,5,2,0.3,0.641,0,0
TXN-000632,133913.71,WALLET,735,1008,30,5,0.645,0.028,0,0
TXN-000633,10102.05,NETBANKING,2381,985,19,3,0.868,0.628,0,1
TXN-000634,109970.29,UPI,1064,334,19,0,0.146,0.461,0,1
TXN-000635,40973.29,WALLET,1459,100,10,2,0.53,0.936,1,0
TXN-000636,27568.8,UPI,2453,343,18,2,0.872,0.827,0,0
TXN-000637,103283.16,UPI,2189,1188,12,1,0.013,0.518,0,0
TXN-000638,138144.02,CARD,420,447,5,4,0.221,0.188,1,1
TXN-000639,137413.07,UPI,538,36,16,2,0.312,0.363,0,1
TXN-000640,45772.17,UPI,911,264,28,5,0.142,0.227,0,1
TXN-000641,11882.88,UPI,319,39,25,3,0.757,0.043,0,0
TXN-000642,77070.53,UPI,1922,244,30,2,0.043,0.302,0,0
TXN-000643,138022.7,CARD,2407,410,6,5,0.352,0.091,0,1
TXN-000644,128285.2,CARD,2069,1168,3,0,0.82,0.763,1,1
TXN-000645,144643.14,CARD,2201,9,24,0,0.924,0.92,0,1
TXN-000646,27850.35,UPI,741,727,13,3,0.214,0.228,0,1
TXN-000647,16636.39,CARD,2031,740,23,2,0.557,0.041,0,1
TXN-000648,42613.36,NETBANKING,1819,463,18,3,0.291,0.855,0,0
TXN-000649,120385.22,NETBANKING,735,27,22,3,0.672,0.396,1,1
TXN-000650,59282.24,UPI,692,133,12,1,0.339,0.595,0,0
TXN-000651,63763.16,WALLET,1141,1462,25,4,0.594,0.756,0,1
TXN-000652,90514.5,WALLET,1985,1048,9,1,0.768,0.108,0,0
TXN-000653,94292.82,CARD,122,204,24,0,0.83,0.498,0,1
TXN-000654,101912.73,CARD,1241,1274,20,0,0.76,0.661,1,1
TXN-000655,30369.57,WALLET,2009,1034,9,4,0.344,0.86,1,0
TXN-000656,4836.62,WALLET,488,786,15,2,0.853,0.443,0,1
TXN-000657,98945.71,NETBANKING,673,1007,14,1,0.312,0.389,0,0
TXN-000658,102837.59,WALLET,1950,1152,28,1,0.507,0.391,0,0
TXN-000659,52979.29,NETBANKING,1313,126,1,4,0.045,0.837,0,0
TXN-000660,93810.43,WALLET,399,877,12,2,0.412,0.056,0,1
TXN-000661,46883.72,UPI,269,625,4,2,0.17,0.538,0,0
TXN-000662,63428.71,WALLET,1093,42,23,3,0.588,0.986,0,1
TXN-000663,14749.08,WALLET,410,1415,22,1,0.336,0.503,0,0
TXN-000664,54563.81,WALLET,827,1018,21,0,0.84,0.536,0,1
TXN-000665,149434.53,WALLET,926,1280,24,0,0.718,0.578,1,1
TXN-000666,85007.6,WALLET,1750,430,12,0,0.652,0.302,0,0
TXN-000667,47071.61,WALLET,1648,515,20,4,0.453,0.763,0,0
TXN-000668,77481.99,CARD,2363,1023,7,5,0.962,0.742,0,0
TXN-000669,79954.63,WALLET,2319,1489,21,0,0.522,0.364,0,1
TXN-000670,102827.46,NETBANKING,1784,841,11,0,0.634,0.846,0,0
TXN-000671,38541.35,CARD,1663,489,4,1,0.192,0.246,0,0
TXN-000672,148694.84,WALLET,152,414,6,2,0.136,0.258,0,0
TXN-000673,6430.63,WALLET,82,114,28,0,0.314,0.298,0,0
TXN-000674,100783.64,UPI,1626,1484,27,1,0.236,0.571,1,1
TXN-000675,124364.34,NETBANKING,2034,185,8,4,0.122,0.807,0,0
TXN-000676,111619.45,WALLET,893,296,4,1,0.214,0.275,0,0
TXN-000677,8483.22,NETBANKING,463,649,18,3,0.475,0.246,0,0
TXN-000678,107379.12,NETBANKING,87,1322,29,4,0.035,0.739,0,1
TXN-000679,57765.06,NETBANKING,500,1096,28,1,0.858,0.388,0,1
TXN-000680,140454.73,CARD,1219,431,28,1,0.916,0.631,0,1
TXN-000681,12106.17,WALLET,1930,846,30,2,0.717,0.877,0,0
TXN-000682,75999.54,NETBANKING,1724,1234,24,4,0.738,0.453,0,0
TXN-000683,27642.57,WALLET,558,7,13,1,0.628,0.314,0,1
TXN-000684,77503.25,CARD,2434,1405,14,2,0.451,0.874,0,1
TXN-000685,88993.76,NETBANKING,1155,407,3,3,0.368,0.393,0,1
TXN-000686,3543.22,CARD,365,948,7,2,0.701,0.169,0,0
TXN-000687,22472.76,NETBANKING,697,1162,4,0,0.719,0.435,0,0
TXN-000688,107063.2,CARD,1091,590,24,3,0.382,0.431,0,0
TXN-000689,42516.79,CARD,1714,370,14,1,0.029,0.976,0,0
TXN-000690,55508.7,WALLET,352,22,16,1,0.871,0.974,0,0
TXN-000691,106297.13,NETBANKING,300,196,18,0,0.052,0.931,0,0
TXN-000692,140904.36,UPI,22,520,17,4,0.381,0.978,0,0
TXN-000693,83978.1,CARD,1067,348,17,3,0.93,0.878,0,1
TXN-000694,79610.53,CARD,1067,240,11,0,0.979,0.499,0,0
TXN-000695,42510.53,NETBANKING,1081,1059,11,3,0.893,0.316,0,0
TXN-000696,138435.64,WALLET,218,387,5,0,0.23,0.036,0,0
TXN-000697,65520.84,WALLET,168,905,12,5,0.561,0.458,0,1
TXN-000698,14127.32,NETBANKING,740,345,24,4,0.823,0.563,1,0
TXN-000699,145746.94,CARD,1706,158,8,3,0.677,0.887,0,0
TXN-000700,102127.85,WALLET,1531,1210,30,0,0.837,0.154,0,0
TXN-000701,98964.94,WALLET,1104,1217,22,0,0.329,0.044,1,1
TXN-000702,109758.63,CARD,866,100,26,5,0.283,0.798,0,1
TXN-000703,38349.07,CARD,1634,183,1,1,0.163,0.779,0,1
TXN-000704,73677.68,WALLET,1271,1403,20,1,0.359,0.096,0,0
TXN-000705,132823.41,WALLET,1100,1154,20,3,0.09,0.423,0,1
TXN-000706,63959.96,UPI,2103,700,15,5,0.224,0.686,0,0
TXN-000707,97119.09,UPI,1191,959,14,0,0.907,0.478,0,0
TXN-000708,45131.26,CARD,2143,876,10,4,0.048,0.077,0,0
TXN-000709,62011.61,WALLET,2329,519,12,2,0.586,0.769,0,0
TXN-000710,69485.55,CARD,1610,93,3,3,0.877,0.298,1,0
TXN-000711,67547.19,NETBANKING,1399,384,7,1,0.078,0.982,0,0
TXN-000712,2785.49,WALLET,478,28,6,5,0.477,0.692,1,1
TXN-000713,121988.56,NETBANKING,1618,620,3,1,0.135,0.191,0,0
TXN-000714,31463.5,CARD,991,893,27,5,0.858,0.539,0,0
TXN-000715,22310.03,WALLET,90,239,6,1,0.739,0.445,0,1
TXN-000716,67482.49,CARD,825,604,19,3,0.051,0.008,0,0
TXN-000717,110588.04,NETBANKING,152,999,13,3,0.513,0.725,0,0
TXN-000718,79293.49,WALLET,2361,647,18,0,0.268,0.648,0,0
TXN-000719,140850.77,NETBANKING,1837,1429,14,0,0.161,0.726,0,0
TXN-000720,76194.63,NETBANKING,2467,1465,22,3,0.131,0.293,0,0
TXN-000721,100998.78,NETBANKING,1935,332,20,1,0.282,0.749,0,1
TXN-000722,23531.48,WALLET,414,852,16,2,0.235,0.557,0,0
TXN-000723,53620.88,CARD,716,1032,2,0,0.338,0.114,0,0
TXN-000724,73006.16,NETBANKING,1456,96,25,4,0.267,0.151,1,0
TXN-000725,139002.15,WALLET,1873,228,4,4,0.61,0.858,0,1
TXN-000726,25140.24,UPI,842,741,6,5,0.292,0.442,1,0
TXN-000727,14984.21,NETBANKING,1371,283,4,1,0.439,0.416,0,0
TXN-000728,71102.13,NETBANKING,2069,351,3,2,0.372,0.755,0,1
TXN-000729,113050.72,WALLET,935,283,26,3,0.413,0.409,0,0
TXN-000730,66442.55,UPI,2120,143,3,2,0.315,0.982,0,1
TXN-000731,113902.94,CARD,2354,119,21,5,0.799,0.876,0,1
TXN-000732,102162.51,NETBANKING,1285,705,1,2,0.9,0.61,0,1
TXN-000733,30849.52,WALLET,1415,1329,13,1,0.881,0.084,1,0
TXN-000734,107860.19,CARD,2132,1108,10,1,0.093,0.552,1,0
TXN-000735,24088.1,UPI,2212,1214,9,1,0.832,0.304,0,0
TXN-000736,126253.36,NETBANKING,2079,726,4,0,0.757,0.941,0,1
TXN-000737,881.49,NETBANKING,968,1192,19,5,0.894,0.628,1,1
TXN-000738,42751.87,CARD,1547,1065,24,1,0.105,0.516,0,0
TXN-000739,22068.33,WALLET,1688,168,3,0,0.425,0.13,0,1
TXN-000740,101555.68,WALLET,2410,1145,17,3,0.872,0.584,0,1
TXN-000741,142178.22,WALLET,668,296,17,1,0.485,0.458,1,0
TXN-000742,68369.31,UPI,643,1145,12,0,0.602,0.409,0,0
TXN-000743,6138.29,CARD,483,761,10,2,0.303,0.486,0,0
TXN-000744,63321.37,NETBANKING,1162,442,6,5,0.489,0.122,0,0
TXN-000745,62694.52,NETBANKING,2318,927,29,2,0.781,0.475,1,0
TXN-000746,75764.1,WALLET,1843,1367,15,1,0.866,0.325,1,1
TXN-000747,135046.64,NETBANKING,2216,94,22,3,0.736,0.646,0,1
TXN-000748,119444.2,NETBANKING,2299,1322,4,5,0.559,0.192,1,0
TXN-000749,78310.89,WALLET,2059,39,4,5,0.936,0.18,0,0
TXN-000750,36868.48,WALLET,347,1093,20,2,0.402,0.045,0,0
TXN-000751,62298.97,NETBANKING,1565,527,3,0,0.98,0.542,0,1
TXN-000752,115268.87,CARD,1257,835,22,1,0.059,0.961,0,0
TXN-000753,44773.85,UPI,1311,292,14,2,0.258,0.942,0,1
TXN-000754,112844.85,CARD,2020,1042,25,4,0.385,0.115,0,1
TXN-000755,61120.76,WALLET,119,835,21,1,0.914,0.019,1,1
TXN-000756,83250.65,CARD,1248,1164,14,3,0.084,0.636,0,0
TXN-000757,147797.78,CARD,2202,868,30,4,0.452,0.001,0,0
TXN-000758,25190.51,UPI,1976,560,20,2,0.839,0.38,0,0
TXN-000759,76598.23,UPI,662,1094,19,0,0.301,0.395,0,0
TXN-000760,149823.31,WALLET,864,1251,17,2,0.884,0.945,0,1
TXN-000761,99375.33,NETBANKING,1400,432,15,4,0.328,0.914,0,0
TXN-000762,741.46,UPI,711,847,18,5,0.703,0.762,1,0
TXN-000763,97399.68,UPI,2207,64,29,5,0.445,0.123,0,1
TXN-000764,125887.95,UPI,512,948,12,1,0.445,0.222,0,0
TXN-000765,106408.75,CARD,369,1257,21,2,0.808,0.221,0,1
TXN-000766,73976.4,CARD,30,402,27,5,0.396,0.87,1,1
TXN-000767,29146.16,CARD,268,1205,5,5,0.065,0.26,1,0
TXN-000768,109361.94,NETBANKING,786,1389,1,5,0.678,0.614,1,1
TXN-000769,64124.46,UPI,1324,886,28,3,0.274,0.68,0,1
TXN-000770,113877.36,CARD,193,570,30,3,0.532,0.316,0,1
TXN-000771,132026.76,UPI,925,1413,14,0,0.917,0.197,0,1
TXN-000772,93831.68,UPI,1966,885,26,0,0.593,0.626,0,1
TXN-000773,71089.12,NETBANKING,223,684,17,1,0.944,0.776,1,1
TXN-000774,93839.78,UPI,351,125,30,0,0.377,0.89,0,1
TXN-000775,120377.83,UPI,1235,1251,21,3,0.066,0.678,1,1
TXN-000776,57280.18,UPI,1684,478,28,4,0.787,0.624,0,1
TXN-000777,64273.05,UPI,1392,1334,22,0,0.454,0.328,0,1
TXN-000778,89316.75,UPI,2429,397,29,4,0.126,0.509,0,1
TXN-000779,93165.55,CARD,996,282,26,0,0.06,0.312,0,1
TXN-000780,132794.76,CARD,604,962,10,4,0.343,0.369,0,1
TXN-000781,76115.47,UPI,1729,705,7,1,0.641,0.201,0,0
TXN-000782,71411.19,WALLET,2457,1419,11,4,0.566,0.336,0,1
TXN-000783,15816.7,UPI,2032,450,30,0,0.639,0.693,0,0
TXN-000784,110214.47,NETBANKING,1540,421,13,1,0.826,0.007,0,1
TXN-000785,83248.27,CARD,1191,902,7,5,0.586,0.766,0,1
TXN-000786,42686.72,CARD,1074,1473,6,2,0.848,0.246,0,1
TXN-000787,39342.11,UPI,86,1388,5,3,0.655,0.885,0,0
TXN-000788,36098.47,NETBANKING,702,1080,26,4,0.882,0.878,0,1
TXN-000789,138630.9,CARD,786,1091,13,5,0.374,0.6,0,0
TXN-000790,88140.15,NETBANKING,609,672,8,0,0.629,0.28,0,1
TXN-000791,12303.01,WALLET,266,343,17,3,0.751,0.645,1,1
TXN-000792,69693.66,NETBANKING,1532,1077,23,3,0.716,0.495,0,0
TXN-000793,118614.61,UPI,849,450,29,1,0.452,0.234,0,1
TXN-000794,56624.74,CARD,1533,522,18,0,0.134,0.084,0,1
TXN-000795,6267.32,NETBANKING,1746,924,15,3,0.409,0.805,0,1
TXN-000796,27016.9,CARD,1088,1322,3,2,0.901,0.295,1,0
TXN-000797,138998.23,UPI,486,147,12,0,0.546,0.334,0,0
TXN-000798,122353.16,NETBANKING,781,1446,20,1,0.998,0.752,1,1
TXN-000799,44991.18,NETBANKING,1655,831,27,4,0.758,0.012,1,0
TXN-000800,34214.02,CARD,1944,479,17,4,0.786,0.758,0,0
TXN-000801,47029.92,CARD,1757,1430,14,1,0.439,0.853,0,1
TXN-000802,131075.16,NETBANKING,40,1024,26,5,0.834,0.34,0,1
TXN-000803,60564.97,NETBANKING,1336,1203,1,4,0.785,0.922,0,1
TXN-000804,119891.95,WALLET,1562,419,13,0,0.534,0.188,0,0
TXN-000805,67785.15,NETBANKING,382,352,4,5,0.553,0.032,1,1
TXN-000806,29929.91,WALLET,1163,422,8,2,0.66,0.07,0,0
TXN-000807,25856.67,WALLET,1602,322,4,1,0.536,0.478,0,0
TXN-000808,129868.35,CARD,843,635,14,5,0.665,0.159,1,1
TXN-000809,75421.01,WALLET,1129,414,1,1,0.446,0.825,1,0
TXN-000810,136554.35,WALLET,1885,948,19,0,0.737,0.288,0,0
TXN-000811,106776.03,NETBANKING,1602,1256,27,1,0.415,0.18,1,1
TXN-000812,136633.88,CARD,2330,196,13,5,0.946,0.24,0,0
TXN-000813,80706.86,UPI,890,1011,14,4,0.121,0.369,0,0
TXN-000814,24809.38,CARD,2073,92,15,0,0.073,0.694,0,0
TXN-000815,59961.34,CARD,1625,78,1,2,0.115,0.917,0,1
TXN-000816,10328.75,CARD,1793,288,16,2,0.842,0.171,0,1
TXN-000817,18710.29,WALLET,690,159,22,0,0.677,0.153,0,0
TXN-000818,5263.28,CARD,1811,1427,2,5,0.812,0.641,0,0
TXN-000819,66653.6,UPI,200,773,25,1,0.929,0.375,0,1
TXN-000820,63310.24,UPI,1381,394,22,5,0.063,0.959,0,0
TXN-000821,6697.48,UPI,1340,661,18,5,0.19,0.207,1,0
TXN-000822,18208.51,CARD,434,731,11,1,0.015,0.654,0,0
TXN-000823,33092.42,NETBANKING,1512,90,3,1,0.411,0.768,0,0
TXN-000824,118709.84,CARD,1032,195,20,2,0.981,0.696,0,1
TXN-000825,114281.27,NETBANKING,1975,139,11,0,0.609,0.585,0,0
TXN-000826,105723.91,UPI,953,44,20,0,0.309,0.738,0,1
TXN-000827,56241.09,NETBANKING,828,311,13,1,0.642,0.238,1,0
TXN-000828,49370.61,NETBANKING,1301,1319,26,0,0.521,0.978,0,1
TXN-000829,109957.68,NETBANKING,993,422,18,0,0.907,0.665,0,0
TXN-000830,57284.74,NETBANKING,752,906,21,0,0.065,0.492,0,0
TXN-000831,21315.65,CARD,515,188,6,4,0.549,0.795,0,0
TXN-000832,63993.35,WALLET,1276,337,24,1,0.245,0.176,0,1
TXN-000833,67295.85,CARD,1114,986,3,2,0.398,0.168,0,0
TXN-000834,110265.72,CARD,1975,41,25,3,0.427,0.083,0,1
TXN-000835,26437.33,WALLET,1900,627,15,2,0.375,0.606,0,1
TXN-000836,70441.85,CARD,777,9,1,4,0.73,0.374,0,0
TXN-000837,145576.85,NETBANKING,1574,1003,10,5,0.988,0.071,0,1
TXN-000838,84884.73,CARD,1788,523,25,5,0.349,0.709,0,0
TXN-000839,138985.16,CARD,993,979,2,2,0.631,0.676,0,0
TXN-000840,141645.36,CARD,1042,507,20,4,0.952,0.842,0,1
TXN-000841,96695.17,WALLET,1629,1447,19,0,0.519,0.189,0,0
TXN-000842,38005.4,NETBANKING,2051,1092,22,3,0.586,0.734,0,0
TXN-000843,116526.0,NETBANKING,585,551,24,1,0.93,0.398,0,0
TXN-000844,122476.77,UPI,397,144,25,5,0.418,0.417,0,1
TXN-000845,56260.24,CARD,812,997,6,4,0.948,0.451,0,1
TXN-000846,112512.37,CARD,1063,838,15,5,0.913,0.109,0,1
TXN-000847,56721.51,NETBANKING,264,701,1,4,0.235,0.485,0,1
TXN-000848,112794.62,UPI,2386,86,4,1,0.522,0.007,1,0
TXN-000849,71037.44,NETBANKING,2476,880,11,2,0.682,0.343,0,0
TXN-000850,99795.23,WALLET,235,730,28,2,0.806,0.003,0,1
TXN-000851,18521.89,NETBANKING,1019,755,15,4,0.686,0.87,1,0
TXN-000852,569.05,NETBANKING,69,1298,12,0,0.97,0.736,0,0
TXN-000853,60084.76,UPI,1427,877,30,3,0.987,0.857,0,1
TXN-000854,29342.04,CARD,2131,1172,26,5,0.505,0.128,0,0
TXN-000855,149446.08,WALLET,689,914,4,3,0.663,0.241,0,0
TXN-000856,98995.79,UPI,433,891,23,0,0.16,0.929,0,1
TXN-000857,38718.52,WALLET,505,1363,5,4,0.634,0.492,0,0
TXN-000858,114973.97,UPI,1406,773,30,5,0.743,0.725,1,0
TXN-000859,33610.27,UPI,1192,180,4,0,0.34,0.592,0,0
TXN-000860,19199.88,NETBANKING,1558,1182,24,0,0.311,0.59,0,0
TXN-000861,48014.48,NETBANKING,518,1065,22,4,0.591,0.107,0,1
TXN-000862,122440.58,NETBANKING,897,1024,22,3,0.147,0.283,0,1
TXN-000863,148551.23,UPI,1121,1447,19,3,0.631,0.216,0,1
TXN-000864,121550.51,CARD,863,461,23,5,0.053,0.865,0,1
TXN-000865,44935.36,CARD,89,1123,13,2,0.422,0.473,0,0
TXN-000866,79223.88,NETBANKING,1157,1427,30,1,0.701,0.548,0,0
TXN-000867,118712.49,UPI,1246,938,21,1,0.577,0.442,0,0
TXN-000868,31543.98,CARD,38,742,24,4,0.102,0.785,0,0
TXN-000869,64123.95,CARD,231,197,12,3,0.18,0.052,1,0
TXN-000870,145462.07,WALLET,1004,70,4,1,0.397,0.303,1,0
TXN-000871,56368.21,UPI,1900,1332,13,2,0.632,0.445,0,1
TXN-000872,18395.53,CARD,95,1202,19,4,0.479,0.694,0,0
TXN-000873,149993.13,WALLET,1223,1171,5,0,0.325,0.714,1,1
TXN-000874,105141.21,WALLET,2278,1099,26,4,0.489,0.519,1,0
TXN-000875,31198.82,UPI,741,1227,23,1,0.005,0.447,0,1
TXN-000876,86304.65,CARD,360,1152,9,0,0.085,0.125,0,0
TXN-000877,25823.32,UPI,1018,616,2,4,0.905,0.293,1,1
TXN-000878,73617.38,NETBANKING,2141,722,20,4,0.511,0.688,0,1
TXN-000879,21335.93,CARD,550,1234,18,1,0.592,0.277,1,1
TXN-000880,38319.61,WALLET,669,820,15,0,0.945,0.677,0,1
TXN-000881,109927.97,CARD,1525,1155,22,5,0.821,0.605,0,1
TXN-000882,118188.83,WALLET,107,1237,8,0,0.27,0.531,1,1
TXN-000883,96062.61,NETBANKING,1367,560,5,1,0.274,0.098,0,0
TXN-000884,117431.77,UPI,720,1079,24,2,0.589,0.807,0,1
TXN-000885,129823.21,NETBANKING,2489,203,29,0,0.171,0.947,0,1
TXN-000886,111220.44,WALLET,1954,1214,5,2,0.009,0.514,0,1
TXN-000887,85177.36,NETBANKING,217,1486,21,2,0.708,0.249,1,0
TXN-000888,27547.37,NETBANKING,1920,1029,10,2,0.953,0.521,0,0
TXN-000889,13132.65,NETBANKING,1666,641,28,0,0.635,0.077,0,0
TXN-000890,8705.99,NETBANKING,2270,1010,26,0,0.962,0.424,1,0
TXN-000891,77300.22,UPI,1661,29,20,1,0.911,0.746,0,1
TXN-000892,110873.57,UPI,2488,919,6,5,0.93,0.764,0,1
TXN-000893,125927.4,NETBANKING,209,866,16,3,0.17,0.97,0,0
TXN-000894,127631.48,UPI,1189,613,16,2,0.265,0.002,1,1
TXN-000895,45792.49,UPI,1897,1266,28,3,0.057,0.006,0,1
TXN-000896,16163.89,NETBANKING,763,824,12,0,0.101,0.492,0,0
TXN-000897,136975.06,UPI,638,1345,9,1,0.471,0.374,0,0
TXN-000898,80510.46,NETBANKING,446,899,22,3,0.162,0.354,0,1
TXN-000899,130590.06,CARD,454,389,10,0,0.134,0.421,0,1
TXN-000900,29928.89,WALLET,1089,244,14,3,0.55,0.8,0,0
TXN-000901,117072.59,WALLET,2056,1487,30,5,0.843,0.389,0,0
TXN-000902,19005.92,NETBANKING,2049,28,25,5,0.237,0.678,0,0
TXN-000903,110640.99,WALLET,1967,593,10,3,0.083,0.429,1,0
TXN-000904,28110.35,NETBANKING,472,540,23,1,0.666,0.429,0,0
TXN-000905,75399.86,CARD,773,1211,21,5,0.149,0.12,0,1
TXN-000906,28907.39,CARD,1747,37,20,1,0.091,0.051,0,0
TXN-000907,147020.64,CARD,1377,873,16,0,0.51,0.644,0,1
TXN-000908,42155.34,NETBANKING,1713,506,11,0,0.182,0.001,0,0
TXN-000909,42095.89,UPI,1765,379,9,3,0.364,0.304,0,0
TXN-000910,115592.5,CARD,1357,739,24,2,0.743,0.589,1,1
TXN-000911,41464.45,WALLET,358,218,5,5,0.743,0.12,1,1
TXN-000912,66920.89,UPI,307,1120,20,2,0.301,0.474,0,1
TXN-000913,28836.84,NETBANKING,2296,712,29,2,0.448,0.717,0,0
TXN-000914,78612.04,UPI,684,1228,9,5,0.967,0.29,1,0
TXN-000915,104101.12,WALLET,2028,1403,18,4,0.972,0.166,1,1
TXN-000916,58598.01,NETBANKING,848,377,1,1,0.572,0.592,0,0
TXN-000917,108114.82,NETBANKING,1243,452,10,5,0.269,0.119,0,0
TXN-000918,43847.31,CARD,1138,273,9,0,0.642,0.249,0,1
TXN-000919,52184.54,NETBANKING,1330,171,23,4,0.264,0.134,1,1
TXN-000920,8683.79,UPI,1457,450,24,2,0.177,0.972,1,0
TXN-000921,103248.5,NETBANKING,2476,1129,7,3,0.221,0.269,1,1
TXN-000922,34835.3,WALLET,1510,304,29,3,0.094,0.182,0,1
TXN-000923,73628.71,CARD,1156,44,10,1,0.885,0.817,1,1
TXN-000924,10900.1,CARD,1864,1322,13,0,0.724,0.137,0,0
TXN-000925,3205.32,UPI,180,271,8,0,0.268,0.939,1,0
TXN-000926,1508.49,UPI,2222,694,28,5,0.085,0.139,1,0
TXN-000927,46177.01,WALLET,633,500,2,4,0.692,0.627,0,0
TXN-000928,15512.02,NETBANKING,421,1048,29,3,0.142,0.912,0,1
TXN-000929,22191.74,NETBANKING,926,1402,13,5,0.884,0.823,0,1
TXN-000930,16609.33,UPI,1155,732,3,4,0.334,0.36,0,0
TXN-000931,26792.36,NETBANKING,2457,372,22,3,0.15,0.667,0,0
TXN-000932,15677.99,WALLET,1512,544,26,5,0.799,0.789,0,1
TXN-000933,58650.88,WALLET,276,232,19,3,0.96,0.278,0,0
TXN-000934,27362.66,WALLET,1445,654,16,3,0.481,0.973,1,1
TXN-000935,141610.14,CARD,1570,858,18,3,0.539,0.493,1,1
TXN-000936,87186.49,WALLET,2159,1184,25,5,0.811,0.219,0,1
TXN-000937,30571.62,UPI,1485,1144,16,1,0.921,0.06,0,0
TXN-000938,130029.2,CARD,1208,943,5,4,0.972,0.913,0,0
TXN-000939,8474.26,CARD,481,1425,23,1,0.377,0.026,0,1
TXN-000940,15990.87,UPI,1954,1217,28,1,0.03,0.365,0,1
TXN-000941,85420.55,WALLET,614,374,16,5,0.14,0.527,0,1
TXN-000942,50666.81,UPI,1175,228,5,0,0.881,0.032,0,1
TXN-000943,124918.75,WALLET,2270,1457,27,2,0.919,0.502,0,0
TXN-000944,40846.96,UPI,2137,774,5,5,0.212,0.619,0,1
TXN-000945,111924.76,UPI,1919,978,11,5,0.642,0.827,0,0
TXN-000946,97032.41,CARD,1106,223,4,0,0.363,0.779,0,1
TXN-000947,24497.78,UPI,268,434,20,0,0.757,0.309,1,0
TXN-000948,4951.78,NETBANKING,349,1168,19,0,0.564,0.79,0,0
TXN-000949,141532.02,UPI,1461,579,13,4,0.195,0.752,0,0
TXN-000950,14697.24,WALLET,2063,207,17,1,0.024,0.796,0,1
TXN-000951,22815.52,WALLET,323,1282,3,5,0.232,0.216,0,0
TXN-000952,75292.83,NETBANKING,1833,269,11,2,0.36,0.856,0,0
TXN-000953,116148.83,WALLET,980,428,20,4,0.075,0.152,0,0
TXN-000954,21479.12,NETBANKING,2242,179,16,0,0.455,0.17,0,1
TXN-000955,86519.09,NETBANKING,366,146,6,5,0.772,0.258,0,0
TXN-000956,66362.6,CARD,508,1165,16,0,0.363,0.287,0,0
TXN-000957,76920.64,NETBANKING,1531,171,22,3,0.506,0.263,0,0
TXN-000958,36798.04,UPI,634,216,10,3,0.158,0.399,0,0
TXN-000959,69395.56,UPI,1430,955,15,5,0.535,0.818,0,1
TXN-000960,16341.41,WALLET,1775,409,13,2,0.064,0.342,1,1
TXN-000961,111218.59,UPI,1141,931,2,4,0.156,0.47,0,0
TXN-000962,148172.83,WALLET,256,741,26,3,0.979,0.213,0,0
TXN-000963,102582.35,NETBANKING,1033,1302,6,0,0.142,0.274,0,0
TXN-000964,67768.0,WALLET,2150,439,22,2,0.184,0.054,0,0
TXN-000965,44606.06,CARD,1431,859,16,3,0.536,0.784,0,0
TXN-000966,85590.5,UPI,2298,1223,7,0,0.723,0.578,0,0
TXN-000967,123543.22,NETBANKING,59,309,29,3,0.934,0.499,0,0
TXN-000968,101124.4,NETBANKING,2133,1480,1,3,0.943,0.857,0,1
TXN-000969,111881.56,CARD,1722,1427,18,1,0.601,0.216,0,0
TXN-000970,86567.78,UPI,1517,746,1,2,0.897,0.502,0,0
TXN-000971,68454.02,WALLET,1441,722,27,4,0.426,0.974,0,0
TXN-000972,68877.65,NETBANKING,725,1133,20,1,0.543,0.382,0,0
TXN-000973,140691.44,UPI,359,213,3,5,0.016,0.932,0,0
TXN-000974,93611.47,UPI,1820,1031,19,0,0.668,0.852,0,0
TXN-000975,82783.03,UPI,802,962,4,2,0.968,0.914,0,1
TXN-000976,56259.11,CARD,2079,581,9,5,0.264,0.838,0,1
TXN-000977,136367.95,UPI,64,54,5,2,0.841,0.519,1,1
TXN-000978,143878.17,WALLET,991,1139,13,1,0.616,0.393,0,1
TXN-000979,95477.4,CARD,1652,652,17,1,0.437,0.1,0,0
TXN-000980,117663.77,NETBANKING,2265,326,11,1,0.093,0.026,0,1
TXN-000981,106165.63,UPI,2343,784,1,5,0.734,0.983,0,1
TXN-000982,134696.6,NETBANKING,794,1097,27,1,0.726,0.807,0,0
TXN-000983,41317.23,CARD,95,1308,19,0,0.111,0.927,0,1
TXN-000984,39373.0,CARD,381,159,16,2,0.913,0.208,0,0
TXN-000985,62120.39,WALLET,313,431,22,3,0.375,0.314,0,1
TXN-000986,1620.03,CARD,2324,1293,20,0,0.117,0.343,0,0
TXN-000987,90038.93,UPI,649,1069,24,2,0.927,0.193,0,1
TXN-000988,114168.05,CARD,1495,236,29,1,0.029,0.139,0,1
TXN-000989,72288.07,UPI,1428,1451,18,5,0.294,0.745,0,0
TXN-000990,60051.33,CARD,1025,355,7,5,0.846,0.717,0,0
TXN-000991,114990.69,NETBANKING,679,422,24,3,0.433,0.446,1,0
TXN-000992,93474.35,WALLET,1759,410,19,2,0.374,0.633,0,1
TXN-000993,5160.63,NETBANKING,2404,840,10,4,0.827,0.645,1,1
TXN-000994,17286.03,NETBANKING,1759,381,12,1,0.073,0.657,0,0
TXN-000995,18433.31,NETBANKING,45,1469,11,1,0.465,0.795,0,0
TXN-000996,90310.11,CARD,422,1149,9,5,0.608,0.883,0,0
TXN-000997,65337.31,NETBANKING,812,404,2,3,0.499,0.99,0,1
TXN-000998,25753.85,NETBANKING,2422,785,8,4,0.021,0.018,1,0
TXN-000999,42726.44,WALLET,152,1093,30,4,0.039,0.645,0,1
TXN-001000,120396.74,NETBANKING,1126,650,25,2,0.4,0.556,0,1
TXN-001001,59059.79,WALLET,2021,1313,30,0,0.843,0.938,0,1
TXN-001002,123835.93,CARD,431,662,28,5,0.724,0.226,0,0
TXN-001003,121861.07,UPI,216,532,29,0,0.111,0.947,0,1
TXN-001004,91951.32,WALLET,1106,1431,6,1,0.583,0.12,0,0
TXN-001005,133180.98,WALLET,1831,1369,4,4,0.528,0.578,0,1
TXN-001006,109656.6,CARD,377,541,25,2,0.711,0.353,0,0
TXN-001007,11364.15,WALLET,247,436,1,5,0.216,0.819,0,1
TXN-001008,31378.35,NETBANKING,1278,1452,15,5,0.154,0.505,0,0
TXN-001009,57897.8,WALLET,2104,416,25,3,0.188,0.278,0,0
TXN-001010,86628.62,UPI,604,945,29,0,0.745,0.241,0,1
TXN-001011,71488.44,WALLET,1442,544,4,4,0.084,0.431,0,0
TXN-001012,76238.23,UPI,1808,559,12,0,0.049,0.383,0,0
TXN-001013,60463.55,NETBANKING,2170,1245,16,4,0.434,0.681,0,1
TXN-001014,8065.35,UPI,2357,546,8,0,0.532,0.275,1,0
TXN-001015,15285.51,NETBANKING,2029,422,6,1,0.348,0.288,1,0
TXN-001016,14226.96,WALLET,1251,1409,8,1,0.315,0.069,0,0
TXN-001017,21360.86,UPI,1944,877,11,0,0.178,0.264,0,0
TXN-001018,127978.14,NETBANKING,1941,1195,1,3,0.873,0.473,0,1
TXN-001019,148562.92,CARD,2152,1031,6,1,0.775,0.1,0,1
TXN-001020,52682.08,NETBANKING,1993,520,12,3,0.014,0.353,0,1
TXN-001021,102899.05,UPI,606,841,28,1,0.659,0.142,0,1
TXN-001022,111177.76,WALLET,1473,423,24,0,0.194,0.955,0,0
TXN-001023,101852.35,WALLET,2159,359,9,5,0.349,0.331,1,0
TXN-001024,41509.44,CARD,169,1187,17,5,0.343,0.612,0,0
TXN-001025,118899.58,NETBANKING,1182,226,1,3,0.927,0.147,0,0
TXN-001026,99681.62,NETBANKING,1995,591,3,2,0.016,0.041,0,1
TXN-001027,45942.64,WALLET,1443,1353,27,0,0.05,0.138,0,0
TXN-001028,107008.25,CARD,806,885,19,0,0.291,0.032,0,0
TXN-001029,95592.99,WALLET,1635,201,29,2,0.92,0.597,0,0
TXN-001030,48439.74,CARD,818,513,5,3,0.554,0.301,0,0
TXN-001031,94284.99,CARD,1540,895,4,1,0.527,0.694,1,0
TXN-001032,64207.61,WALLET,1681,945,1,4,0.026,0.767,0,0
TXN-001033,45428.26,CARD,2378,1049,12,1,0.621,0.9,0,0
TXN-001034,58959.63,WALLET,25,948,26,4,0.46,0.054,0,0
TXN-001035,97517.0,NETBANKING,2435,200,27,2,0.565,0.691,0,0
TXN-001036,101194.51,UPI,840,1058,5,4,0.74,0.495,0,1
TXN-001037,46702.54,UPI,1987,1278,23,1,0.115,0.0,1,0
TXN-001038,37156.19,UPI,1941,51,27,4,0.444,0.056,0,0
TXN-001039,147406.17,CARD,2240,534,27,4,0.681,0.859,1,1
TXN-001040,95465.96,CARD,581,1347,8,1,0.512,0.7,0,0
TXN-001041,43488.41,UPI,2412,1010,12,5,0.275,0.386,0,0
TXN-001042,63782.46,UPI,1161,937,4,4,0.389,0.581,0,1
TXN-001043,136068.06,CARD,1917,1481,15,2,0.009,0.158,1,1
TXN-001044,105963.07,WALLET,2102,129,6,5,0.151,0.656,1,1
TXN-001045,128813.72,CARD,1141,1349,10,3,0.068,0.839,0,0
TXN-001046,90915.69,CARD,2360,1452,30,4,0.775,0.525,0,1
TXN-001047,87150.64,WALLET,277,93,1,5,0.159,0.097,0,0
TXN-001048,71514.31,CARD,970,216,29,1,0.728,0.384,0,1
TXN-001049,37647.53,UPI,299,905,25,2,0.607,0.841,0,1
TXN-001050,67481.49,CARD,2351,1140,7,1,0.252,0.438,0,1
TXN-001051,24397.23,CARD,353,1193,1,5,0.96,0.096,0,0
TXN-001052,53998.19,WALLET,2328,1120,28,0,0.341,0.682,1,1
TXN-001053,31200.47,WALLET,2052,722,12,4,0.9,0.853,0,1
TXN-001054,56480.12,UPI,2332,161,5,4,0.298,0.118,0,0
TXN-001055,49704.88,CARD,1188,515,13,5,0.358,0.872,0,1
TXN-001056,86345.85,NETBANKING,1636,1267,2,4,0.698,0.111,0,0
TXN-001057,4937.98,WALLET,1069,411,11,0,0.139,0.547,0,0
TXN-001058,11029.49,UPI,1417,145,14,4,0.739,0.929,1,0
TXN-001059,40649.21,UPI,427,73,16,4,0.225,0.35,0,0
TXN-001060,131479.83,CARD,88,114,1,1,0.534,0.86,0,1
TXN-001061,114875.66,CARD,1761,1437,14,4,0.138,0.438,1,1
TXN-001062,51534.53,UPI,976,476,3,4,0.01,0.413,1,0
TXN-001063,2333.29,CARD,233,157,2,1,0.439,0.283,0,0
TXN-001064,133574.66,NETBANKING,532,1242,13,3,0.658,0.657,0,0
TXN-001065,30958.56,NETBANKING,903,909,23,2,0.941,0.78,0,1
TXN-001066,40203.53,UPI,222,710,29,3,0.706,0.622,0,1
TXN-001067,20656.01,CARD,1250,1133,7,0,0.372,0.816,0,0
TXN-001068,104781.46,WALLET,468,44,16,0,0.27,0.588,0,1
TXN-001069,128200.68,WALLET,2029,39,28,3,0.385,0.044,0,1
TXN-001070,64719.64,UPI,1250,65,18,2,0.937,0.91,0,0
TXN-001071,88684.7,UPI,1397,1487,27,4,0.434,0.428,0,0
TXN-001072,142875.79,NETBANKING,2191,950,14,4,0.719,0.769,0,0
TXN-001073,70153.14,CARD,541,32,9,5,0.951,0.086,0,1
TXN-001074,59250.72,NETBANKING,1482,551,22,2,0.782,0.81,1,1
TXN-001075,85309.32,NETBANKING,1084,367,15,3,0.017,0.009,0,0
TXN-001076,126664.37,CARD,1674,120,19,0,0.276,0.61,0,1
TXN-001077,38775.24,NETBANKING,1064,1014,5,1,0.63,0.147,1,0
TXN-001078,98224.66,CARD,2076,902,19,2,0.042,0.717,0,0
TXN-001079,2516.11,NETBANKING,2214,1472,2,4,0.235,0.109,1,1
TXN-001080,11709.79,CARD,1335,1169,12,5,0.416,0.642,0,1
TXN-001081,91084.31,NETBANKING,1373,836,29,5,0.375,0.942,0,1
TXN-001082,6787.13,CARD,2422,53,4,4,0.211,0.313,1,0
TXN-001083,56888.07,UPI,615,781,25,5,0.078,0.077,0,0
TXN-001084,18274.23,UPI,2487,968,22,4,0.52,0.317,0,0
TXN-001085,49369.81,NETBANKING,946,934,11,5,0.972,0.693,0,1
TXN-001086,52862.49,UPI,1484,1339,16,4,0.23,0.786,0,0
TXN-001087,36817.1,WALLET,2396,1364,5,4,0.26,0.287,0,1
TXN-001088,63211.29,CARD,2360,1013,21,1,0.9,0.876,0,1
TXN-001089,39580.08,WALLET,414,259,28,0,0.834,0.024,0,1
TXN-001090,130045.31,WALLET,1730,726,5,3,0.697,0.241,0,1
TXN-001091,123724.87,NETBANKING,2423,1247,20,0,0.994,0.045,0,0
TXN-001092,94661.72,WALLET,1185,978,23,1,0.733,0.724,1,1
TXN-001093,1266.78,NETBANKING,1858,777,11,3,0.177,0.723,0,0
TXN-001094,74044.69,UPI,2311,1061,29,4,0.58,0.844,0,1
TXN-001095,47854.89,CARD,587,86,27,5,0.882,0.731,0,0
TXN-001096,92360.08,UPI,1423,584,6,0,0.288,0.487,0,0
TXN-001097,137662.19,UPI,949,1365,9,1,0.096,0.552,1,1
TXN-001098,135390.94,CARD,28,1001,27,0,0.37,0.282,1,1
TXN-001099,78181.99,WALLET,1209,225,23,5,0.919,0.12,0,1
TXN-001100,129688.96,NETBANKING,478,725,26,0,0.744,0.222,0,1
TXN-001101,50367.04,WALLET,2101,1377,25,0,0.707,0.315,0,1
TXN-001102,105795.04,NETBANKING,780,1144,22,5,0.036,0.634,0,1
TXN-001103,56493.74,CARD,802,544,16,1,0.485,0.187,0,1
TXN-001104,95252.43,UPI,2115,1482,24,1,0.003,0.067,1,0
TXN-001105,5918.03,NETBANKING,1558,1293,19,1,0.638,0.484,0,0
TXN-001106,131268.36,WALLET,2008,1291,13,4,0.357,0.481,0,1
TXN-001107,132146.19,NETBANKING,1719,916,11,1,0.662,0.116,0,0
TXN-001108,52202.03,WALLET,525,991,27,3,0.601,0.687,0,1
TXN-001109,32344.42,WALLET,250,1152,25,2,0.262,0.318,0,0
TXN-001110,39178.84,UPI,1100,995,24,1,0.34,0.819,0,0
TXN-001111,85918.6,CARD,2196,423,25,5,0.11,0.968,1,1
TXN-001112,81011.12,UPI,1554,185,25,5,0.333,0.353,1,0
TXN-001113,77845.48,NETBANKING,2194,407,6,4,0.396,0.718,0,0
TXN-001114,49792.17,CARD,2265,510,1,0,0.845,0.755,1,1
TXN-001115,118722.38,UPI,643,580,10,0,0.23,0.772,0,1
TXN-001116,18634.06,WALLET,1642,269,27,5,0.877,0.862,0,1
TXN-001117,105553.04,WALLET,83,31,24,4,0.605,0.152,1,1
TXN-001118,90893.17,NETBANKING,1326,871,17,5,0.023,0.274,0,1
TXN-001119,98442.0,WALLET,1543,597,14,0,0.222,0.406,0,0
TXN-001120,105461.63,CARD,1567,36,16,5,0.394,0.373,1,1
TXN-001121,86724.14,UPI,1628,476,15,2,0.477,0.109,0,1
TXN-001122,94524.08,UPI,391,1149,6,1,0.865,0.49,0,1
TXN-001123,92511.62,WALLET,2144,1481,27,4,0.761,0.059,0,1
TXN-001124,111102.62,CARD,150,659,23,4,0.599,0.871,0,1
TXN-001125,119224.9,WALLET,1283,1336,8,2,0.461,0.483,1,0
TXN-001126,63912.73,UPI,1539,261,25,0,0.162,0.748,0,0
TXN-001127,145790.25,UPI,1738,1015,6,5,0.803,0.487,1,1
TXN-001128,44582.98,WALLET,1206,1475,30,5,0.271,0.322,0,1
TXN-001129,78535.36,CARD,1521,1064,20,2,0.472,0.211,0,1
TXN-001130,107290.71,WALLET,41,651,14,1,0.15,0.067,0,0
TXN-001131,29970.22,UPI,2203,940,11,0,0.061,0.469,0,0
TXN-001132,83917.5,CARD,1413,1288,1,1,0.275,0.821,0,1
TXN-001133,115071.63,NETBANKING,2299,1109,21,5,0.203,0.593,0,1
TXN-001134,39514.35,UPI,519,1070,19,5,0.766,0.33,1,0
TXN-001135,110616.1,WALLET,858,345,1,1,0.989,0.091,1,1
TXN-001136,71372.05,UPI,1325,160,29,0,0.137,0.807,0,1
TXN-001137,75106.23,UPI,987,1148,13,3,0.774,0.706,0,0
TXN-001138,47614.09,UPI,2480,439,6,5,0.834,0.711,0,0
TXN-001139,118365.86,UPI,2286,892,21,2,0.178,0.866,0,0
TXN-001140,32145.62,CARD,1567,767,6,5,0.995,0.196,0,1
TXN-001141,46627.57,UPI,1511,520,17,0,0.607,0.034,0,0
TXN-001142,149361.1,NETBANKING,1124,1281,2,4,0.823,0.863,0,1
TXN-001143,71069.92,UPI,157,757,1,4,0.894,0.153,0,1
TXN-001144,125126.26,UPI,230,909,21,5,0.062,0.097,1,0
TXN-001145,29207.94,UPI,1363,1377,28,2,0.898,0.169,1,1
TXN-001146,141087.72,WALLET,1706,1368,22,0,0.065,0.825,1,0
TXN-001147,12686.91,WALLET,183,565,20,1,0.689,0.409,0,0
TXN-001148,52667.65,NETBANKING,1910,1164,27,5,0.086,0.93,0,0
TXN-001149,27456.9,UPI,761,651,19,5,0.966,0.767,0,0
TXN-001150,69106.33,CARD,1261,1395,21,1,0.747,0.738,0,0
TXN-001151,43132.78,NETBANKING,576,1158,11,3,0.226,0.188,0,0
TXN-001152,38977.18,WALLET,1084,190,16,2,0.579,0.349,1,0
TXN-001153,103087.28,CARD,151,1199,13,1,0.538,0.211,0,0
TXN-001154,102334.46,NETBANKING,850,701,23,4,0.552,0.743,0,1
TXN-001155,31687.23,CARD,1916,535,2,0,0.517,0.631,0,0
TXN-001156,48516.34,WALLET,2411,70,11,5,0.105,0.359,0,0
TXN-001157,50273.4,UPI,767,734,10,1,0.467,0.186,0,0
TXN-001158,68521.21,WALLET,1636,970,27,1,0.253,0.373,0,0
TXN-001159,45095.98,CARD,2077,221,14,3,0.774,0.954,0,1
TXN-001160,25041.07,NETBANKING,2445,1429,17,1,0.951,0.568,0,0
TXN-001161,118306.56,UPI,371,634,26,1,0.801,0.459,0,1
TXN-001162,22208.9,CARD,1235,630,3,1,0.236,0.203,0,0
TXN-001163,83346.7,NETBANKING,21,978,6,2,0.1,0.55,0,0
TXN-001164,100298.68,WALLET,995,197,13,1,0.318,0.935,0,0
TXN-001165,122986.68,WALLET,2446,807,18,0,0.347,0.67,1,1
TXN-001166,91317.5,CARD,1512,742,11,4,0.823,0.611,0,0
TXN-001167,20798.18,CARD,182,433,10,3,0.093,0.384,0,1
TXN-001168,46732.7,WALLET,143,535,14,1,0.164,0.682,0,0
TXN-001169,52008.4,UPI,1657,26,6,2,0.129,0.507,0,0
TXN-001170,143992.17,WALLET,1731,112,10,3,0.259,0.634,1,1
TXN-001171,117172.43,NETBANKING,2192,748,4,1,0.981,0.532,0,1
TXN-001172,50633.64,NETBANKING,810,1055,27,4,0.728,0.455,0,1
TXN-001173,18320.56,WALLET,1886,752,2,4,0.686,0.252,0,0
TXN-001174,3627.2,NETBANKING,733,601,12,3,0.018,0.325,0,0
TXN-001175,5588.19,WALLET,1019,359,3,4,0.095,0.727,0,0
TXN-001176,51873.4,WALLET,1000,1073,19,3,0.041,0.327,0,0
TXN-001177,108599.15,UPI,1565,1050,24,0,0.338,0.637,0,1
TXN-001178,27671.16,NETBANKING,325,888,4,1,0.571,0.995,1,0
TXN-001179,7419.8,WALLET,882,895,9,5,0.689,0.186,1,0
TXN-001180,136470.99,NETBANKING,1117,11,14,1,0.019,0.414,0,1
TXN-001181,89902.01,NETBANKING,398,454,8,0,0.709,0.221,1,0
TXN-001182,91436.49,WALLET,2409,862,21,4,0.329,0.389,1,1
TXN-001183,48014.46,WALLET,622,947,28,5,0.499,0.532,0,1
TXN-001184,4936.75,UPI,1993,1150,12,0,0.208,0.985,0,0
TXN-001185,47369.18,WALLET,122,320,20,4,0.167,0.352,0,0
TXN-001186,3608.91,NETBANKING,2280,1006,8,3,0.921,0.132,1,1
TXN-001187,32823.98,UPI,2338,593,6,1,0.767,0.984,0,1
TXN-001188,32741.11,NETBANKING,1309,744,21,0,0.664,0.687,0,1
TXN-001189,60654.5,WALLET,1173,921,6,1,0.4,0.003,0,0
TXN-001190,102534.43,UPI,1571,1189,21,3,0.974,0.41,0,1
TXN-001191,93026.05,UPI,2456,1169,24,3,0.945,0.325,0,1
TXN-001192,70839.84,UPI,1517,47,24,4,0.884,0.654,1,0
TXN-001193,24290.75,NETBANKING,981,359,16,5,0.921,0.323,0,0
TXN-001194,31130.39,WALLET,1881,502,22,4,0.444,0.242,0,0
TXN-001195,16762.48,NETBANKING,653,502,15,5,0.962,0.007,0,0
TXN-001196,149330.63,WALLET,289,855,9,5,0.537,0.716,1,1
TXN-001197,124180.3,UPI,1200,816,27,5,0.769,0.363,1,1
TXN-001198,18696.12,CARD,1076,1188,25,0,0.722,0.366,0,0
TXN-001199,119353.41,CARD,1084,199,11,5,0.694,0.458,0,0
TXN-001200,51432.19,WALLET,1355,923,23,2,0.568,0.594,0,0
TXN-001201,3988.48,NETBANKING,2309,743,23,2,0.307,0.716,1,0
TXN-001202,66035.37,NETBANKING,633,1424,5,1,0.607,0.859,0,1
TXN-001203,31828.14,NETBANKING,608,1197,1,2,0.364,0.509,1,0
TXN-001204,135010.6,NETBANKING,639,1203,28,4,0.314,0.374,0,0
TXN-001205,72359.67,WALLET,1556,30,22,0,0.342,0.309,0,1
TXN-001206,116724.35,UPI,807,731,16,3,0.569,0.639,0,0
TXN-001207,54597.69,UPI,1633,1283,4,2,0.507,0.271,1,0
TXN-001208,8490.62,CARD,1003,525,26,5,0.183,0.936,0,0
TXN-001209,68464.3,UPI,2496,545,18,2,0.091,0.19,0,0
TXN-001210,9223.68,CARD,1000,1200,25,4,0.477,0.098,0,0
TXN-001211,11050.88,WALLET,477,906,3,3,0.197,0.542,0,0
TXN-001212,1539.41,WALLET,457,1475,29,3,0.777,0.195,1,0
TXN-001213,37836.99,WALLET,2464,555,16,5,0.177,0.507,1,0
TXN-001214,45015.63,CARD,1398,564,22,4,0.503,0.626,0,0
TXN-001215,47949.21,WALLET,2031,335,6,0,0.76,0.673,0,0
TXN-001216,103075.14,CARD,793,223,25,1,0.213,0.502,0,1
TXN-001217,45079.21,CARD,2339,1377,5,2,0.156,0.766,0,0
TXN-001218,23654.19,WALLET,2439,854,25,5,0.269,0.933,0,1
TXN-001219,46004.23,NETBANKING,1292,922,10,3,0.563,0.763,0,1
TXN-001220,61377.29,CARD,1872,562,1,5,0.202,0.662,0,0
TXN-001221,3649.48,WALLET,1567,668,18,4,0.739,0.797,1,0
TXN-001222,16114.5,CARD,658,667,24,3,0.941,0.593,0,0
TXN-001223,136342.21,WALLET,1024,574,20,4,0.375,0.101,0,1
TXN-001224,65774.84,NETBANKING,455,967,5,5,0.074,0.977,0,0
TXN-001225,88512.27,CARD,2302,181,15,1,0.328,0.547,0,0
TXN-001226,21156.09,UPI,1286,740,29,3,0.747,0.215,0,1
TXN-001227,54394.35,CARD,1061,523,20,5,0.933,0.14,0,1
TXN-001228,73004.99,UPI,2165,124,30,4,0.373,0.566,0,0
TXN-001229,73852.22,NETBANKING,275,155,19,0,0.974,0.781,1,0
TXN-001230,126960.27,UPI,2351,960,20,5,0.993,0.752,0,1
TXN-001231,133414.43,CARD,1354,150,6,5,0.575,0.454,0,1
TXN-001232,44142.69,WALLET,78,18,8,2,0.427,0.259,0,0
TXN-001233,98076.54,CARD,2353,727,29,5,0.867,0.153,0,1
TXN-001234,15224.38,UPI,522,1107,12,0,0.327,0.315,0,0
TXN-001235,24577.01,NETBANKING,955,445,25,2,0.027,0.878,0,0
TXN-001236,56329.58,WALLET,855,780,2,3,0.439,0.199,0,1
TXN-001237,26347.01,UPI,668,430,4,3,0.741,0.358,0,1
TXN-001238,147774.3,NETBANKING,1958,523,17,0,0.945,0.016,0,1
TXN-001239,128638.21,NETBANKING,1477,635,27,0,0.434,0.848,0,0
TXN-001240,12759.28,WALLET,1931,33,9,5,0.647,0.323,0,0
TXN-001241,1490.16,CARD,575,1424,16,0,0.061,0.802,0,0
TXN-001242,123505.28,WALLET,707,358,30,4,0.965,0.742,0,0
TXN-001243,16497.8,CARD,123,1019,7,2,0.404,0.373,0,1
TXN-001244,3971.92,UPI,1928,71,24,1,0.914,0.046,0,1
TXN-001245,2339.28,CARD,378,860,3,0,0.969,0.464,0,1
TXN-001246,90530.34,UPI,1276,976,16,2,0.128,0.656,0,0
TXN-001247,112332.97,CARD,516,450,17,1,0.805,0.143,0,0
TXN-001248,42416.74,UPI,1024,464,9,1,0.73,0.301,0,0
TXN-001249,19842.89,WALLET,1536,1355,5,4,0.736,0.851,0,0
TXN-001250,146931.64,UPI,586,1300,2,1,0.162,0.323,1,1
TXN-001251,51650.88,WALLET,1852,440,15,4,0.263,0.44,0,1
TXN-001252,133889.77,NETBANKING,1397,999,25,4,0.456,0.097,0,1
TXN-001253,54876.79,UPI,2226,259,4,1,0.975,0.83,0,1
TXN-001254,52208.87,WALLET,1787,1134,3,4,0.183,0.82,1,1
TXN-001255,102118.1,UPI,814,725,17,4,0.78,0.563,1,1
TXN-001256,54462.16,CARD,2175,342,12,1,0.1,0.166,1,0
TXN-001257,112690.52,CARD,2216,1249,14,1,0.278,0.959,0,1
TXN-001258,78310.11,WALLET,1952,959,11,1,0.722,0.3,0,0
TXN-001259,100251.21,CARD,2433,137,2,3,0.14,0.481,0,1
TXN-001260,24000.51,WALLET,1602,1212,7,1,0.834,0.071,0,0
TXN-001261,18608.37,CARD,844,909,5,5,0.275,0.327,0,0
TXN-001262,115771.54,WALLET,952,1353,15,2,0.822,0.541,1,1
TXN-001263,132046.01,NETBANKING,1115,84,13,2,0.113,0.467,1,0
TXN-001264,103746.39,WALLET,1193,461,17,0,0.089,0.732,1,1
TXN-001265,127509.82,WALLET,1772,864,2,5,0.105,0.77,0,0
TXN-001266,49391.57,NETBANKING,1461,171,1,0,0.713,0.486,1,1
TXN-001267,65121.68,NETBANKING,426,1452,16,4,0.607,0.566,1,1
TXN-001268,16258.87,UPI,2358,195,4,1,0.361,0.673,1,0
TXN-001269,107771.52,UPI,1423,1326,26,3,0.852,0.573,1,0
TXN-001270,121992.78,WALLET,106,443,19,1,0.024,0.946,0,0
TXN-001271,120304.1,WALLET,1039,735,27,5,0.344,0.974,0,1
TXN-001272,7265.09,WALLET,1078,329,7,4,0.771,0.547,0,0
TXN-001273,117167.14,CARD,2048,183,11,2,0.616,0.74,0,0
TXN-001274,15284.6,UPI,1664,641,20,3,0.639,0.757,0,0
TXN-001275,72867.55,NETBANKING,1794,741,25,1,0.959,0.323,0,0
TXN-001276,136333.67,NETBANKING,2294,1103,6,3,0.618,0.076,0,0
TXN-001277,137213.13,WALLET,1079,299,23,2,0.533,0.397,0,0
TXN-001278,110468.72,NETBANKING,2336,169,11,1,0.443,0.041,1,0
TXN-001279,41140.87,WALLET,920,1424,8,1,0.875,0.44,0,1
TXN-001280,36627.66,UPI,1980,899,14,4,0.551,0.568,0,0
TXN-001281,87176.25,WALLET,1072,1448,26,2,0.803,0.264,0,0
TXN-001282,140544.63,NETBANKING,2214,732,3,5,0.134,0.86,0,1
TXN-001283,137630.17,WALLET,2193,643,4,4,0.228,0.348,1,1
TXN-001284,86181.45,UPI,1886,1268,15,3,0.591,0.065,0,0
TXN-001285,83893.51,UPI,1424,977,28,5,0.148,0.682,0,0
TXN-001286,142107.93,UPI,2449,1006,14,5,0.764,0.133,0,0
TXN-001287,46542.81,NETBANKING,1354,477,19,4,0.946,0.144,1,0
TXN-001288,145636.19,UPI,1468,1204,4,0,0.614,0.53,0,1
TXN-001289,90268.67,CARD,743,61,21,3,0.729,0.332,0,1
TXN-001290,142359.58,WALLET,1670,781,23,3,0.139,0.343,0,1
TXN-001291,106118.72,NETBANKING,2047,186,6,2,0.401,0.227,0,0
TXN-001292,14194.78,NETBANKING,84,1242,2,4,0.059,0.373,0,0
TXN-001293,79415.23,UPI,1339,788,10,0,0.8,0.568,0,0
TXN-001294,28353.47,WALLET,745,1097,7,2,0.097,0.683,0,0
TXN-001295,133726.37,CARD,2079,305,27,3,0.03,0.039,1,0
TXN-001296,46818.64,NETBANKING,442,715,22,1,0.59,0.167,0,1
TXN-001297,23372.37,NETBANKING,1863,1349,18,3,0.784,0.944,1,1
TXN-001298,54917.46,CARD,2011,386,26,3,0.042,0.059,0,0
TXN-001299,13733.93,NETBANKING,2160,1154,19,5,0.532,0.394,1,1
TXN-001300,20407.8,CARD,1200,1283,14,3,0.435,0.082,0,1
TXN-001301,84231.82,WALLET,1253,1020,26,2,0.771,0.699,1,1
TXN-001302,13469.21,CARD,1285,99,18,0,0.047,0.303,0,0
TXN-001303,7960.04,WALLET,2083,1074,28,1,0.509,0.681,0,1
TXN-001304,142499.65,CARD,1312,150,23,1,0.495,0.571,1,1
TXN-001305,57285.16,UPI,1190,10,29,1,0.66,0.915,0,0
TXN-001306,124003.17,NETBANKING,1647,92,5,1,0.599,0.622,0,0
TXN-001307,106554.85,NETBANKING,840,1339,24,2,0.409,0.01,0,1
TXN-001308,135171.26,WALLET,1039,1230,1,5,0.693,0.042,0,0
TXN-001309,33523.89,UPI,473,326,29,3,0.067,0.537,0,0
TXN-001310,107282.0,WALLET,1167,1099,10,2,0.856,0.261,0,0
TXN-001311,132615.58,UPI,2273,1020,7,1,0.518,0.036,0,1
TXN-001312,5800.89,WALLET,756,172,25,5,0.806,0.242,1,1
TXN-001313,21499.53,UPI,2063,388,25,1,0.725,0.044,0,0
TXN-001314,142567.12,CARD,1435,947,7,5,0.056,0.38,0,1
TXN-001315,94119.32,NETBANKING,1798,52,28,3,0.069,0.246,1,1
TXN-001316,21590.18,NETBANKING,233,229,22,0,0.41,0.534,1,0
TXN-001317,48316.27,UPI,588,213,22,1,0.006,0.003,0,0
TXN-001318,18034.35,CARD,145,1155,18,0,0.02,0.824,0,1
TXN-001319,92445.76,WALLET,974,1399,16,4,0.25,0.98,0,0
TXN-001320,23055.37,NETBANKING,917,296,10,5,0.731,0.963,0,0
TXN-001321,55274.91,UPI,1769,615,5,0,0.46,0.711,1,0
TXN-001322,18841.13,NETBANKING,853,832,14,3,0.461,0.452,0,0
TXN-001323,48969.05,WALLET,546,1482,17,1,0.246,0.713,1,0
TXN-001324,109423.09,NETBANKING,1898,1123,28,3,0.375,0.307,0,1
TXN-001325,81470.02,WALLET,1231,1278,14,0,0.199,0.338,0,0
TXN-001326,64824.39,WALLET,98,1422,7,3,0.567,0.172,1,0
TXN-001327,86302.86,CARD,618,843,11,3,0.246,0.738,0,0
TXN-001328,114532.55,UPI,398,134,3,0,0.009,0.862,0,0
TXN-001329,47062.75,NETBANKING,832,309,7,2,0.841,0.363,0,0
TXN-001330,105570.12,NETBANKING,1243,208,26,4,0.16,0.881,0,1
TXN-001331,136543.7,WALLET,649,1151,18,5,0.47,0.983,0,1
TXN-001332,22082.28,WALLET,398,81,5,3,0.473,0.477,0,0
TXN-001333,87775.19,CARD,1833,41,16,5,0.567,0.886,0,1
TXN-001334,20328.02,NETBANKING,1613,307,4,5,0.197,0.634,0,0
TXN-001335,147537.28,WALLET,66,1274,29,4,0.418,0.169,0,1
TXN-001336,147307.26,UPI,2006,653,29,1,0.052,0.239,0,0
TXN-001337,64999.16,UPI,1118,1345,15,5,0.08,0.551,0,0
TXN-001338,2979.9,WALLET,818,963,13,3,0.036,0.672,0,0
TXN-001339,76936.37,WALLET,1668,1449,11,1,0.943,0.719,1,0
TXN-001340,40074.21,WALLET,348,1365,30,2,0.861,0.896,0,0
TXN-001341,16146.74,UPI,726,765,3,1,0.572,0.237,0,1
TXN-001342,2115.74,NETBANKING,289,320,19,5,0.966,0.969,0,0
TXN-001343,8519.35,CARD,818,167,6,0,0.718,0.092,0,0
TXN-001344,107575.18,WALLET,1313,1281,17,1,0.476,0.197,0,0
TXN-001345,109761.55,UPI,1813,379,17,0,0.08,0.974,0,0
TXN-001346,86357.57,CARD,508,1440,25,0,0.188,0.849,0,1
TXN-001347,125422.46,NETBANKING,2464,845,17,5,0.285,0.427,0,1
TXN-001348,98260.84,NETBANKING,1153,331,3,0,0.063,0.344,0,1
TXN-001349,114688.63,WALLET,50,1382,3,2,0.588,0.916,0,1
TXN-001350,109099.62,NETBANKING,1847,734,24,3,0.37,0.3,0,1
TXN-001351,111770.91,CARD,2406,350,2,5,0.353,0.465,0,0
TXN-001352,126987.59,WALLET,1900,952,15,1,0.142,0.751,0,0
TXN-001353,118260.97,WALLET,612,819,12,0,0.434,0.817,0,0
TXN-001354,27668.05,UPI,68,802,16,1,0.271,0.198,0,1
TXN-001355,124483.75,NETBANKING,933,390,16,4,0.724,0.433,0,0
TXN-001356,9058.09,UPI,275,663,23,3,0.608,0.141,1,0
TXN-001357,62510.18,UPI,1262,1294,6,2,0.63,0.684,0,0
TXN-001358,79492.54,NETBANKING,1530,1411,28,1,0.37,0.97,0,0
TXN-001359,62608.39,CARD,1337,1410,8,2,0.634,0.902,0,0
TXN-001360,86625.25,NETBANKING,797,261,11,5,0.572,0.911,1,0
TXN-001361,37439.95,WALLET,80,642,17,0,0.384,0.148,0,0
TXN-001362,69457.12,NETBANKING,275,921,13,1,0.791,0.276,0,0
TXN-001363,8947.29,CARD,915,1297,1,2,0.356,0.621,1,0
TXN-001364,143504.48,WALLET,1287,1239,29,4,0.2,0.811,0,1
TXN-001365,9178.39,CARD,2145,1033,10,1,0.791,0.423,0,0
TXN-001366,21694.53,UPI,119,1335,21,3,0.079,0.465,0,0
TXN-001367,83334.13,WALLET,1287,221,30,2,0.456,0.198,1,1
TXN-001368,88013.4,NETBANKING,70,254,2,2,0.553,0.369,0,0
TXN-001369,94370.66,NETBANKING,1621,365,11,4,0.836,0.035,0,0
TXN-001370,85322.59,UPI,541,1018,3,0,0.14,0.102,0,1
TXN-001371,54111.51,NETBANKING,1386,167,14,2,0.751,0.492,1,1
TXN-001372,96308.62,WALLET,635,1123,27,0,0.814,0.448,0,1
TXN-001373,8571.48,UPI,215,1317,27,5,0.226,0.042,0,0
TXN-001374,143167.71,CARD,2051,655,11,3,0.756,0.67,0,1
TXN-001375,100479.35,WALLET,2253,140,2,1,0.59,0.209,1,1
TXN-001376,105303.45,NETBANKING,2086,337,13,1,0.152,0.007,1,1
TXN-001377,56207.66,WALLET,655,413,25,4,0.256,0.196,0,1
TXN-001378,42878.72,UPI,1825,1236,21,5,0.512,0.406,0,1
TXN-001379,120714.91,CARD,820,1168,24,5,0.299,0.69,0,1
TXN-001380,8249.7,CARD,2322,517,7,4,0.024,0.012,0,1
TXN-001381,142024.58,WALLET,1341,938,13,4,0.754,0.921,0,0
TXN-001382,100086.94,CARD,319,1263,4,0,0.853,0.619,0,0
TXN-001383,45586.64,WALLET,2327,327,4,0,0.368,0.646,0,0
TXN-001384,62681.31,UPI,1219,72,29,0,0.302,0.263,0,0
TXN-001385,111664.65,UPI,1952,358,1,0,0.086,0.235,1,1
TXN-001386,105461.22,WALLET,260,1498,23,1,0.215,0.398,0,1
TXN-001387,64929.88,WALLET,1690,359,1,4,0.897,0.657,0,0
TXN-001388,30484.52,NETBANKING,100,1375,9,1,0.235,0.448,0,0
TXN-001389,125325.33,WALLET,2290,1440,16,1,0.716,0.743,0,1
TXN-001390,55157.84,WALLET,2231,336,12,5,0.902,0.726,1,1
TXN-001391,95933.2,WALLET,713,1189,13,2,0.467,0.347,0,0
TXN-001392,112773.72,WALLET,2222,836,12,3,0.086,0.253,0,0
TXN-001393,96855.07,WALLET,2209,1394,6,0,0.343,0.918,0,0
TXN-001394,124818.76,CARD,2350,286,27,1,0.825,0.396,0,0
TXN-001395,81645.11,UPI,2358,9,9,4,0.665,0.165,0,0
TXN-001396,48890.55,NETBANKING,2247,809,17,5,0.819,0.219,0,0
TXN-001397,148193.79,CARD,1859,319,27,5,0.895,0.188,0,1
TXN-001398,137384.97,NETBANKING,991,832,10,1,0.542,0.097,0,1
TXN-001399,44438.03,CARD,761,1394,3,0,0.253,0.951,0,0
TXN-001400,1684.21,NETBANKING,1406,795,12,1,0.304,0.619,0,0
TXN-001401,146554.32,WALLET,1310,720,1,2,0.701,0.861,0,1
TXN-001402,88110.0,NETBANKING,2009,56,13,0,0.963,0.759,0,1
TXN-001403,13898.12,CARD,386,932,13,5,0.337,0.604,0,0
TXN-001404,82938.6,WALLET,888,1257,14,0,0.01,0.128,0,1
TXN-001405,27266.87,NETBANKING,2315,795,26,4,0.654,0.049,1,0
TXN-001406,73715.74,WALLET,1202,334,2,2,0.601,0.427,0,1
TXN-001407,72988.49,UPI,1587,1340,29,1,0.772,0.044,0,1
TXN-001408,102486.67,WALLET,937,1462,15,5,0.948,0.116,0,1
TXN-001409,146821.66,UPI,1795,1017,12,5,0.43,0.708,0,1
TXN-001410,5127.18,WALLET,2283,1438,14,0,0.065,0.263,0,0
TXN-001411,137899.24,CARD,496,50,6,0,0.57,0.665,0,0
TXN-001412,71734.17,CARD,2385,847,4,4,0.04,0.202,0,0
TXN-001413,58667.39,NETBANKING,246,1045,26,0,0.113,0.666,1,1
TXN-001414,121738.11,NETBANKING,999,984,26,1,0.189,0.475,0,1
TXN-001415,58239.84,UPI,599,1367,5,4,0.145,0.761,0,0
TXN-001416,37135.47,WALLET,1482,462,27,2,0.406,0.752,0,0
TXN-001417,4247.02,NETBANKING,1601,922,20,1,0.749,0.127,1,0
TXN-001418,113338.98,CARD,989,1227,17,2,0.497,0.075,1,1
TXN-001419,84296.83,CARD,164,757,9,3,0.281,0.65,0,0
TXN-001420,90833.85,NETBANKING,1925,1048,16,3,0.757,0.84,1,1
TXN-001421,13739.06,WALLET,1403,1092,17,4,0.631,0.252,0,0
TXN-001422,89205.63,CARD,1283,664,30,1,0.566,0.349,0,0
TXN-001423,77699.0,WALLET,1141,541,20,3,0.67,0.188,1,0
TXN-001424,103280.99,CARD,1481,1460,18,4,0.321,0.798,1,1
TXN-001425,108439.11,NETBANKING,1012,422,20,5,0.83,0.183,0,1
TXN-001426,72703.06,NETBANKING,2328,941,18,2,0.146,0.606,0,0
TXN-001427,121985.87,WALLET,14,137,7,2,0.928,0.455,1,1
TXN-001428,63131.93,NETBANKING,209,876,21,3,0.595,0.476,0,1
TXN-001429,27247.6,NETBANKING,224,85,28,0,0.277,0.548,0,0
TXN-001430,138869.6,WALLET,840,82,29,5,0.567,0.01,0,1
TXN-001431,36177.97,CARD,2473,1169,25,2,0.928,0.354,0,1
TXN-001432,87659.59,CARD,704,785,7,4,0.616,0.954,0,0
TXN-001433,18772.04,CARD,1665,453,8,3,0.61,0.892,0,1
TXN-001434,35891.73,NETBANKING,1783,1188,28,4,0.85,0.446,0,0
TXN-001435,61339.34,WALLET,1813,308,24,3,0.851,0.751,0,1
TXN-001436,101029.34,WALLET,2147,702,11,0,0.499,0.616,0,0
TXN-001437,105548.11,WALLET,690,828,7,1,0.314,0.405,0,0
TXN-001438,56978.66,WALLET,100,1406,30,4,0.244,0.698,0,1
TXN-001439,51843.1,WALLET,84,1006,14,5,0.445,0.424,0,0
TXN-001440,40441.33,NETBANKING,1961,324,6,1,0.854,0.645,1,0
TXN-001441,146876.31,NETBANKING,197,469,3,5,0.916,0.092,1,1
TXN-001442,78835.55,NETBANKING,1856,306,10,1,0.859,0.279,0,0
TXN-001443,25077.66,UPI,950,189,20,0,0.573,0.783,0,0
TXN-001444,141308.21,CARD,968,36,26,1,0.603,0.077,0,0
TXN-001445,26891.72,UPI,1895,1134,25,2,0.723,0.153,0,0
TXN-001446,48889.13,CARD,1116,1052,27,0,0.501,0.895,0,1
TXN-001447,70413.13,CARD,991,1248,27,2,0.574,0.279,0,1
TXN-001448,16570.44,CARD,664,1311,20,0,0.067,0.377,0,0
TXN-001449,119845.82,WALLET,2255,1109,24,3,0.889,0.467,1,1
TXN-001450,86663.03,WALLET,1030,1073,30,3,0.167,0.858,0,1
TXN-001451,90009.75,NETBANKING,1223,237,20,3,0.383,0.3,0,0
TXN-001452,112571.68,CARD,1784,1308,25,1,0.45,0.59,0,1
TXN-001453,21433.07,CARD,1799,518,16,3,0.466,0.465,0,1
TXN-001454,143946.79,CARD,597,1311,30,0,0.295,0.053,0,0
TXN-001455,130829.72,UPI,2451,603,12,4,0.552,0.041,0,1
TXN-001456,29102.55,CARD,46,208,5,5,0.711,0.27,0,0
TXN-001457,55752.84,WALLET,1653,685,26,4,0.46,0.622,0,1
TXN-001458,77597.93,UPI,1796,999,14,4,0.036,0.779,1,0
TXN-001459,23084.17,WALLET,1353,1353,23,3,0.731,0.635,0,0
TXN-001460,29530.5,WALLET,1130,808,8,0,0.044,0.012,0,0
TXN-001461,29130.27,CARD,1749,1121,19,2,0.99,0.211,0,0
TXN-001462,39899.6,WALLET,271,449,15,1,0.925,0.493,0,0
TXN-001463,51476.3,NETBANKING,1921,529,19,4,0.548,0.901,0,1
TXN-001464,100196.0,NETBANKING,2433,503,8,0,0.434,0.272,1,0
TXN-001465,108669.09,WALLET,211,1212,10,2,0.106,0.148,0,0
TXN-001466,37385.83,CARD,404,1429,18,4,0.363,0.743,0,1
TXN-001467,36449.88,WALLET,272,643,30,0,0.436,0.815,0,0
TXN-001468,4686.27,NETBANKING,485,631,8,3,0.879,0.492,0,0
TXN-001469,127432.56,NETBANKING,997,1251,26,1,0.336,0.598,1,0
TXN-001470,15188.91,UPI,35,308,18,3,0.493,0.092,0,1
TXN-001471,26718.2,CARD,1194,752,22,5,0.918,0.7,1,1
TXN-001472,133942.67,NETBANKING,410,80,19,0,0.988,0.614,0,0
TXN-001473,123646.22,WALLET,441,548,19,2,0.615,0.526,1,1
TXN-001474,69404.25,NETBANKING,645,1318,25,5,0.515,0.496,0,1
TXN-001475,127838.25,CARD,1937,927,12,4,0.306,0.653,0,0
TXN-001476,35345.25,NETBANKING,1338,432,8,3,0.149,0.155,0,0
TXN-001477,17745.95,UPI,1839,259,5,5,0.073,0.77,0,0
TXN-001478,65356.69,UPI,2262,1494,19,2,0.937,0.21,0,1
TXN-001479,58680.06,NETBANKING,271,101,2,2,0.39,0.813,0,0
TXN-001480,129399.9,WALLET,545,670,24,5,0.422,0.315,1,1
TXN-001481,117502.68,NETBANKING,1704,191,16,2,0.148,0.884,0,0
TXN-001482,136105.3,CARD,1712,79,25,0,0.632,0.711,1,1
TXN-001483,15779.13,CARD,865,303,11,5,0.659,0.737,1,0
TXN-001484,133449.0,CARD,1782,1498,26,0,0.455,0.719,1,1
TXN-001485,113390.46,UPI,1166,682,1,3,0.589,0.965,0,0
TXN-001486,62645.04,WALLET,2494,1172,8,2,0.835,0.223,0,0
TXN-001487,127839.49,CARD,2374,521,13,2,0.004,0.229,0,1
TXN-001488,437.34,UPI,312,561,18,4,0.94,0.016,0,0
TXN-001489,87068.42,NETBANKING,475,481,30,3,0.561,0.329,1,1
TXN-001490,64482.12,NETBANKING,1006,983,1,0,0.13,0.749,0,0
TXN-001491,100804.45,WALLET,663,874,7,5,0.164,0.098,0,0
TXN-001492,103764.47,UPI,313,319,28,0,0.853,0.003,0,0
TXN-001493,119184.54,NETBANKING,734,233,25,3,0.338,0.5,1,1
TXN-001494,72238.16,NETBANKING,342,730,26,0,0.353,0.388,0,0
TXN-001495,136646.9,UPI,260,333,5,2,0.16,0.815,1,1
TXN-001496,138714.61,NETBANKING,123,697,28,3,0.793,0.432,1,1
TXN-001497,28602.54,WALLET,2402,1429,3,5,0.227,0.657,0,0
TXN-001498,96414.85,CARD,172,75,15,1,0.004,0.355,0,0
TXN-001499,125644.12,NETBANKING,1899,175,5,0,0.595,0.561,0,0
TXN-001500,83082.4,NETBANKING,491,1280,26,0,0.786,0.638,0,0
TXN-001501,63903.53,UPI,437,113,10,5,0.964,0.137,0,0
TXN-001502,42172.15,WALLET,305,1088,12,0,0.498,0.739,0,0
TXN-001503,42844.77,CARD,382,282,30,4,0.603,0.852,0,1
TXN-001504,39703.56,NETBANKING,1304,254,6,4,0.212,0.8,0,1
TXN-001505,126235.93,UPI,2249,1183,28,5,0.546,0.906,0,0
TXN-001506,112870.06,UPI,1278,861,3,5,0.333,0.741,0,1
TXN-001507,141709.94,UPI,438,977,2,3,0.81,0.406,0,1
TXN-001508,140954.61,CARD,336,685,6,1,0.648,0.569,0,0
TXN-001509,109339.42,CARD,694,1398,17,1,0.99,0.005,1,1
TXN-001510,109504.71,CARD,2018,1122,8,0,0.43,0.613,0,0
TXN-001511,43976.68,CARD,1657,1210,14,4,0.288,0.249,0,1
TXN-001512,90827.86,UPI,470,831,19,1,0.747,0.691,1,0
TXN-001513,87072.6,CARD,543,1457,2,1,0.998,0.745,0,1
TXN-001514,32798.54,UPI,2354,6,21,1,0.717,0.83,0,1
TXN-001515,31029.38,CARD,603,1484,21,0,0.869,0.325,0,0
TXN-001516,102079.15,WALLET,826,1301,5,1,0.389,0.188,0,0
TXN-001517,41157.23,UPI,1033,7,14,3,0.159,0.781,0,0
TXN-001518,30655.6,UPI,1177,289,10,2,0.177,0.769,0,0
TXN-001519,52241.66,CARD,1841,412,23,2,0.839,0.964,0,1
TXN-001520,65775.58,CARD,71,481,21,3,0.385,0.986,1,1
TXN-001521,108214.28,NETBANKING,405,557,28,5,0.516,0.31,0,1
TXN-001522,143577.4,UPI,989,580,9,1,0.758,0.668,1,0
TXN-001523,146620.02,UPI,611,41,11,5,0.77,0.42,0,1
TXN-001524,28187.04,NETBANKING,1741,515,23,2,0.586,0.629,1,1
TXN-001525,70830.99,CARD,1004,666,2,2,0.357,0.759,1,1
TXN-001526,64680.4,UPI,313,212,19,1,0.231,0.867,0,1
TXN-001527,149393.81,UPI,421,1395,18,3,0.718,0.221,0,1
TXN-001528,5588.72,UPI,2407,838,4,2,0.643,0.89,0,0
TXN-001529,35582.76,UPI,384,513,26,4,0.537,0.629,0,0
TXN-001530,41634.52,CARD,27,1003,27,1,0.796,0.887,0,1
TXN-001531,34476.45,NETBANKING,1,875,23,2,0.935,0.753,1,1
TXN-001532,14716.93,UPI,1128,395,6,1,0.234,0.045,0,0
TXN-001533,29726.94,NETBANKING,1888,126,22,3,0.226,0.135,0,0
TXN-001534,113512.75,NETBANKING,1769,316,23,0,0.834,0.159,0,1
TXN-001535,5365.91,CARD,1722,223,3,1,0.212,0.154,0,0
TXN-001536,121908.67,NETBANKING,2131,1462,18,5,0.531,0.901,1,0
TXN-001537,23693.83,CARD,1840,871,6,4,0.837,0.445,0,0
TXN-001538,138939.35,UPI,804,832,10,3,0.773,0.465,0,0
TXN-001539,19104.16,UPI,942,1435,18,0,0.56,0.395,1,1
TXN-001540,27050.91,CARD,518,493,30,0,0.508,0.607,0,0
TXN-001541,12626.83,UPI,1064,535,11,4,0.136,0.178,0,0
TXN-001542,30874.53,CARD,367,1061,5,4,0.442,0.422,1,0
TXN-001543,48344.18,CARD,1132,692,1,0,0.765,0.78,0,1
TXN-001544,24822.1,UPI,339,1409,7,3,0.953,0.098,1,1
TXN-001545,94663.82,UPI,614,724,11,3,0.672,0.795,1,0
TXN-001546,39194.53,UPI,2236,303,20,5,0.576,0.477,0,1
TXN-001547,123671.12,NETBANKING,2054,1274,26,0,0.314,0.469,1,1
TXN-001548,6717.55,UPI,12,1356,9,1,0.378,0.637,0,0
TXN-001549,41334.39,CARD,1660,774,19,0,0.236,0.149,0,0
TXN-001550,55497.99,UPI,1500,636,27,1,0.785,0.375,0,0
TXN-001551,8050.2,CARD,985,841,20,4,0.558,0.618,0,1
TXN-001552,9200.69,UPI,502,803,9,4,0.124,0.556,1,1
TXN-001553,110019.42,CARD,2243,971,16,1,0.516,0.378,0,1
TXN-001554,36409.86,UPI,580,1427,13,4,0.678,0.726,1,0
TXN-001555,23873.07,CARD,1720,1469,5,2,0.722,0.845,0,1
TXN-001556,144119.97,NETBANKING,337,947,28,0,0.822,0.292,0,1
TXN-001557,112568.92,NETBANKING,174,383,13,1,0.721,0.369,1,1
TXN-001558,143886.84,UPI,347,963,13,2,0.411,0.28,0,0
TXN-001559,109643.93,NETBANKING,989,1139,23,4,0.519,0.83,0,0
TXN-001560,20224.65,UPI,1393,77,10,5,0.639,0.993,0,1
TXN-001561,32498.41,NETBANKING,796,1078,9,4,0.315,0.709,0,0
TXN-001562,120911.6,UPI,388,1457,20,3,0.526,0.721,0,0
TXN-001563,29872.97,UPI,811,1009,7,1,0.405,0.323,0,0
TXN-001564,128236.55,UPI,344,1254,25,4,0.497,0.962,0,1
TXN-001565,75152.46,WALLET,2264,1476,28,4,0.892,0.011,0,0
TXN-001566,149589.74,UPI,2401,219,11,3,0.112,0.128,1,1
TXN-001567,56655.94,WALLET,2038,541,24,2,0.823,0.596,0,0
TXN-001568,102050.1,WALLET,1507,1249,26,2,0.134,0.058,0,0
TXN-001569,130639.16,NETBANKING,446,1105,10,1,0.231,0.53,0,0
TXN-001570,113502.53,WALLET,798,350,27,5,0.158,0.216,1,1
TXN-001571,67748.66,NETBANKING,1384,857,3,0,0.255,0.036,0,0
TXN-001572,61146.46,UPI,1503,1292,1,2,0.238,0.936,0,0
TXN-001573,111589.2,UPI,478,264,14,0,0.939,0.944,0,1
TXN-001574,59734.76,UPI,112,792,5,5,0.456,0.32,0,0
TXN-001575,115162.44,NETBANKING,1395,729,2,3,0.509,0.183,1,1
TXN-001576,127130.01,WALLET,2300,1320,29,1,0.621,0.984,0,0
TXN-001577,6147.24,CARD,1246,1136,1,4,0.985,0.78,0,1
TXN-001578,129438.77,CARD,1669,95,7,1,0.645,0.615,0,1
TXN-001579,55647.37,UPI,2481,98,17,2,0.993,0.581,0,1
TXN-001580,27348.53,UPI,1856,523,19,1,0.403,0.598,1,0
TXN-001581,85950.02,WALLET,1215,1132,21,4,0.759,0.746,0,0
TXN-001582,44402.57,NETBANKING,2373,787,21,4,0.248,0.33,0,1
TXN-001583,75115.71,NETBANKING,2333,1268,26,1,0.953,0.891,0,0
TXN-001584,121080.9,CARD,1206,290,25,3,0.404,0.56,0,1
TXN-001585,3541.8,WALLET,635,816,21,0,0.457,0.418,0,1
TXN-001586,32464.44,CARD,2130,1243,8,2,0.67,0.602,0,0
TXN-001587,78079.26,UPI,1167,7,29,2,0.96,0.887,0,0
TXN-001588,84983.55,WALLET,1399,62,18,1,0.406,0.763,1,1
TXN-001589,39979.18,WALLET,2347,775,12,3,0.63,0.923,0,0
TXN-001590,121330.45,UPI,597,390,26,4,0.314,0.337,0,0
TXN-001591,116605.07,WALLET,2218,306,8,4,0.796,0.311,1,1
TXN-001592,6180.26,UPI,673,980,25,1,0.001,0.668,1,0
TXN-001593,136110.12,WALLET,257,113,4,3,0.504,0.075,0,0
TXN-001594,123516.39,UPI,197,136,13,4,0.056,0.648,0,0
TXN-001595,11067.1,NETBANKING,223,929,14,1,0.863,0.522,1,0
TXN-001596,94083.95,UPI,1509,452,21,2,0.27,0.896,0,1
TXN-001597,58671.62,UPI,1840,287,24,3,0.763,0.412,0,1
TXN-001598,83364.13,UPI,2016,1485,21,3,0.923,0.923,0,0
TXN-001599,39605.53,WALLET,2147,1382,18,2,0.067,0.195,0,1
TXN-001600,140592.53,NETBANKING,1466,1465,30,1,0.203,0.916,0,1
TXN-001601,139082.3,WALLET,44,420,28,1,0.678,0.079,0,1
TXN-001602,32908.77,WALLET,975,1052,22,2,0.132,0.496,1,1
TXN-001603,28639.04,WALLET,305,1368,18,2,0.307,0.593,0,1
TXN-001604,129632.01,NETBANKING,2091,89,27,0,0.431,0.285,0,0
TXN-001605,102339.11,UPI,1632,964,18,0,0.928,0.905,0,0
TXN-001606,11369.27,CARD,378,1007,29,4,0.536,0.182,0,0
TXN-001607,146054.39,CARD,2346,1119,11,5,0.83,0.784,1,1
TXN-001608,63960.47,CARD,2210,498,29,0,0.848,0.177,0,1
TXN-001609,34413.35,WALLET,94,1010,26,5,0.589,0.719,0,0
TXN-001610,149170.71,WALLET,1960,1434,2,3,0.861,0.496,0,0
TXN-001611,2417.73,UPI,1541,1108,5,0,0.659,0.171,0,0
TXN-001612,23966.65,WALLET,1500,31,25,2,0.539,0.447,0,0
TXN-001613,22636.04,UPI,2142,1334,25,1,0.073,0.571,0,0
TXN-001614,113268.96,UPI,2284,1210,18,5,0.269,0.43,1,0
TXN-001615,130224.84,CARD,520,78,28,2,0.798,0.951,0,0
TXN-001616,89773.61,NETBANKING,2079,598,21,1,0.298,0.606,1,0
TXN-001617,42606.53,WALLET,2236,1040,15,0,0.695,0.441,0,0
TXN-001618,81640.94,WALLET,1600,979,7,4,0.769,0.657,0,1
TXN-001619,117059.16,UPI,1890,1014,20,4,0.492,0.542,1,1
TXN-001620,107809.11,CARD,531,656,17,4,0.196,0.994,0,1
TXN-001621,198.13,CARD,973,756,2,5,0.269,0.03,0,0
TXN-001622,92968.92,WALLET,2332,79,1,5,0.125,0.28,1,0
TXN-001623,51460.46,NETBANKING,1100,515,6,4,0.393,0.594,0,0
TXN-001624,122302.46,NETBANKING,761,1308,8,5,0.952,0.684,1,0
TXN-001625,124563.22,CARD,797,1119,29,4,0.935,0.34,0,1
TXN-001626,102111.37,NETBANKING,765,1092,25,2,0.722,0.932,0,1
TXN-001627,145297.34,CARD,1654,1207,8,5,0.222,0.53,0,1
TXN-001628,148715.25,UPI,2294,1456,13,2,0.366,0.952,0,0
TXN-001629,142441.6,NETBANKING,65,1250,11,3,0.773,0.287,0,1
TXN-001630,46062.24,UPI,2099,1182,3,0,0.914,0.599,0,0
TXN-001631,124970.38,NETBANKING,2384,484,9,0,0.086,0.364,0,1
TXN-001632,44118.13,UPI,1339,672,7,0,0.217,0.174,1,0
TXN-001633,71430.76,UPI,976,873,15,2,0.046,0.96,0,0
TXN-001634,96532.48,UPI,1162,179,2,2,0.177,0.383,1,0
TXN-001635,78605.78,UPI,2479,270,25,3,0.007,0.361,0,1
TXN-001636,133538.77,NETBANKING,2284,877,14,0,0.956,0.864,1,0
TXN-001637,67521.97,WALLET,1145,612,28,1,0.138,0.706,1,0
TXN-001638,133986.33,NETBANKING,2218,1295,11,5,0.588,0.965,0,1
TXN-001639,19421.64,UPI,340,1420,14,2,0.025,0.933,0,1
TXN-001640,120263.06,NETBANKING,941,1201,21,1,0.073,0.236,0,0
TXN-001641,10479.46,UPI,1328,697,16,0,0.522,0.633,0,0
TXN-001642,42658.03,NETBANKING,2130,1075,20,3,0.386,0.62,0,0
TXN-001643,127566.27,CARD,1733,920,29,5,0.789,0.719,0,1
TXN-001644,1054.17,NETBANKING,2111,1442,6,2,0.288,0.95,0,0
TXN-001645,26013.8,UPI,548,390,27,0,0.126,0.607,0,0
TXN-001646,8941.78,UPI,369,1065,8,3,0.262,0.16,1,1
TXN-001647,79923.72,WALLET,1655,1063,23,0,0.665,0.177,0,0
TXN-001648,48195.24,NETBANKING,2303,1286,9,3,0.136,0.155,1,0
TXN-001649,92829.87,WALLET,1567,1347,18,1,0.73,0.392,1,0
TXN-001650,144056.55,WALLET,720,130,15,5,0.215,0.443,0,0
TXN-001651,138920.46,NETBANKING,745,354,5,4,0.955,0.91,0,0
TXN-001652,143305.76,WALLET,1340,1347,28,4,0.075,0.303,1,1
TXN-001653,25067.92,NETBANKING,1002,1183,28,4,0.203,0.556,0,0
TXN-001654,73416.57,WALLET,2020,449,6,3,0.29,0.942,1,1
TXN-001655,38159.05,WALLET,478,370,29,3,0.604,0.848,1,1
TXN-001656,85699.38,WALLET,287,332,2,2,0.246,0.901,0,0
TXN-001657,32214.16,NETBANKING,567,1187,18,4,0.243,0.149,0,0
TXN-001658,59630.04,UPI,2245,386,6,0,0.883,0.265,1,0
TXN-001659,140965.06,WALLET,2125,1032,17,4,0.438,0.684,0,1
TXN-001660,95650.33,WALLET,250,83,7,0,0.278,0.302,0,0
TXN-001661,128292.33,NETBANKING,449,943,3,2,0.835,0.163,0,1
TXN-001662,22467.38,CARD,2404,714,22,0,0.092,0.199,0,1
TXN-001663,123505.05,UPI,2362,852,16,0,0.21,0.593,0,1
TXN-001664,7357.63,CARD,622,237,7,1,0.118,0.687,0,0
TXN-001665,99061.4,UPI,472,1241,25,5,0.673,0.116,0,1
TXN-001666,137001.46,UPI,496,1265,24,0,0.446,0.723,1,0
TXN-001667,29772.9,CARD,152,602,19,1,0.431,0.337,1,0
TXN-001668,68355.95,NETBANKING,2134,213,5,2,0.176,0.09,0,0
TXN-001669,21177.62,NETBANKING,36,1181,22,2,0.982,0.15,0,1
TXN-001670,126014.71,CARD,1503,717,24,3,0.84,0.066,0,1
TXN-001671,85373.63,NETBANKING,526,1423,19,3,0.823,0.776,0,1
TXN-001672,41391.74,WALLET,1471,1126,11,4,0.367,0.307,0,0
TXN-001673,38977.65,UPI,640,53,5,3,0.93,0.422,0,0
TXN-001674,83673.51,NETBANKING,248,341,20,4,0.062,0.719,0,1
TXN-001675,88662.82,WALLET,935,267,5,2,0.531,0.945,0,1
TXN-001676,142941.88,CARD,32,455,23,5,0.866,0.032,0,1
TXN-001677,54541.7,WALLET,2034,1156,30,5,0.451,0.423,0,1
TXN-001678,88559.42,NETBANKING,1524,584,14,1,0.946,0.251,0,0
TXN-001679,37739.82,WALLET,12,227,2,4,0.059,0.119,1,1
TXN-001680,4094.15,WALLET,2269,471,4,3,0.399,0.763,0,1
TXN-001681,77490.36,UPI,2118,200,26,5,0.67,0.448,0,0
TXN-001682,16316.42,NETBANKING,250,950,3,1,0.508,0.409,0,0
TXN-001683,106921.93,NETBANKING,327,98,27,2,0.361,0.531,0,1
TXN-001684,120173.89,CARD,468,1442,7,0,0.017,0.435,0,0
TXN-001685,105540.82,NETBANKING,2033,61,7,0,0.561,0.334,0,1
TXN-001686,121498.92,WALLET,1042,896,29,3,0.437,0.149,0,1
TXN-001687,124620.89,WALLET,78,66,2,2,0.403,0.426,0,0
TXN-001688,3837.51,UPI,478,104,15,4,0.486,0.467,0,1
TXN-001689,98299.97,CARD,2228,1131,3,5,0.563,0.7,0,1
TXN-001690,100189.68,UPI,1298,353,2,2,0.611,0.502,1,0
TXN-001691,89730.21,WALLET,1618,1242,17,3,0.639,0.648,0,0
TXN-001692,102804.84,WALLET,1566,1235,18,5,0.293,0.411,0,1
TXN-001693,72794.82,UPI,1987,983,19,2,0.248,0.831,0,1
TXN-001694,110571.5,NETBANKING,2388,1165,30,0,0.996,0.446,0,0
TXN-001695,136669.52,CARD,1765,1353,5,0,0.214,0.051,0,1
TXN-001696,61670.21,CARD,113,1292,26,5,0.628,0.095,1,1
TXN-001697,102683.49,WALLET,601,230,3,3,0.963,0.731,1,0
TXN-001698,76281.8,UPI,2239,818,29,2,0.304,0.138,0,0
TXN-001699,132527.86,CARD,2340,902,17,2,0.438,0.012,0,0
TXN-001700,38999.15,UPI,1716,972,11,3,0.667,0.829,0,0
TXN-001701,12860.69,WALLET,375,1328,22,0,0.934,0.511,0,0
TXN-001702,90025.27,WALLET,2293,1034,5,3,0.726,0.392,0,1
TXN-001703,88367.37,CARD,483,530,29,0,0.79,0.424,0,1
TXN-001704,134948.09,CARD,726,999,10,5,0.894,0.691,1,1
TXN-001705,56670.29,UPI,1886,1190,26,5,0.67,0.398,0,0
TXN-001706,138941.44,NETBANKING,2498,771,13,4,0.249,0.265,1,1
TXN-001707,68013.66,NETBANKING,622,133,15,0,0.153,0.338,0,1
TXN-001708,140019.3,CARD,1666,564,18,4,0.125,0.503,1,1
TXN-001709,60079.57,CARD,169,893,5,2,0.395,0.151,1,0
TXN-001710,10315.66,UPI,260,183,10,0,0.214,0.83,1,0
TXN-001711,113348.11,CARD,838,1464,14,0,0.233,0.475,0,1
TXN-001712,147153.79,UPI,1043,658,18,4,0.094,0.332,0,1
TXN-001713,143426.62,NETBANKING,2030,297,9,0,0.616,0.429,0,0
TXN-001714,41112.65,WALLET,1647,130,16,5,0.484,0.912,0,0
TXN-001715,89222.62,UPI,2240,1109,30,5,0.003,0.401,1,1
TXN-001716,12034.96,NETBANKING,1695,1059,28,0,0.787,0.84,1,0
TXN-001717,94025.86,NETBANKING,2237,865,20,5,0.538,0.805,0,0
TXN-001718,82477.86,NETBANKING,2076,781,19,2,0.689,0.867,0,0
TXN-001719,146836.54,UPI,454,255,20,1,0.722,0.68,0,0
TXN-001720,37034.84,WALLET,183,720,4,0,0.474,0.422,0,0
TXN-001721,80718.84,WALLET,849,863,11,1,0.411,0.709,0,0
TXN-001722,39059.81,NETBANKING,2456,115,13,3,0.008,0.025,1,0
TXN-001723,44877.13,NETBANKING,733,97,10,3,0.999,0.682,0,0
TXN-001724,61628.0,NETBANKING,1786,537,6,0,0.82,0.931,0,0
TXN-001725,73555.39,WALLET,1393,1101,29,0,0.571,0.783,0,0
TXN-001726,28923.9,UPI,1742,268,8,2,0.258,0.404,0,0
TXN-001727,27730.37,WALLET,1379,1435,10,0,0.108,0.633,1,0
TXN-001728,8149.49,WALLET,657,383,4,1,0.152,0.181,0,0
TXN-001729,71806.9,WALLET,1273,822,5,2,0.613,0.39,0,1
TXN-001730,106400.23,UPI,379,763,30,4,0.815,0.251,1,0
TXN-001731,1017.28,UPI,444,972,19,4,0.982,0.481,0,1
TXN-001732,11961.91,NETBANKING,1819,28,30,2,0.446,0.994,0,0
TXN-001733,95825.25,WALLET,312,302,24,0,0.92,0.053,1,1
TXN-001734,113982.35,WALLET,1402,467,14,2,0.696,0.729,1,1
TXN-001735,52618.13,CARD,1510,543,17,1,0.31,0.123,1,1
TXN-001736,131809.63,NETBANKING,1100,97,2,5,0.945,0.254,0,0
TXN-001737,50847.03,CARD,807,158,4,1,0.944,0.154,0,0
TXN-001738,92255.01,WALLET,348,924,15,3,0.764,0.243,0,1
TXN-001739,4702.69,WALLET,696,150,29,3,0.354,0.013,1,0
TXN-001740,10184.01,WALLET,1012,86,9,2,0.715,0.194,0,0
TXN-001741,81843.27,CARD,1093,1279,29,1,0.331,0.23,0,1
TXN-001742,138132.8,UPI,2109,142,23,3,0.441,0.505,1,0
TXN-001743,51866.52,CARD,1143,521,9,5,0.956,0.262,0,0
TXN-001744,31618.88,NETBANKING,271,974,20,4,0.217,0.705,1,1
TXN-001745,102967.44,NETBANKING,987,1319,20,0,0.147,0.456,1,0
TXN-001746,110327.64,WALLET,2402,1081,17,1,0.885,0.764,1,1
TXN-001747,147794.04,WALLET,2371,1440,5,3,0.105,0.84,0,1
TXN-001748,5560.74,UPI,2451,1107,24,3,0.71,0.175,0,0
TXN-001749,97339.75,WALLET,667,1068,8,1,0.568,0.103,0,1
TXN-001750,138000.6,CARD,2321,431,6,4,0.867,0.924,1,1
TXN-001751,18256.88,UPI,62,380,8,1,0.889,0.016,1,0
TXN-001752,56972.42,UPI,123,1041,27,5,0.597,0.868,0,1
TXN-001753,82206.38,NETBANKING,776,764,13,0,0.289,0.917,0,0
TXN-001754,97516.36,UPI,2416,1046,25,0,0.786,0.276,1,1
TXN-001755,46468.57,NETBANKING,401,72,1,1,0.733,0.995,0,0
TXN-001756,625.9,NETBANKING,1350,1205,13,3,0.834,0.331,0,0
TXN-001757,134543.33,WALLET,1729,551,3,0,0.013,0.647,0,0
TXN-001758,106372.92,CARD,1156,4,26,3,0.542,0.101,1,1
TXN-001759,70468.12,UPI,1505,1151,25,1,0.43,0.548,0,0
TXN-001760,108869.78,WALLET,653,796,20,3,0.785,0.528,1,1
TXN-001761,78053.85,UPI,1936,1084,22,5,0.641,0.782,0,1
TXN-001762,120447.33,WALLET,740,744,15,0,0.569,0.897,0,1
TXN-001763,141495.88,CARD,1768,1437,25,2,0.455,0.963,1,1
TXN-001764,45478.58,UPI,2267,12,25,4,0.369,0.139,0,1
TXN-001765,76623.46,UPI,1887,997,15,2,0.706,0.671,0,1
TXN-001766,90358.26,UPI,396,1110,22,5,0.551,0.28,1,0
TXN-001767,65417.79,CARD,667,289,20,3,0.334,0.588,0,0
TXN-001768,132258.05,NETBANKING,1501,546,30,1,0.105,0.554,0,0
TXN-001769,125267.75,NETBANKING,1783,1036,5,0,0.845,0.142,0,0
TXN-001770,106574.96,UPI,204,130,21,3,0.22,0.704,0,1
TXN-001771,8020.89,CARD,866,279,9,3,0.992,0.503,1,0
TXN-001772,132833.27,NETBANKING,21,120,3,3,0.52,0.945,1,1
TXN-001773,39346.45,WALLET,985,185,5,3,0.072,0.942,1,1
TXN-001774,9980.07,NETBANKING,2304,1314,23,0,0.091,0.574,0,0
TXN-001775,132897.7,UPI,353,646,6,3,0.081,0.88,0,0
TXN-001776,129342.98,WALLET,219,1167,5,1,0.044,0.462,0,0
TXN-001777,790.06,WALLET,1051,1435,27,5,0.087,0.504,0,0
TXN-001778,34127.8,CARD,2325,1069,15,3,0.593,0.573,0,1
TXN-001779,38637.92,WALLET,474,847,27,5,0.088,0.624,1,0
TXN-001780,30407.47,NETBANKING,2206,170,7,5,0.773,0.036,0,1
TXN-001781,116225.01,WALLET,909,1403,6,0,0.468,0.297,0,1
TXN-001782,114614.74,CARD,1382,311,14,4,0.06,0.862,1,1
TXN-001783,64447.11,CARD,2410,1123,8,5,0.996,0.891,1,1
TXN-001784,145154.18,NETBANKING,934,784,30,5,0.969,0.298,0,1
TXN-001785,8055.64,WALLET,1134,1444,2,3,0.36,0.62,0,0
TXN-001786,59620.18,CARD,2313,375,24,0,0.594,0.541,0,1
TXN-001787,74058.34,NETBANKING,113,1365,20,0,0.889,0.1,0,0
TXN-001788,76175.81,WALLET,389,1231,22,0,0.142,0.805,0,1
TXN-001789,105434.31,CARD,98,832,23,4,0.371,0.234,0,0
TXN-001790,149731.81,UPI,554,374,15,2,0.785,0.9,0,1
TXN-001791,129003.75,UPI,324,655,4,2,0.215,0.719,0,0
TXN-001792,98235.99,NETBANKING,1803,1298,29,4,0.34,0.438,0,1
TXN-001793,66497.04,CARD,529,950,20,4,0.05,0.354,1,1
TXN-001794,137026.95,UPI,198,20,13,2,0.957,0.622,0,1
TXN-001795,134599.64,UPI,13,569,12,1,0.938,0.878,0,1
TXN-001796,104839.58,NETBANKING,264,148,18,2,0.627,0.91,0,0
TXN-001797,92528.26,CARD,2235,736,12,1,0.909,0.686,0,1
TXN-001798,58249.56,UPI,243,835,16,4,0.941,0.013,0,1
TXN-001799,141441.4,UPI,302,1120,13,5,0.439,0.263,0,1
TXN-001800,104188.79,CARD,893,1357,7,4,0.848,0.307,0,1
TXN-001801,58955.31,WALLET,1545,322,11,2,0.008,0.161,0,1
TXN-001802,31956.23,WALLET,1283,523,5,3,0.184,0.106,1,1
TXN-001803,9266.13,CARD,2346,1439,25,1,0.219,0.221,0,1
TXN-001804,110610.59,UPI,2341,82,21,3,0.839,0.046,0,1
TXN-001805,143865.38,WALLET,2091,519,8,0,0.151,0.903,0,1
TXN-001806,33069.61,CARD,27,577,29,5,0.335,0.975,0,0
TXN-001807,149403.77,WALLET,1325,1159,28,1,0.088,0.593,1,1
TXN-001808,59346.68,CARD,985,859,22,1,0.797,0.885,0,1
TXN-001809,78147.05,UPI,1048,947,15,0,0.695,0.126,0,1
TXN-001810,51703.41,CARD,925,1462,25,4,0.006,0.189,0,0
TXN-001811,91238.36,CARD,277,723,30,4,0.786,0.522,0,0
TXN-001812,84874.95,WALLET,436,230,17,3,0.211,0.371,1,0
TXN-001813,132120.61,WALLET,1927,343,23,5,0.094,0.556,0,0
TXN-001814,115991.68,CARD,1961,1096,25,5,0.604,0.216,1,1
TXN-001815,23270.52,WALLET,707,1043,9,2,0.961,0.311,0,0
TXN-001816,20801.51,WALLET,666,3,2,1,0.551,0.615,1,0
TXN-001817,125818.53,CARD,555,1357,5,0,0.252,0.277,0,0
TXN-001818,109698.23,UPI,271,864,12,4,0.602,0.196,0,0
TXN-001819,110244.48,CARD,148,1299,7,0,0.277,0.714,0,0
TXN-001820,19674.62,WALLET,2040,736,28,1,0.695,0.103,0,1
TXN-001821,116549.23,CARD,2062,192,14,2,0.886,0.407,0,1
TXN-001822,147655.74,UPI,1411,1465,26,4,0.231,0.828,0,1
TXN-001823,135473.7,UPI,2201,460,5,0,0.684,0.652,1,1
TXN-001824,132530.71,UPI,1924,612,13,4,0.041,0.945,1,1
TXN-001825,117795.21,NETBANKING,1016,1109,27,2,0.067,0.387,0,1
TXN-001826,120238.62,CARD,486,860,16,0,0.501,0.367,1,0
TXN-001827,62710.84,WALLET,1887,84,13,1,0.7,0.93,0,1
TXN-001828,9160.64,NETBANKING,1044,616,21,0,0.441,0.431,0,0
TXN-001829,28365.82,CARD,2325,854,12,0,0.302,0.605,0,0
TXN-001830,126991.75,WALLET,552,889,29,0,0.088,0.969,0,0
TXN-001831,99853.14,NETBANKING,2273,1425,11,2,0.674,0.101,1,0
TXN-001832,73999.55,UPI,1670,303,21,1,0.724,0.907,0,1
TXN-001833,30231.88,NETBANKING,981,275,24,2,0.947,0.974,0,0
TXN-001834,54764.11,CARD,922,503,9,1,0.949,0.035,0,1
TXN-001835,125184.63,WALLET,1662,58,12,5,0.267,0.864,0,1
TXN-001836,119430.3,WALLET,2404,1459,29,5,0.797,0.268,0,1
TXN-001837,36065.38,NETBANKING,2312,968,28,2,0.393,0.931,1,0
TXN-001838,9630.96,CARD,1149,260,3,1,0.343,0.37,1,0
TXN-001839,138801.43,NETBANKING,2081,180,27,2,0.185,0.399,0,0
TXN-001840,55745.23,WALLET,1627,619,28,3,0.182,0.853,0,1
TXN-001841,147127.53,CARD,982,754,25,5,0.589,0.119,0,1
TXN-001842,122064.3,UPI,1085,1333,18,4,0.195,0.793,0,0
TXN-001843,45219.51,NETBANKING,1266,438,23,0,0.453,0.413,0,1
TXN-001844,136128.31,UPI,123,1094,21,5,0.731,0.496,1,0
TXN-001845,21399.1,UPI,326,755,24,4,0.447,0.916,1,1
TXN-001846,31446.38,NETBANKING,722,887,29,4,0.798,0.26,0,1
TXN-001847,29179.93,CARD,104,1417,17,3,0.797,0.875,0,0
TXN-001848,69473.58,CARD,2365,881,13,5,0.324,0.188,0,1
TXN-001849,136662.91,UPI,1463,313,27,3,0.932,0.063,0,1
TXN-001850,98776.97,UPI,149,52,30,1,0.484,0.682,0,0
TXN-001851,48036.31,CARD,492,872,1,4,0.301,0.968,0,0
TXN-001852,79410.08,UPI,2025,337,30,0,0.198,0.198,1,1
TXN-001853,23210.79,WALLET,721,1477,1,4,0.645,0.576,0,0
TXN-001854,107898.56,NETBANKING,874,481,5,1,0.151,0.693,0,0
TXN-001855,28596.61,CARD,6,589,12,3,0.691,0.828,0,1
TXN-001856,34072.91,WALLET,357,1039,12,0,0.47,0.092,0,1
TXN-001857,28196.89,WALLET,495,1036,26,1,0.83,0.2,0,1
TXN-001858,18789.73,WALLET,409,726,21,4,0.222,0.963,1,0
TXN-001859,144552.26,WALLET,1781,1449,25,2,0.534,0.258,0,1
TXN-001860,66448.17,NETBANKING,537,298,7,1,0.982,0.982,0,0
TXN-001861,76302.9,UPI,2489,599,9,1,0.346,0.99,1,0
TXN-001862,99784.11,CARD,732,725,13,0,0.377,0.821,1,1
TXN-001863,98447.85,WALLET,993,1302,26,5,0.479,0.799,0,1
TXN-001864,40806.25,WALLET,1130,215,27,1,0.006,0.669,0,0
TXN-001865,98014.85,NETBANKING,609,28,29,5,0.072,0.775,0,0
TXN-001866,76356.83,NETBANKING,1636,470,19,5,0.474,0.365,0,0
TXN-001867,118634.05,UPI,1481,653,9,4,0.073,0.174,0,1
TXN-001868,146605.36,NETBANKING,295,159,19,5,0.342,0.428,0,1
TXN-001869,56458.69,CARD,2421,658,15,4,0.497,0.805,0,0
TXN-001870,121699.4,UPI,1039,346,14,1,0.667,0.071,0,1
TXN-001871,99278.7,CARD,1260,151,7,4,0.244,0.716,1,1
TXN-001872,85022.77,WALLET,1663,75,19,4,0.475,0.074,0,0
TXN-001873,34775.5,CARD,541,897,21,3,0.675,0.028,0,0
TXN-001874,63111.45,CARD,852,1293,22,4,0.9,0.698,0,1
TXN-001875,13845.16,WALLET,1347,633,7,0,0.954,0.672,1,1
TXN-001876,18790.91,UPI,650,248,19,0,0.352,0.024,0,0
TXN-001877,40915.89,NETBANKING,2307,1311,15,2,0.48,0.711,0,0
TXN-001878,84233.23,WALLET,1255,634,18,5,0.763,0.496,0,1
TXN-001879,138511.25,UPI,1720,413,13,2,0.427,0.991,0,1
TXN-001880,61065.24,NETBANKING,1290,1432,8,3,0.199,0.589,0,0
TXN-001881,92507.16,WALLET,1808,162,4,5,0.565,0.358,1,1
TXN-001882,30962.71,NETBANKING,2432,955,24,0,0.179,0.35,0,0
TXN-001883,101195.73,WALLET,1228,481,3,2,0.614,0.916,1,1
TXN-001884,52367.27,NETBANKING,1696,1347,14,1,0.299,0.33,0,0
TXN-001885,46177.99,NETBANKING,299,626,20,0,0.396,0.928,1,0
TXN-001886,36444.46,NETBANKING,1130,1185,15,2,0.226,0.881,0,1
TXN-001887,113884.66,CARD,599,460,2,4,0.328,0.42,1,0
TXN-001888,32857.09,NETBANKING,409,511,6,0,0.967,0.998,1,1
TXN-001889,103721.66,UPI,1961,89,16,2,0.301,0.852,0,1
TXN-001890,106492.33,WALLET,1518,690,16,4,0.132,0.778,0,1
TXN-001891,45335.51,WALLET,1247,782,30,0,0.148,0.611,1,0
TXN-001892,21301.13,NETBANKING,437,280,25,0,0.204,0.864,0,0
TXN-001893,79361.88,WALLET,780,678,19,2,0.628,0.84,0,0
TXN-001894,11924.31,CARD,282,535,23,2,0.553,0.189,0,1
TXN-001895,12787.85,CARD,2221,1128,12,0,0.885,0.297,0,0
TXN-001896,23719.94,CARD,138,510,7,2,0.458,0.183,0,0
TXN-001897,2905.61,CARD,1847,1463,19,3,0.504,0.693,0,1
TXN-001898,118741.31,NETBANKING,577,1166,28,2,0.381,0.583,0,0
TXN-001899,98107.41,WALLET,1795,586,3,3,0.263,0.994,0,0
TXN-001900,8860.96,CARD,2198,751,2,1,0.162,0.559,0,0
TXN-001901,27257.99,NETBANKING,654,408,7,1,0.52,0.153,0,0
TXN-001902,20252.86,WALLET,2350,221,7,1,0.878,0.23,0,0
TXN-001903,70320.06,UPI,504,1373,29,3,0.783,0.365,0,0
TXN-001904,21384.97,WALLET,2498,1250,12,2,0.249,0.748,0,0
TXN-001905,31670.35,UPI,709,473,24,4,0.556,0.258,0,1
TXN-001906,32596.04,CARD,192,261,18,2,0.458,0.947,1,1
TXN-001907,107683.13,CARD,543,600,2,2,0.058,0.814,0,0
TXN-001908,82015.03,UPI,1951,1316,21,5,0.495,0.825,0,0
TXN-001909,124877.46,CARD,1081,103,13,2,0.64,0.227,0,0
TXN-001910,70427.22,CARD,1391,1036,28,0,0.18,0.317,0,0
TXN-001911,113761.59,NETBANKING,1044,1039,24,5,0.147,0.247,0,1
TXN-001912,115436.2,UPI,764,205,5,0,0.086,0.047,1,0
TXN-001913,6390.35,NETBANKING,2265,852,26,5,0.614,0.67,0,0
TXN-001914,129456.78,WALLET,1194,1421,2,5,0.933,0.598,0,0
TXN-001915,92952.01,NETBANKING,1454,365,20,2,0.735,0.897,0,1
TXN-001916,26407.88,WALLET,1589,522,8,1,0.558,0.182,0,0
TXN-001917,22533.06,UPI,1539,361,13,5,0.321,0.811,1,0
TXN-001918,28934.41,CARD,7,1418,18,1,0.202,0.29,0,0
TXN-001919,125043.73,NETBANKING,2058,1063,16,4,0.599,0.922,0,1
TXN-001920,120685.48,UPI,1533,1258,22,3,0.766,0.684,0,1
TXN-001921,102312.46,WALLET,1055,1278,23,1,0.397,0.635,0,0
TXN-001922,89700.13,NETBANKING,1697,478,9,1,0.452,0.498,0,0
TXN-001923,53868.04,CARD,72,857,3,3,0.349,0.084,1,1
TXN-001924,55395.93,CARD,619,1214,10,0,0.071,0.924,0,1
TXN-001925,88752.72,NETBANKING,2383,824,8,3,0.244,0.668,0,1
TXN-001926,93401.21,NETBANKING,737,88,14,3,0.076,0.663,1,0
TXN-001927,82728.6,UPI,797,420,24,0,0.223,0.538,0,1
TXN-001928,80211.46,CARD,644,132,27,5,0.084,0.851,0,0
TXN-001929,55879.77,NETBANKING,2095,1358,30,0,0.711,0.538,0,0
TXN-001930,148715.95,NETBANKING,35,213,25,4,0.11,0.327,1,1
TXN-001931,148324.39,CARD,4,88,26,3,0.178,0.928,0,1
TXN-001932,72118.19,NETBANKING,2134,671,25,5,0.96,0.638,0,0
TXN-001933,116283.11,UPI,2441,892,24,1,0.218,0.659,0,0
TXN-001934,65474.2,CARD,734,154,7,1,0.017,0.69,0,1
TXN-001935,38015.05,CARD,462,577,24,3,0.938,0.917,1,1
TXN-001936,129418.86,WALLET,629,833,19,4,0.594,0.613,1,1
TXN-001937,77101.72,CARD,455,1126,1,0,0.219,0.432,0,0
TXN-001938,111794.39,UPI,256,12,12,1,0.748,0.539,0,1
TXN-001939,14544.54,NETBANKING,191,669,26,1,0.27,0.886,0,0
TXN-001940,83017.29,CARD,1712,1262,6,5,0.778,0.767,0,1
TXN-001941,80143.88,WALLET,672,937,25,3,0.934,0.858,0,0
TXN-001942,75290.09,WALLET,835,440,27,3,0.408,0.747,1,0
TXN-001943,132502.6,WALLET,726,815,15,0,0.248,0.552,0,0
TXN-001944,28561.8,CARD,824,463,23,4,0.152,0.673,1,1
TXN-001945,28106.56,UPI,2165,977,11,5,0.938,0.736,0,0
TXN-001946,72393.54,WALLET,390,1333,2,3,0.756,0.723,1,1
TXN-001947,134838.21,UPI,1092,507,25,0,0.621,0.467,0,1
TXN-001948,137741.31,UPI,1444,1216,14,4,0.853,0.643,1,1
TXN-001949,74672.04,UPI,618,1437,13,3,0.369,0.953,0,0
TXN-001950,91784.17,NETBANKING,2355,193,5,2,0.448,0.308,1,1
TXN-001951,33605.0,NETBANKING,1783,1287,21,0,0.764,0.738,0,0
TXN-001952,94147.5,CARD,1688,867,19,2,0.063,0.438,1,1
TXN-001953,84409.14,WALLET,1258,1405,22,3,0.255,0.352,1,1
TXN-001954,11382.67,CARD,2492,1033,28,2,0.113,0.462,0,0
TXN-001955,94524.07,CARD,1633,1191,18,4,0.107,0.381,1,1
TXN-001956,47473.96,CARD,2109,808,29,0,0.327,0.171,0,0
TXN-001957,144180.81,UPI,1625,820,10,4,0.602,0.061,1,1
TXN-001958,125051.22,NETBANKING,2131,214,25,1,0.001,0.877,1,0
TXN-001959,120694.23,NETBANKING,1977,625,22,4,0.551,0.619,0,0
TXN-001960,111552.57,UPI,2267,712,14,1,0.015,0.925,0,0
TXN-001961,7181.77,CARD,189,1392,12,5,0.39,0.679,0,0
TXN-001962,2691.38,NETBANKING,1587,600,4,4,0.261,0.565,0,0
TXN-001963,85465.39,WALLET,80,1339,4,4,0.472,0.414,0,1
TXN-001964,112543.02,WALLET,1526,1409,4,0,0.231,0.919,0,1
TXN-001965,89336.37,UPI,1612,992,9,5,0.343,0.422,0,1
TXN-001966,141005.78,WALLET,581,259,4,2,0.91,0.611,0,1
TXN-001967,139872.59,CARD,755,371,4,4,0.008,0.236,0,0
TXN-001968,38867.11,NETBANKING,1968,797,10,4,0.289,0.785,0,0
TXN-001969,49006.01,UPI,950,1095,8,2,0.006,0.83,0,0
TXN-001970,52219.95,UPI,681,1437,27,4,0.056,0.741,0,0
TXN-001971,141981.08,UPI,1935,486,30,5,0.143,0.97,0,1
TXN-001972,40677.92,CARD,1420,1139,11,5,0.675,0.554,0,0
TXN-001973,45860.55,NETBANKING,574,1460,28,2,0.101,0.116,1,0
TXN-001974,92280.67,WALLET,273,113,11,0,0.529,0.637,0,0
TXN-001975,38823.12,WALLET,1259,552,16,1,0.765,0.639,0,1
TXN-001976,131089.37,NETBANKING,460,945,4,2,0.581,0.702,1,1
TXN-001977,43478.81,CARD,151,683,8,3,0.511,0.03,0,0
TXN-001978,63250.66,UPI,824,491,27,5,0.521,0.601,0,0
TXN-001979,76995.68,CARD,2281,140,12,1,0.48,0.475,0,0
TXN-001980,65275.76,NETBANKING,257,642,6,0,0.445,0.306,0,0
TXN-001981,109367.89,WALLET,2097,103,4,4,0.565,0.107,0,1
TXN-001982,41954.53,WALLET,2034,180,24,3,0.443,0.379,0,0
TXN-001983,9889.13,NETBANKING,920,430,27,3,0.137,0.605,0,0
TXN-001984,64558.74,NETBANKING,216,1249,19,4,0.586,0.029,0,1
TXN-001985,89377.05,NETBANKING,1965,467,19,0,0.531,0.234,0,1
TXN-001986,12839.16,WALLET,2139,595,29,2,0.17,0.295,0,0
TXN-001987,140880.54,WALLET,2388,760,15,1,0.561,0.877,0,0
TXN-001988,85695.1,CARD,2124,228,27,4,0.051,0.143,0,0
TXN-001989,91419.49,UPI,564,613,17,4,0.188,0.608,0,0
TXN-001990,138941.92,NETBANKING,1076,674,26,0,0.79,0.795,0,1
TXN-001991,131089.91,WALLET,2144,215,3,1,0.726,0.638,0,0
TXN-001992,127353.3,UPI,336,1184,8,4,0.986,0.492,1,1
TXN-001993,137473.7,UPI,93,1265,22,5,0.573,0.846,0,1
TXN-001994,7144.41,NETBANKING,606,1148,28,3,0.925,0.585,0,1
TXN-001995,124375.93,NETBANKING,2067,1103,25,0,0.755,0.465,0,1
TXN-001996,101032.85,UPI,498,250,19,1,0.787,0.08,0,0
TXN-001997,147715.35,NETBANKING,551,1324,28,2,0.35,0.243,0,1
TXN-001998,103543.66,NETBANKING,2192,207,28,4,0.717,0.043,0,0
TXN-001999,44970.6,WALLET,847,821,3,2,0.933,0.795,1,1
TXN-002000,113653.15,CARD,1802,162,7,5,0.349,0.721,0,1
TXN-002001,36374.97,UPI,30,1284,11,4,0.322,0.874,0,1
TXN-002002,143348.39,WALLET,1009,177,21,2,0.861,0.82,0,1
TXN-002003,53624.55,UPI,415,778,10,1,0.393,0.679,0,0
TXN-002004,136660.93,WALLET,1992,373,15,0,0.855,0.545,0,1
TXN-002005,51533.0,CARD,1209,363,17,0,0.378,0.255,0,1
TXN-002006,134005.87,WALLET,1325,1300,29,1,0.335,0.872,0,0
TXN-002007,6523.77,NETBANKING,510,77,7,5,0.56,0.001,0,1
TXN-002008,21492.22,WALLET,855,865,5,4,0.872,0.263,0,0
TXN-002009,79377.4,CARD,2425,650,26,1,0.927,0.575,1,1
TXN-002010,60379.58,UPI,2334,356,6,4,0.537,0.858,1,0
TXN-002011,130688.2,NETBANKING,459,1448,8,2,0.538,0.893,0,1
TXN-002012,39955.72,CARD,88,1315,14,4,0.96,0.985,0,0
TXN-002013,123132.06,UPI,832,625,7,4,0.504,0.523,0,1
TXN-002014,70537.0,NETBANKING,2098,456,24,1,0.214,0.284,0,1
TXN-002015,37735.23,CARD,35,1240,1,4,0.913,0.942,0,0
TXN-002016,95573.65,WALLET,95,382,18,1,0.396,0.349,0,0
TXN-002017,10266.23,CARD,953,175,20,0,0.724,0.356,0,1
TXN-002018,113718.49,UPI,81,116,23,5,0.495,0.592,0,1
TXN-002019,24018.2,NETBANKING,984,1129,21,0,0.059,0.483,1,1
TXN-002020,95180.34,CARD,591,568,18,3,0.028,0.73,1,1
TXN-002021,58527.21,NETBANKING,2353,834,7,1,0.177,0.078,0,0
TXN-002022,27909.77,UPI,1086,1422,21,5,0.214,0.419,0,1
TXN-002023,45891.27,WALLET,407,1409,13,1,0.05,0.012,1,0
TXN-002024,97954.38,UPI,621,72,2,4,0.335,0.792,0,0
TXN-002025,10604.76,NETBANKING,806,839,18,4,0.031,0.339,0,1
TXN-002026,14457.38,CARD,560,684,26,4,0.966,0.026,0,0
TXN-002027,13512.34,UPI,1850,352,6,0,0.109,0.541,0,0
TXN-002028,70944.84,UPI,1597,1016,5,1,0.12,0.804,0,0
TXN-002029,106520.79,NETBANKING,1670,230,16,0,0.569,0.547,0,0
TXN-002030,68272.75,NETBANKING,1004,834,2,1,0.825,0.76,0,1
TXN-002031,21719.28,WALLET,64,296,11,1,0.215,0.588,0,0
TXN-002032,137087.97,UPI,2390,557,10,5,0.823,0.798,0,1
TXN-002033,3488.33,CARD,1724,1314,21,2,0.316,0.225,0,1
TXN-002034,97766.7,NETBANKING,2283,50,22,1,0.27,0.345,0,1
TXN-002035,5654.6,UPI,436,1178,22,0,0.32,0.93,1,1
TXN-002036,64537.07,WALLET,1170,1243,26,4,0.885,0.255,1,0
TXN-002037,136254.31,WALLET,520,439,15,3,0.999,0.908,1,1
TXN-002038,38896.8,CARD,1796,1347,18,0,0.977,0.11,0,1
TXN-002039,126970.98,CARD,352,896,10,0,0.05,0.571,1,1
TXN-002040,144295.97,CARD,809,668,8,2,0.54,0.51,0,0
TXN-002041,5957.0,CARD,481,459,19,4,0.41,0.274,0,0
TXN-002042,1558.28,UPI,682,409,24,5,0.492,0.939,0,1
TXN-002043,49395.14,CARD,893,5,2,0,0.018,0.519,0,0
TXN-002044,149110.18,WALLET,981,1216,4,4,0.005,0.516,1,1
TXN-002045,17954.73,UPI,95,1188,28,0,0.384,0.753,0,1
TXN-002046,74221.37,WALLET,2384,1379,18,4,0.727,0.74,1,1
TXN-002047,81312.38,NETBANKING,1230,1113,27,0,0.943,0.867,1,1
TXN-002048,38776.18,CARD,167,104,1,4,0.816,0.972,1,0
TXN-002049,37431.27,UPI,397,1481,27,1,0.953,0.082,0,0
TXN-002050,99356.7,NETBANKING,1062,676,17,1,0.759,0.963,0,0
TXN-002051,28447.97,NETBANKING,50,141,12,1,0.324,0.239,0,1
TXN-002052,48315.58,NETBANKING,1161,1192,29,5,0.273,0.404,0,0
TXN-002053,14414.03,CARD,1094,1319,24,0,0.81,0.706,1,0
TXN-002054,22915.91,CARD,912,1052,15,4,0.922,0.289,0,0
TXN-002055,58723.2,UPI,2175,710,17,0,0.497,0.689,0,1
TXN-002056,136920.13,CARD,1686,639,6,1,0.344,0.454,0,1
TXN-002057,93001.27,CARD,2260,1437,11,0,0.549,0.687,0,0
TXN-002058,146185.47,NETBANKING,2313,37,10,5,0.866,0.398,0,1
TXN-002059,26016.67,UPI,1084,874,14,0,0.054,0.128,0,0
TXN-002060,4540.74,CARD,822,261,19,5,0.99,0.627,0,1
TXN-002061,4501.82,NETBANKING,2181,1465,12,0,0.498,0.429,0,0
TXN-002062,115808.39,NETBANKING,1279,782,24,0,0.971,0.305,0,0
TXN-002063,62902.39,CARD,1229,785,27,0,0.107,0.088,0,1
TXN-002064,107904.86,CARD,1267,1008,28,1,0.259,0.35,0,1
TXN-002065,61533.86,CARD,669,651,25,0,0.749,0.126,0,0
TXN-002066,148031.16,WALLET,1714,1441,26,3,0.935,0.932,0,1
TXN-002067,41481.69,UPI,1811,838,28,4,0.442,0.856,0,0
TXN-002068,124497.41,CARD,2369,124,21,1,0.362,0.036,0,1
TXN-002069,72557.56,NETBANKING,597,258,8,2,0.864,0.812,0,1
TXN-002070,62949.49,WALLET,2244,313,4,1,0.087,0.791,0,0
TXN-002071,112706.37,CARD,1462,526,19,1,0.017,0.4,0,0
TXN-002072,13282.42,UPI,415,1374,23,4,0.493,0.196,1,0
TXN-002073,69593.54,UPI,1758,479,10,1,0.337,0.587,0,0
TXN-002074,79282.44,NETBANKING,2404,860,18,0,0.993,0.405,0,0
TXN-002075,122502.15,UPI,745,187,6,2,0.311,0.657,0,0
TXN-002076,28054.57,UPI,486,1451,13,0,0.311,0.744,1,1
TXN-002077,141900.62,WALLET,583,206,23,5,0.642,0.505,0,1
TXN-002078,9466.05,CARD,431,1218,15,4,0.828,0.623,0,1
TXN-002079,41475.77,UPI,860,610,30,3,0.813,0.241,0,0
TXN-002080,70048.55,WALLET,187,215,29,5,0.758,0.884,0,1
TXN-002081,92564.17,UPI,2079,530,4,4,0.648,0.845,0,0
TXN-002082,138197.55,UPI,316,422,15,2,0.223,0.53,0,1
TXN-002083,25053.52,WALLET,2141,8,16,1,0.779,0.599,0,0
TXN-002084,141829.46,UPI,1748,57,18,5,0.512,0.779,0,1
TXN-002085,30500.11,WALLET,1030,986,16,0,0.535,0.485,0,0
TXN-002086,62941.88,UPI,29,373,26,2,0.547,0.674,1,0
TXN-002087,69881.76,UPI,61,348,21,2,0.669,0.293,0,0
TXN-002088,144604.91,CARD,498,801,19,0,0.789,0.384,0,0
TXN-002089,39011.28,WALLET,82,797,26,3,0.682,0.357,0,1
TXN-002090,127470.7,NETBANKING,582,184,11,0,0.736,0.839,0,1
TXN-002091,761.33,UPI,892,405,12,0,0.979,0.955,1,0
TXN-002092,23565.46,CARD,461,1270,18,1,0.578,0.289,0,1
TXN-002093,1631.81,UPI,1742,1231,26,0,0.814,0.316,0,1
TXN-002094,55308.31,UPI,1545,976,24,2,0.764,0.714,0,1
TXN-002095,119148.77,CARD,1352,477,10,4,0.091,0.003,0,0
TXN-002096,41492.98,WALLET,1723,532,25,1,0.491,0.82,1,0
TXN-002097,18429.69,WALLET,1011,1131,11,2,0.744,0.914,0,0
TXN-002098,11546.37,WALLET,2019,675,26,0,0.134,0.592,1,0
TXN-002099,51270.79,NETBANKING,634,771,28,5,0.046,0.671,1,1
TXN-002100,110179.36,UPI,629,606,26,2,0.435,0.738,0,1
TXN-002101,69440.14,CARD,151,734,3,3,0.102,0.461,0,1
TXN-002102,57702.68,NETBANKING,1969,1089,21,1,0.481,0.723,0,0
TXN-002103,46103.65,CARD,2172,33,25,1,0.889,0.297,0,0
TXN-002104,48715.21,WALLET,742,786,2,1,0.563,0.332,0,0
TXN-002105,134036.09,CARD,2274,1058,27,2,0.997,0.449,0,1
TXN-002106,66853.4,WALLET,848,295,16,0,0.86,0.706,0,0
TXN-002107,145037.58,WALLET,1950,856,23,1,0.358,0.125,1,0
TXN-002108,125400.75,UPI,1665,1376,23,0,0.797,0.517,1,1
TXN-002109,35140.02,UPI,1371,759,25,1,0.26,0.347,0,0
TXN-002110,86698.8,UPI,1341,1221,28,3,0.429,0.257,0,1
TXN-002111,98470.02,NETBANKING,1686,923,2,5,0.474,0.595,0,0
TXN-002112,51704.86,CARD,1788,158,19,5,0.863,0.241,1,1
TXN-002113,27221.06,CARD,1649,267,15,5,0.206,0.06,0,0
TXN-002114,22169.03,UPI,436,154,27,3,0.83,0.651,0,0
TXN-002115,145309.93,UPI,1733,337,2,2,0.158,0.883,0,1
TXN-002116,125588.74,WALLET,2364,1134,8,0,0.375,0.94,0,1
TXN-002117,128486.04,CARD,767,61,29,1,0.747,0.995,1,1
TXN-002118,146896.82,NETBANKING,756,1390,13,2,0.495,0.077,0,0
TXN-002119,67641.48,UPI,885,165,13,1,0.446,0.779,0,0
TXN-002120,43751.67,CARD,855,379,14,3,0.184,0.917,0,0
TXN-002121,129467.52,WALLET,655,1154,9,3,0.433,0.242,1,1
TXN-002122,143689.62,UPI,1629,666,9,0,0.156,0.35,1,1
TXN-002123,90583.11,CARD,522,947,23,1,0.991,0.493,1,1
TXN-002124,85931.53,WALLET,911,713,21,0,0.298,0.772,0,1
TXN-002125,64624.02,WALLET,1854,810,21,2,0.824,0.454,0,1
TXN-002126,30890.81,WALLET,1085,1277,24,5,0.586,0.023,0,1
TXN-002127,518.1,WALLET,1489,846,28,0,0.17,0.546,0,0
TXN-002128,24969.0,UPI,1522,613,29,1,0.62,0.279,1,0
TXN-002129,26085.57,CARD,1428,395,8,1,0.173,0.957,0,1
TXN-002130,23179.24,NETBANKING,1358,705,28,0,0.114,0.885,0,1
TXN-002131,119452.57,UPI,926,830,19,4,0.813,0.809,0,1
TXN-002132,113282.45,CARD,790,333,10,1,0.394,0.163,0,1
TXN-002133,80656.81,NETBANKING,2312,1103,21,1,0.122,0.832,0,1
TXN-002134,131967.6,UPI,1820,683,25,4,0.393,0.908,1,0
TXN-002135,17773.87,CARD,2034,823,7,0,0.481,0.309,0,0
TXN-002136,135971.52,WALLET,747,1220,25,2,0.641,0.566,0,0
TXN-002137,119544.8,CARD,741,811,15,0,0.703,0.1,0,0
TXN-002138,19303.51,WALLET,1123,970,11,1,0.668,0.509,0,0
TXN-002139,134605.14,CARD,105,1272,14,0,0.449,0.766,0,0
TXN-002140,23835.04,NETBANKING,1292,282,9,0,0.191,0.705,0,0
TXN-002141,129022.97,NETBANKING,41,651,4,2,0.21,0.772,0,1
TXN-002142,99961.94,UPI,2120,905,16,4,0.461,0.14,0,1
TXN-002143,111213.22,CARD,629,192,17,4,0.236,0.819,0,1
TXN-002144,110419.47,UPI,1240,1112,16,3,0.041,0.493,0,0
TXN-002145,132106.08,CARD,2413,1208,18,3,0.354,0.358,1,1
TXN-002146,70143.77,NETBANKING,1775,564,2,4,0.334,0.503,0,0
TXN-002147,81268.73,NETBANKING,1791,1456,26,3,0.135,0.789,0,1
TXN-002148,18886.86,CARD,1485,625,30,1,0.862,0.638,0,1
TXN-002149,87881.77,CARD,2276,326,6,1,0.87,0.009,0,1
TXN-002150,119392.58,WALLET,689,615,15,1,0.552,0.189,0,0
TXN-002151,13686.89,CARD,666,504,30,2,0.087,0.57,0,0
TXN-002152,90862.13,WALLET,1616,349,27,5,0.443,0.134,0,1
TXN-002153,124673.52,NETBANKING,216,1190,12,3,0.194,0.067,0,1
TXN-002154,34816.74,UPI,205,173,19,1,0.246,0.763,1,1
TXN-002155,44752.01,WALLET,384,178,19,1,0.382,0.006,0,0
TXN-002156,139771.46,CARD,1890,996,22,0,0.32,0.281,0,0
TXN-002157,8328.45,WALLET,532,801,10,1,0.709,0.713,0,1
TXN-002158,48902.11,WALLET,711,410,9,3,0.09,0.826,0,0
TXN-002159,30917.34,CARD,1681,235,1,5,0.937,0.617,0,0
TXN-002160,45020.57,CARD,407,797,12,2,0.9,0.288,0,1
TXN-002161,70533.27,WALLET,2144,742,16,3,0.894,0.752,0,0
TXN-002162,90700.33,CARD,185,569,29,3,0.809,0.473,0,1
TXN-002163,66262.91,UPI,2026,1270,20,4,0.189,0.3,0,0
TXN-002164,43125.97,CARD,1824,631,9,2,0.078,0.496,0,0
TXN-002165,117157.63,CARD,2053,797,19,2,0.449,0.761,0,1
TXN-002166,44083.94,NETBANKING,924,776,27,1,0.418,0.568,0,1
TXN-002167,77406.08,NETBANKING,259,1338,1,0,0.596,0.227,0,0
TXN-002168,141546.61,CARD,375,801,24,2,0.234,0.78,1,1
TXN-002169,4971.96,CARD,1954,1093,3,2,0.672,0.05,0,0
TXN-002170,44110.64,WALLET,2070,1071,9,2,0.212,0.051,0,0
TXN-002171,67760.7,NETBANKING,1703,526,29,3,0.849,0.131,0,1
TXN-002172,138699.98,UPI,1507,1350,10,5,0.087,0.373,1,0
TXN-002173,22457.99,WALLET,684,1182,27,0,0.011,0.517,0,0
TXN-002174,97506.83,WALLET,84,595,8,2,0.412,0.882,0,0
TXN-002175,34261.25,CARD,1820,547,30,3,0.592,0.246,0,0
TXN-002176,66060.74,CARD,92,829,16,5,0.791,0.905,1,1
TXN-002177,27593.16,WALLET,1948,1177,21,2,0.776,0.614,1,1
TXN-002178,76109.3,NETBANKING,894,1029,25,2,0.676,0.808,0,1
TXN-002179,30866.41,WALLET,838,624,22,1,0.696,0.694,1,0
TXN-002180,3708.15,NETBANKING,1322,45,28,5,0.637,0.571,0,0
TXN-002181,8896.54,WALLET,319,1117,28,3,0.683,0.443,0,1
TXN-002182,125856.49,UPI,1648,334,19,5,0.896,0.015,0,0
TXN-002183,76394.63,UPI,2321,1099,30,1,0.491,0.562,0,0
TXN-002184,115442.71,CARD,1900,186,15,5,0.914,0.006,0,1
TXN-002185,25825.19,NETBANKING,647,62,7,5,0.695,0.536,0,0
TXN-002186,35687.06,NETBANKING,1239,1408,21,4,0.692,0.113,0,0
TXN-002187,149083.2,CARD,261,1264,11,4,0.439,0.002,0,0
TXN-002188,40806.0,NETBANKING,1005,112,23,1,0.783,0.694,0,0
TXN-002189,16835.74,WALLET,2057,12,13,5,0.377,0.641,0,0
TXN-002190,96815.46,UPI,422,778,21,2,0.882,0.581,0,1
TXN-002191,30037.0,WALLET,190,235,16,0,0.937,0.977,0,1
TXN-002192,131987.34,CARD,128,1051,21,4,0.031,0.641,0,1
TXN-002193,22618.37,CARD,2461,850,18,1,0.651,0.77,0,0
TXN-002194,4625.59,UPI,1875,302,17,4,0.66,0.966,1,0
TXN-002195,70092.31,NETBANKING,364,155,14,4,0.002,0.937,0,0
TXN-002196,25806.43,WALLET,1664,803,5,0,0.557,0.53,0,0
TXN-002197,68497.79,CARD,1726,399,22,2,0.281,0.218,1,1
TXN-002198,27663.68,NETBANKING,1369,1069,22,3,0.9,0.081,0,0
TXN-002199,139573.92,CARD,1222,333,22,2,0.215,0.597,1,0
TXN-002200,23515.89,CARD,1879,746,8,0,0.183,0.909,1,1
TXN-002201,122472.72,UPI,1024,1250,13,5,0.761,0.001,0,1
TXN-002202,20030.35,NETBANKING,173,721,12,1,0.698,0.425,1,0
TXN-002203,122291.36,NETBANKING,1141,1392,1,1,0.874,0.827,0,1
TXN-002204,131154.32,WALLET,2042,510,17,2,0.276,0.712,0,0
TXN-002205,144113.46,CARD,1753,79,13,3,0.807,0.604,1,1
TXN-002206,11146.15,NETBANKING,2382,636,19,3,0.968,0.855,0,0
TXN-002207,142702.25,CARD,2478,1075,13,1,0.166,0.411,1,1
TXN-002208,62601.24,UPI,1859,1166,19,3,0.177,0.893,0,0
TXN-002209,110611.82,CARD,883,657,25,4,0.735,0.865,0,1
TXN-002210,67695.88,CARD,1525,889,1,2,0.121,0.255,0,0
TXN-002211,130053.34,NETBANKING,2491,506,4,2,0.2,0.528,0,1
TXN-002212,18995.6,UPI,121,10,29,0,0.29,0.05,0,1
TXN-002213,92579.26,UPI,1250,1336,22,1,0.853,0.871,1,1
TXN-002214,17819.5,CARD,2116,1178,16,2,0.152,0.636,1,1
TXN-002215,88756.37,WALLET,1341,1375,13,2,0.16,0.786,0,0
TXN-002216,49493.03,CARD,228,1063,6,1,0.337,0.232,1,0
TXN-002217,64273.26,UPI,1070,1145,29,4,0.401,0.915,1,1
TXN-002218,128610.25,WALLET,2188,270,29,0,0.085,0.659,0,0
TXN-002219,61332.83,UPI,2156,882,19,2,0.978,0.153,0,1
TXN-002220,119330.86,NETBANKING,2011,528,4,5,0.163,0.226,0,0
TXN-002221,92839.05,WALLET,398,27,2,3,0.49,0.196,0,0
TXN-002222,145605.17,UPI,925,859,3,4,0.762,0.179,0,0
TXN-002223,125015.57,UPI,2420,407,17,3,0.193,0.46,0,0
TXN-002224,121573.72,NETBANKING,1127,919,10,4,0.609,0.78,0,1
TXN-002225,112493.88,WALLET,528,462,11,0,0.923,0.885,0,1
TXN-002226,116631.09,UPI,1931,1290,2,5,0.557,0.781,0,1
TXN-002227,35909.95,CARD,2205,1215,12,0,0.268,0.384,0,0
TXN-002228,11098.85,NETBANKING,2085,3,12,2,0.545,0.079,0,0
TXN-002229,67838.57,NETBANKING,1608,1371,12,1,0.602,0.117,0,0
TXN-002230,123206.6,UPI,208,584,1,4,0.246,0.829,0,1
TXN-002231,46832.56,NETBANKING,76,510,20,5,0.546,0.178,1,0
TXN-002232,88326.1,WALLET,657,1498,2,1,0.514,0.915,1,0
TXN-002233,41877.31,UPI,1822,1094,18,0,0.152,0.322,1,1
TXN-002234,135204.2,NETBANKING,1792,1453,20,1,0.867,0.722,0,1
TXN-002235,8418.52,CARD,2478,960,10,2,0.85,0.503,1,0
TXN-002236,126080.7,WALLET,175,1036,24,4,0.558,0.992,0,1
TXN-002237,101956.88,UPI,2456,1433,20,0,0.541,0.723,0,1
TXN-002238,30033.85,CARD,1597,776,4,0,0.335,0.276,0,0
TXN-002239,120071.34,CARD,764,1348,4,0,0.594,0.403,0,0
TXN-002240,100868.14,CARD,602,38,11,1,0.601,0.47,0,0
TXN-002241,40968.26,NETBANKING,1214,984,24,5,0.959,0.057,1,0
TXN-002242,134320.46,UPI,1818,131,10,3,0.746,0.823,1,0
TXN-002243,86529.21,WALLET,1991,794,14,1,0.873,0.18,0,0
TXN-002244,54558.98,UPI,565,788,3,5,0.535,0.016,0,0
TXN-002245,136091.67,UPI,886,796,17,3,0.048,0.928,0,1
TXN-002246,59494.37,CARD,1778,18,12,0,0.129,0.531,0,1
TXN-002247,1301.34,UPI,45,444,19,0,0.592,0.988,0,0
TXN-002248,21560.04,CARD,96,1246,9,2,0.158,0.2,0,0
TXN-002249,104447.46,NETBANKING,948,230,19,5,0.824,0.969,0,1
TXN-002250,80063.58,UPI,545,950,12,3,0.934,0.662,0,0
TXN-002251,88621.32,CARD,180,654,10,5,0.557,0.605,0,1
TXN-002252,13675.38,UPI,2299,248,23,4,0.595,0.348,0,1
TXN-002253,125861.25,NETBANKING,1353,816,13,1,0.867,0.597,0,1
TXN-002254,92518.0,UPI,1290,1433,14,3,0.012,0.97,0,0
TXN-002255,126069.43,NETBANKING,2220,867,1,3,0.01,0.449,0,0
TXN-002256,60975.14,CARD,806,724,26,0,0.366,0.365,0,0
TXN-002257,102166.2,UPI,1808,472,22,5,0.635,0.09,0,1
TXN-002258,8189.89,WALLET,2344,127,12,1,0.179,0.302,0,0
TXN-002259,46207.85,NETBANKING,232,1454,13,2,0.732,0.365,0,0
TXN-002260,148128.34,WALLET,2391,112,11,5,0.46,0.573,0,1
TXN-002261,111564.79,NETBANKING,1658,1190,7,3,0.33,0.885,1,1
TXN-002262,48408.14,WALLET,1081,1285,22,4,0.46,0.547,0,0
TXN-002263,7471.49,CARD,995,1422,16,3,0.801,0.089,0,0
TXN-002264,120876.03,UPI,2309,381,6,0,0.603,0.432,0,1
TXN-002265,122625.22,WALLET,872,1398,5,1,0.566,0.861,0,1
TXN-002266,130299.72,CARD,1320,492,25,1,0.815,0.935,0,1
TXN-002267,89101.52,CARD,1058,339,15,3,0.918,0.622,0,0
TXN-002268,130133.18,CARD,192,280,8,5,0.182,0.575,0,1
TXN-002269,92565.42,CARD,718,1058,9,2,0.138,0.962,0,0
TXN-002270,78838.16,UPI,1980,679,27,2,0.862,0.328,0,1
TXN-002271,58411.7,WALLET,1326,894,19,5,0.609,0.069,1,1
TXN-002272,666.65,WALLET,1165,504,7,5,0.155,0.773,0,0
TXN-002273,73965.19,WALLET,1913,448,7,0,0.414,0.726,0,0
TXN-002274,44880.79,WALLET,116,908,1,1,0.559,0.052,0,0
TXN-002275,47047.47,NETBANKING,555,1291,10,0,0.728,0.038,0,0
TXN-002276,19928.24,WALLET,1107,38,22,5,0.869,0.473,0,1
TXN-002277,63095.17,NETBANKING,2332,5,27,3,0.83,0.014,0,1
TXN-002278,28717.45,NETBANKING,1653,538,14,5,0.071,0.574,0,0
TXN-002279,96888.76,CARD,428,1071,30,1,0.981,0.699,1,0
TXN-002280,125812.56,NETBANKING,2451,159,9,4,0.914,0.506,0,0
TXN-002281,2229.49,NETBANKING,2447,1439,26,5,0.208,0.824,0,1
TXN-002282,19855.03,CARD,2419,527,29,3,0.101,0.101,1,0
TXN-002283,136543.4,NETBANKING,1181,1152,30,2,0.228,0.016,0,0
TXN-002284,65596.91,CARD,564,396,27,4,0.972,0.703,0,1
TXN-002285,124023.96,CARD,1397,815,23,3,0.747,0.696,0,0
TXN-002286,19402.3,WALLET,2154,1317,18,5,0.483,0.33,1,1
TXN-002287,78371.27,WALLET,316,1498,7,5,0.723,0.576,0,1
TXN-002288,112164.25,NETBANKING,1604,51,25,5,0.325,0.428,0,1
TXN-002289,119537.29,CARD,2219,495,1,4,0.858,0.445,0,0
TXN-002290,7699.22,UPI,2351,289,14,0,0.384,0.132,0,0
TXN-002291,135140.17,WALLET,2075,833,9,2,0.499,0.927,0,1
TXN-002292,113821.49,WALLET,1443,205,6,2,0.47,0.275,0,1
TXN-002293,67016.98,WALLET,2175,272,10,5,0.057,0.071,0,1
TXN-002294,16066.06,CARD,1052,620,9,0,0.77,0.589,0,1
TXN-002295,120271.16,CARD,826,1084,14,4,0.998,0.017,0,0
TXN-002296,130102.72,UPI,1854,41,8,3,0.194,0.882,0,1
TXN-002297,31902.9,WALLET,249,356,2,5,0.333,0.049,1,1
TXN-002298,91346.13,NETBANKING,284,436,9,5,0.578,0.584,0,0
TXN-002299,71397.0,WALLET,2359,998,5,2,0.337,0.153,0,1
TXN-002300,58447.17,NETBANKING,2158,27,10,2,0.914,0.464,0,0
TXN-002301,73872.23,UPI,2348,660,16,5,0.639,0.223,0,0
TXN-002302,87713.25,UPI,575,1348,14,0,0.169,0.617,0,0
TXN-002303,121330.45,UPI,956,185,12,4,0.6,0.763,0,0
TXN-002304,130663.55,WALLET,784,640,5,0,0.227,0.564,0,0
TXN-002305,79935.3,WALLET,1486,1249,12,0,0.656,0.067,0,0
TXN-002306,103041.7,CARD,826,8,17,4,0.755,0.129,1,1
TXN-002307,78047.96,WALLET,2107,567,4,4,0.42,0.245,0,0
TXN-002308,64461.5,NETBANKING,2248,772,23,4,0.757,0.166,0,1
TXN-002309,77501.42,UPI,1817,395,23,0,0.384,0.182,1,0
TXN-002310,96372.01,UPI,1522,189,26,4,0.923,0.798,0,1
TXN-002311,22522.25,CARD,1563,741,27,2,0.563,0.414,1,0
TXN-002312,139184.87,CARD,547,943,24,1,0.22,0.474,0,0
TXN-002313,132597.13,CARD,1932,1392,27,4,0.057,0.708,0,0
TXN-002314,130950.87,WALLET,228,1375,29,4,0.281,0.466,0,0
TXN-002315,10683.14,WALLET,1724,1017,11,2,0.203,0.525,1,0
TXN-002316,112367.15,WALLET,2107,136,12,4,0.065,0.494,0,1
TXN-002317,148136.18,WALLET,687,830,27,4,0.21,0.264,1,1
TXN-002318,78816.03,CARD,70,1404,16,3,0.079,0.238,0,1
TXN-002319,140354.56,UPI,1367,181,18,4,0.1,0.928,1,1
TXN-002320,117642.28,UPI,2093,275,27,0,0.649,0.488,0,0
TXN-002321,127486.48,UPI,486,97,15,4,0.132,0.481,0,1
TXN-002322,91043.64,CARD,918,563,29,5,0.511,0.93,0,1
TXN-002323,68172.8,UPI,994,1462,11,0,0.421,0.328,1,0
TXN-002324,117462.8,CARD,783,693,12,5,0.446,0.8,0,0
TXN-002325,114914.73,CARD,411,662,11,2,0.632,0.681,0,0
TXN-002326,5006.91,CARD,384,1075,16,4,0.604,0.877,0,0
TXN-002327,42095.49,UPI,1275,753,17,4,0.209,0.972,0,1
TXN-002328,72561.25,UPI,420,313,30,1,0.978,0.793,0,1
TXN-002329,148572.98,UPI,1329,1286,25,3,0.819,0.776,1,1
TXN-002330,87458.62,WALLET,1845,1266,15,4,0.053,0.882,0,0
TXN-002331,94171.7,NETBANKING,1747,1050,10,2,0.412,0.473,0,0
TXN-002332,148452.4,WALLET,1751,611,27,0,0.066,0.218,0,0
TXN-002333,113781.54,CARD,488,728,19,3,0.366,0.706,0,0
TXN-002334,35104.86,WALLET,2292,427,23,0,0.137,0.83,0,0
TXN-002335,99317.13,CARD,929,465,6,2,0.09,0.855,0,0
TXN-002336,94061.64,NETBANKING,2202,507,19,3,0.797,0.024,0,1
TXN-002337,119226.9,WALLET,1043,797,6,5,0.122,0.743,1,1
TXN-002338,97580.23,WALLET,1097,1249,4,3,0.064,0.003,0,0
TXN-002339,11630.69,UPI,1657,1157,18,0,0.646,0.943,0,0
TXN-002340,45047.8,NETBANKING,1965,792,23,0,0.705,0.255,1,0
TXN-002341,121648.11,NETBANKING,106,264,19,5,0.859,0.536,0,0
TXN-002342,115620.52,UPI,621,870,28,5,0.348,0.933,0,1
TXN-002343,28155.97,CARD,1703,773,15,3,0.123,0.746,0,1
TXN-002344,11786.13,CARD,1284,808,30,1,0.278,0.811,0,0
TXN-002345,125759.21,CARD,902,551,20,4,0.544,0.072,0,0
TXN-002346,83103.64,WALLET,2000,734,20,5,0.016,0.474,0,1
TXN-002347,95386.14,NETBANKING,1654,247,9,2,0.027,0.164,0,1
TXN-002348,45676.41,WALLET,1477,890,29,2,0.14,0.809,0,0
TXN-002349,37025.3,CARD,1555,447,3,4,0.585,0.75,0,1
TXN-002350,113714.25,CARD,1991,1404,15,3,0.851,0.263,0,1
TXN-002351,4046.24,NETBANKING,11,367,24,2,0.343,0.729,0,0
TXN-002352,138811.4,NETBANKING,2251,818,16,1,0.181,0.911,0,1
TXN-002353,113278.74,CARD,271,518,30,2,0.276,0.731,0,0
TXN-002354,43932.37,CARD,610,733,3,0,0.261,0.782,0,0
TXN-002355,47590.59,UPI,549,1410,1,2,0.014,0.322,0,0
TXN-002356,65373.46,UPI,2105,398,2,5,0.528,0.374,0,1
TXN-002357,104536.87,WALLET,997,176,10,1,0.582,0.325,0,1
TXN-002358,72259.02,WALLET,700,1293,4,0,0.486,0.549,1,1
TXN-002359,92309.4,WALLET,2149,656,14,2,0.129,0.761,0,0
TXN-002360,97789.5,UPI,585,877,27,4,0.657,0.244,0,0
TXN-002361,26962.96,CARD,51,828,2,0,0.185,0.054,1,0
TXN-002362,146523.34,NETBANKING,78,1383,11,1,0.168,0.741,0,0
TXN-002363,4193.54,WALLET,1968,76,4,2,0.075,0.32,1,1
TXN-002364,147467.28,WALLET,1739,512,7,5,0.519,0.129,0,1
TXN-002365,148682.95,CARD,2405,268,6,5,0.176,0.372,0,1
TXN-002366,99521.91,UPI,310,234,25,1,0.256,0.307,0,1
TXN-002367,96297.18,NETBANKING,744,1059,13,0,0.797,0.158,1,1
TXN-002368,129001.77,NETBANKING,1366,259,7,2,0.186,0.4,0,1
TXN-002369,845.98,NETBANKING,2391,1049,14,3,0.193,0.174,0,0
TXN-002370,112578.09,WALLET,994,567,22,4,0.55,0.625,0,0
TXN-002371,53496.09,UPI,1371,1410,6,3,0.982,0.404,0,1
TXN-002372,114628.19,WALLET,646,758,26,1,0.872,0.511,1,1
TXN-002373,15873.44,WALLET,1514,449,8,3,0.849,0.698,0,0
TXN-002374,116640.46,NETBANKING,1614,890,24,2,0.667,0.338,1,1
TXN-002375,95105.18,NETBANKING,1024,316,10,1,0.877,0.707,0,0
TXN-002376,22695.11,UPI,1388,973,3,1,0.641,0.863,0,0
TXN-002377,82103.14,CARD,1328,556,7,5,0.287,0.549,1,1
TXN-002378,86704.9,WALLET,415,806,24,4,0.147,0.566,1,0
TXN-002379,112832.41,UPI,1701,197,12,1,0.674,0.5,0,0
TXN-002380,77338.83,CARD,1892,182,1,1,0.023,0.806,0,0
TXN-002381,70782.4,CARD,17,196,9,4,0.614,0.815,1,1
TXN-002382,21076.7,NETBANKING,2351,426,4,1,0.979,0.979,0,0
TXN-002383,44747.75,WALLET,1626,377,11,5,0.278,0.144,1,0
TXN-002384,105409.44,NETBANKING,1661,421,30,1,0.598,0.46,1,1
TXN-002385,59372.2,NETBANKING,2072,1362,3,5,0.11,0.642,0,0
TXN-002386,13355.83,WALLET,1850,1377,1,3,0.682,0.551,0,0
TXN-002387,16729.54,UPI,1596,221,6,2,0.785,0.571,0,0
TXN-002388,37110.09,NETBANKING,2397,70,25,0,0.195,0.232,0,0
TXN-002389,99915.94,WALLET,841,1405,9,4,0.795,0.281,1,1
TXN-002390,9405.24,UPI,1779,1011,20,1,0.038,0.994,1,1
TXN-002391,1662.25,NETBANKING,2369,1341,23,4,0.663,0.083,0,0
TXN-002392,98457.96,CARD,159,309,17,4,0.831,0.417,0,1
TXN-002393,81689.26,UPI,297,1272,20,0,0.246,0.144,0,0
TXN-002394,111433.43,NETBANKING,1239,1134,9,1,0.996,0.21,0,1
TXN-002395,104334.31,UPI,1990,1212,4,1,0.921,0.382,0,0
TXN-002396,14922.42,UPI,2030,238,7,1,0.783,0.098,0,0
TXN-002397,45587.92,WALLET,18,331,30,4,0.556,0.655,0,1
TXN-002398,126073.37,WALLET,1226,650,5,3,0.934,0.075,1,0
TXN-002399,71517.89,NETBANKING,2011,780,10,3,0.188,0.072,1,1
TXN-002400,95609.11,NETBANKING,456,1347,13,0,0.782,0.999,0,0
TXN-002401,17933.66,NETBANKING,197,156,23,1,0.082,0.336,0,0
TXN-002402,99552.57,CARD,1592,137,14,4,0.253,0.344,0,1
TXN-002403,98432.61,NETBANKING,308,5,5,5,0.363,0.487,0,0
TXN-002404,89621.88,NETBANKING,2133,1077,30,2,0.426,0.605,1,0
TXN-002405,4690.76,UPI,2421,1288,23,5,0.341,0.451,0,0
TXN-002406,116766.71,NETBANKING,597,378,15,5,0.724,0.456,0,1
TXN-002407,98046.18,WALLET,1504,54,9,3,0.874,0.476,0,1
TXN-002408,149840.35,NETBANKING,456,456,1,3,0.509,0.956,0,1
TXN-002409,118139.25,WALLET,421,11,1,5,0.98,0.412,1,1
TXN-002410,148242.49,UPI,1991,278,18,1,0.008,0.408,0,1
TXN-002411,130540.23,CARD,574,470,5,4,0.148,0.175,0,1
TXN-002412,41729.93,NETBANKING,638,1078,7,2,1.0,0.591,0,1
TXN-002413,13931.19,NETBANKING,1853,1240,26,0,0.228,0.89,0,0
TXN-002414,52119.69,UPI,1288,398,11,3,0.928,0.165,1,0
TXN-002415,1247.6,WALLET,1185,241,21,5,0.936,0.359,0,0
TXN-002416,69707.75,CARD,120,262,30,4,0.017,0.073,0,0
TXN-002417,136514.02,NETBANKING,994,618,3,4,0.333,0.759,1,0
TXN-002418,39469.29,WALLET,2277,840,26,3,0.288,0.884,0,1
TXN-002419,96269.76,CARD,93,790,8,2,0.498,0.913,0,1
TXN-002420,87818.9,UPI,598,200,8,5,0.621,0.905,0,0
TXN-002421,135588.54,WALLET,2443,1180,1,2,0.814,0.553,0,0
TXN-002422,88894.24,NETBANKING,86,1116,25,2,0.187,0.895,0,1
TXN-002423,64545.82,UPI,1221,736,29,1,0.52,0.801,0,1
TXN-002424,109210.37,WALLET,1359,861,15,1,0.234,0.756,0,0
TXN-002425,12540.85,NETBANKING,590,910,14,0,0.926,0.418,1,1
TXN-002426,134847.86,UPI,574,733,8,5,0.02,0.28,0,0
TXN-002427,24193.28,WALLET,1212,552,10,3,0.774,0.499,0,0
TXN-002428,121757.65,NETBANKING,755,493,24,1,0.901,0.174,0,0
TXN-002429,41158.61,WALLET,517,631,4,5,0.331,0.247,0,0
TXN-002430,50771.68,WALLET,1155,1198,30,0,0.384,0.834,1,1
TXN-002431,41704.81,NETBANKING,1853,126,8,1,0.222,0.144,0,0
TXN-002432,139644.53,UPI,1320,1311,18,1,0.525,0.226,0,0
TXN-002433,21059.24,WALLET,1607,377,29,5,0.617,0.091,0,0
TXN-002434,142696.64,CARD,537,55,10,0,0.407,0.542,0,1
TXN-002435,36186.62,CARD,1664,784,20,1,0.475,0.991,0,1
TXN-002436,19017.67,NETBANKING,136,442,4,1,0.586,0.5,0,1
TXN-002437,22768.44,WALLET,391,1376,19,0,0.106,0.239,0,0
TXN-002438,33931.37,WALLET,348,1237,2,0,0.058,0.022,1,0
TXN-002439,56579.75,CARD,1395,772,23,5,0.677,0.7,0,1
TXN-002440,89995.35,UPI,1842,1187,20,1,0.227,0.286,0,1
TXN-002441,35226.49,WALLET,1920,954,30,4,0.768,0.285,0,0
TXN-002442,43262.18,CARD,1819,27,26,5,0.118,0.296,0,0
TXN-002443,104925.01,UPI,329,1373,15,3,0.428,0.421,0,1
TXN-002444,26601.59,WALLET,1713,138,5,0,0.784,0.16,0,0
TXN-002445,8336.11,UPI,246,320,5,1,0.069,0.114,0,1
TXN-002446,94417.01,WALLET,1752,419,11,1,0.135,0.198,0,0
TXN-002447,87907.48,UPI,566,776,27,5,0.517,0.284,1,1
TXN-002448,136751.06,UPI,341,586,28,1,0.606,0.193,0,0
TXN-002449,36801.7,NETBANKING,1007,1167,25,4,0.565,0.697,0,1
TXN-002450,39022.0,NETBANKING,2456,1350,21,4,0.851,0.38,0,0
TXN-002451,113269.36,NETBANKING,424,1006,22,4,0.202,0.683,0,1
TXN-002452,132369.46,NETBANKING,862,1073,5,0,0.094,0.779,0,0
TXN-002453,24633.75,WALLET,1610,600,6,3,0.445,0.793,0,1
TXN-002454,21760.54,CARD,1146,648,12,1,0.962,0.91,0,0
TXN-002455,47170.9,WALLET,1923,842,9,4,0.441,0.294,0,0
TXN-002456,122140.47,NETBANKING,1506,247,1,2,0.407,0.138,0,0
TXN-002457,145607.13,WALLET,1340,785,18,2,0.859,0.143,0,1
TXN-002458,112629.0,WALLET,2017,368,20,1,0.74,0.702,1,1
TXN-002459,32405.08,NETBANKING,568,150,5,4,0.11,0.437,0,0
TXN-002460,118134.57,NETBANKING,2022,946,18,5,0.935,0.699,0,0
TXN-002461,145872.61,WALLET,561,766,4,4,0.291,0.655,0,1
TXN-002462,97494.54,CARD,384,600,15,4,0.681,0.947,0,1
TXN-002463,96801.64,CARD,230,1163,23,5,0.27,0.064,0,1
TXN-002464,109503.59,UPI,1620,404,14,5,0.22,0.141,1,1
TXN-002465,17012.28,CARD,621,56,27,0,0.891,0.72,1,1
TXN-002466,40336.42,WALLET,1037,1113,7,1,0.993,0.213,0,1
TXN-002467,118518.54,CARD,2213,1240,13,3,0.724,0.638,0,1
TXN-002468,50401.67,NETBANKING,2485,586,29,3,0.877,0.599,0,0
TXN-002469,42061.77,UPI,466,385,5,2,0.622,0.764,0,0
TXN-002470,123748.04,UPI,318,222,29,2,0.292,0.11,0,1
TXN-002471,7413.26,UPI,1171,523,21,0,0.061,0.061,0,0
TXN-002472,57805.82,NETBANKING,311,1408,7,2,0.191,0.634,0,0
TXN-002473,32664.5,NETBANKING,1877,655,12,4,0.05,0.042,0,0
TXN-002474,77496.31,NETBANKING,1563,578,15,0,0.487,0.816,1,1
TXN-002475,144313.78,UPI,634,948,26,5,0.103,0.897,1,1
TXN-002476,15514.32,UPI,438,750,17,3,0.424,0.799,0,1
TXN-002477,85735.81,WALLET,1797,730,19,5,0.713,0.202,0,1
TXN-002478,71525.91,UPI,1315,58,11,4,0.207,0.19,0,0
TXN-002479,63355.1,WALLET,615,1118,12,1,0.365,0.239,0,0
TXN-002480,58245.66,CARD,387,959,29,5,0.482,0.56,0,0
TXN-002481,40225.93,WALLET,1753,1123,16,4,0.869,0.004,0,1
TXN-002482,77364.22,CARD,646,947,6,3,0.754,0.43,1,1
TXN-002483,10537.89,NETBANKING,251,338,11,1,0.875,0.371,0,1
TXN-002484,35859.12,WALLET,781,16,18,4,0.924,0.125,0,0
TXN-002485,33641.67,CARD,1982,974,16,3,0.92,0.95,0,0
TXN-002486,75239.28,CARD,1307,263,23,5,0.481,0.504,0,1
TXN-002487,90420.62,UPI,1813,170,5,0,0.048,0.142,0,0
TXN-002488,101302.84,WALLET,888,1389,2,2,0.739,0.483,0,1
TXN-002489,92894.63,WALLET,493,1389,19,4,0.631,0.108,0,1
TXN-002490,59874.27,WALLET,1666,607,2,4,0.609,0.681,1,1
TXN-002491,116868.9,UPI,72,1260,23,2,0.152,0.936,0,0
TXN-002492,57041.29,NETBANKING,804,940,20,1,0.957,0.182,0,0
TXN-002493,36657.2,UPI,1879,44,12,5,0.285,0.672,0,0
TXN-002494,50252.78,UPI,339,674,2,5,0.702,0.044,0,0
TXN-002495,4706.43,UPI,552,822,12,4,0.572,0.209,0,0
TXN-002496,89721.22,CARD,904,653,10,4,0.5,0.207,0,0
TXN-002497,16258.76,WALLET,1934,1168,3,2,0.384,0.97,1,0
TXN-002498,58162.06,NETBANKING,984,320,1,1,0.092,0.995,0,0
TXN-002499,61209.46,NETBANKING,600,1062,5,2,0.393,0.333,1,0
TXN-002500,74759.19,CARD,1189,6,2,0,0.689,0.735,0,0
TXN-002501,99644.22,UPI,1246,1366,24,3,0.79,0.32,1,1
TXN-002502,50754.27,CARD,587,1015,29,0,0.401,0.652,0,0
TXN-002503,48108.21,WALLET,890,782,20,5,0.763,0.897,0,0
TXN-002504,8623.98,UPI,2414,108,17,4,0.589,0.066,0,0
TXN-002505,121450.39,NETBANKING,2178,92,6,4,0.644,0.948,0,1
TXN-002506,81608.89,CARD,208,1274,24,1,0.049,0.263,0,1
TXN-002507,13369.22,WALLET,1614,349,18,5,0.025,0.789,0,0
TXN-002508,101189.43,WALLET,2130,137,12,4,0.303,0.459,0,0
TXN-002509,130785.06,CARD,302,181,2,2,0.681,0.947,0,0
TXN-002510,64954.29,CARD,2477,918,20,4,0.29,0.14,1,0
TXN-002511,21075.63,WALLET,2484,477,16,3,0.733,0.356,0,0
TXN-002512,72924.68,WALLET,403,1043,16,3,0.398,0.898,1,1
TXN-002513,35504.51,NETBANKING,101,180,24,5,0.397,0.776,0,0
TXN-002514,25867.44,CARD,754,871,14,3,0.444,0.831,1,0
TXN-002515,103199.21,WALLET,1627,176,13,2,0.169,0.55,1,1
TXN-002516,87158.95,CARD,1303,1159,18,0,0.136,0.341,0,0
TXN-002517,65131.73,WALLET,1558,607,1,4,0.839,0.912,0,1
TXN-002518,138649.22,NETBANKING,512,903,4,3,0.33,0.551,0,0
TXN-002519,20947.36,NETBANKING,1624,719,26,0,0.534,0.441,0,0
TXN-002520,6002.73,NETBANKING,179,9,23,4,0.184,0.27,0,0
TXN-002521,133360.14,NETBANKING,1897,102,21,1,0.643,0.774,1,1
TXN-002522,15341.14,CARD,1393,1298,1,0,0.644,0.391,0,0
TXN-002523,85785.94,UPI,1645,1355,21,4,0.345,0.995,0,0
TXN-002524,61270.34,CARD,488,1299,18,0,0.384,0.886,0,0
TXN-002525,3069.96,CARD,1072,354,29,3,0.651,0.423,0,1
TXN-002526,70489.07,NETBANKING,102,1429,26,2,0.495,0.782,0,1
TXN-002527,141910.96,NETBANKING,1672,1390,25,3,0.256,0.72,1,1
TXN-002528,54346.86,NETBANKING,1037,764,8,2,0.33,0.066,0,0
TXN-002529,146279.95,WALLET,1450,1053,7,5,0.748,0.268,0,0
TXN-002530,128436.83,NETBANKING,2241,879,21,1,0.855,0.832,0,0
TXN-002531,124497.57,NETBANKING,985,316,1,5,0.811,0.473,1,1
TXN-002532,76233.09,NETBANKING,999,326,25,5,0.409,0.804,1,1
TXN-002533,97359.3,NETBANKING,999,1493,14,4,0.691,0.867,0,1
TXN-002534,108636.55,NETBANKING,1308,123,12,5,0.032,0.175,0,1
TXN-002535,109949.17,UPI,210,938,7,2,0.172,0.986,1,1
TXN-002536,104571.75,WALLET,931,1004,30,1,0.845,0.59,0,0
TXN-002537,145427.12,UPI,990,1152,30,0,0.063,0.138,1,1
TXN-002538,5863.89,CARD,20,615,11,0,0.658,0.959,0,1
TXN-002539,34123.68,UPI,571,951,20,2,0.772,0.687,0,0
TXN-002540,93104.04,NETBANKING,771,162,26,5,0.725,0.101,0,0
TXN-002541,86458.06,NETBANKING,684,822,12,1,0.885,0.817,0,0
TXN-002542,57107.6,CARD,1409,228,23,0,0.524,0.496,1,0
TXN-002543,101566.87,NETBANKING,1199,701,3,2,0.632,0.431,0,0
TXN-002544,48694.42,UPI,1953,1364,29,2,0.344,0.357,0,0
TXN-002545,138578.56,WALLET,556,971,6,4,0.845,0.416,0,1
TXN-002546,57852.16,CARD,356,1368,11,3,0.375,0.423,0,1
TXN-002547,15315.4,WALLET,118,1053,9,4,0.119,0.976,0,1
TXN-002548,88414.4,UPI,1737,1170,8,0,0.604,0.431,0,0
TXN-002549,89697.16,UPI,1786,1012,2,2,0.336,0.712,1,0
TXN-002550,18843.9,WALLET,1806,467,22,0,0.948,0.952,0,0
TXN-002551,124184.92,UPI,1264,1029,12,0,0.658,0.65,0,0
TXN-002552,122404.93,WALLET,1220,751,2,5,0.145,0.176,0,1
TXN-002553,19963.94,NETBANKING,1520,905,13,3,0.185,0.61,0,0
TXN-002554,3740.0,NETBANKING,1060,398,29,0,0.521,0.707,0,0
TXN-002555,92294.05,CARD,347,79,22,5,0.856,0.664,1,1
TXN-002556,101762.73,UPI,1314,33,14,1,0.683,0.115,0,0
TXN-002557,117360.66,NETBANKING,264,926,7,1,0.509,0.842,0,0
TXN-002558,109700.03,WALLET,937,1267,5,1,0.098,0.55,0,0
TXN-002559,66453.77,WALLET,1783,992,4,0,0.359,0.565,0,1
TXN-002560,96556.05,NETBANKING,2437,1268,27,5,0.081,0.863,0,1
TXN-002561,7762.65,CARD,25,269,25,5,0.377,0.807,0,1
TXN-002562,5228.85,CARD,1269,1307,12,0,0.17,0.316,0,0
TXN-002563,7179.91,UPI,1115,18,20,5,0.789,0.273,0,1
TXN-002564,10414.23,CARD,984,869,18,4,0.096,0.076,0,0
TXN-002565,10843.48,NETBANKING,411,500,8,2,0.375,0.101,0,1
TXN-002566,14871.16,CARD,1482,484,6,0,0.771,0.74,0,0
TXN-002567,108577.36,WALLET,911,851,27,0,0.238,0.565,0,0
TXN-002568,110768.08,UPI,1909,1046,19,5,0.306,0.486,0,1
TXN-002569,3567.9,CARD,331,527,23,5,0.1,0.05,0,0
TXN-002570,65111.87,NETBANKING,2297,748,28,0,0.794,0.671,1,1
TXN-002571,32582.07,UPI,2168,761,3,0,0.882,0.584,0,0
TXN-002572,45659.44,NETBANKING,1489,861,20,3,0.142,0.395,0,0
TXN-002573,90045.97,WALLET,1753,1021,3,1,0.439,0.734,0,0
TXN-002574,126983.96,CARD,2395,726,13,0,0.134,0.402,0,0
TXN-002575,140999.35,NETBANKING,1489,1013,7,3,0.098,0.544,1,0
TXN-002576,123492.33,UPI,680,1494,5,1,0.687,0.928,0,0
TXN-002577,45358.69,WALLET,1562,361,16,3,0.205,0.218,0,1
TXN-002578,68616.11,UPI,1222,357,21,5,0.102,0.186,1,1
TXN-002579,59577.64,WALLET,849,852,9,3,0.027,0.25,0,0
TXN-002580,84849.95,WALLET,90,444,13,4,0.559,0.961,0,1
TXN-002581,33061.41,CARD,1645,1493,8,5,0.843,0.766,1,0
TXN-002582,21830.53,UPI,687,989,30,0,0.383,0.598,0,1
TXN-002583,39706.94,WALLET,595,1186,4,0,0.543,0.17,1,0
TXN-002584,18699.17,CARD,84,180,18,0,0.446,0.583,0,0
TXN-002585,72120.72,WALLET,2154,1256,24,5,0.521,0.252,1,0
TXN-002586,87287.13,WALLET,2459,117,11,1,0.93,0.135,0,1
TXN-002587,81988.16,WALLET,1376,856,12,4,0.738,0.553,1,0
TXN-002588,133718.74,UPI,1773,158,16,1,0.632,0.685,0,0
TXN-002589,14297.46,WALLET,820,193,6,4,0.461,0.955,0,0
TXN-002590,111752.48,WALLET,424,858,20,2,0.609,0.218,1,1
TXN-002591,125893.11,CARD,2153,1413,23,4,0.648,0.887,0,1
TXN-002592,142169.16,UPI,467,425,21,0,0.5,0.426,0,1
TXN-002593,102521.84,CARD,471,797,8,5,0.194,0.921,0,1
TXN-002594,129161.33,NETBANKING,1097,1185,2,0,0.31,0.602,0,0
TXN-002595,24585.0,NETBANKING,1212,761,17,2,0.504,0.342,0,0
TXN-002596,137568.68,UPI,628,987,28,2,0.999,0.218,0,0
TXN-002597,116601.64,NETBANKING,434,897,26,2,0.07,0.6,0,1
TXN-002598,131737.3,NETBANKING,2022,863,29,1,0.905,0.106,0,1
TXN-002599,5694.67,WALLET,956,1171,20,2,0.358,0.098,0,0
TXN-002600,14163.02,WALLET,892,108,20,1,0.009,0.772,0,0
TXN-002601,110558.07,UPI,2405,878,23,5,0.306,0.882,1,1
TXN-002602,41707.01,UPI,2304,1252,20,1,0.703,0.461,0,0
TXN-002603,114089.16,UPI,1715,821,17,0,0.067,0.206,1,1
TXN-002604,64375.97,UPI,1959,1419,5,0,0.479,0.226,0,0
TXN-002605,27120.93,CARD,704,1324,6,5,0.851,0.27,1,0
TXN-002606,9293.5,CARD,758,481,14,2,0.309,0.014,1,0
TXN-002607,46569.58,NETBANKING,689,608,25,4,0.873,0.271,0,0
TXN-002608,36773.14,NETBANKING,30,1429,20,2,0.439,0.351,0,0
TXN-002609,77261.6,UPI,1378,854,9,0,0.613,0.576,0,0
TXN-002610,28941.59,UPI,789,958,2,2,0.311,0.636,0,0
TXN-002611,102688.14,UPI,2084,367,13,0,0.667,0.822,0,0
TXN-002612,47814.08,NETBANKING,1095,372,24,4,0.594,0.175,0,0
TXN-002613,106697.64,WALLET,2389,1360,30,3,0.6,0.775,1,1
TXN-002614,80635.19,UPI,2330,513,3,0,0.625,0.542,0,0
TXN-002615,118978.13,NETBANKING,520,575,21,5,0.859,0.294,0,1
TXN-002616,76906.86,CARD,1107,840,7,1,0.806,0.675,1,0
TXN-002617,38677.4,WALLET,1520,210,24,4,0.381,0.903,0,0
TXN-002618,116429.31,NETBANKING,1180,360,10,1,0.727,0.177,1,0
TXN-002619,51594.46,WALLET,1102,419,11,0,0.578,0.347,1,0
TXN-002620,131882.78,WALLET,34,510,19,3,0.807,0.605,0,1
TXN-002621,48475.12,UPI,1927,830,11,0,0.259,0.125,1,1
TXN-002622,114327.12,NETBANKING,1123,280,18,4,0.95,0.212,0,0
TXN-002623,91617.04,WALLET,1546,1058,14,3,0.45,0.539,1,0
TXN-002624,61346.59,UPI,1875,1435,28,5,0.022,0.863,0,1
TXN-002625,39203.25,WALLET,337,166,1,1,0.798,0.261,0,0
TXN-002626,72117.12,NETBANKING,1716,886,24,2,0.0,0.339,1,0
TXN-002627,102965.12,WALLET,2013,1357,10,2,0.563,0.723,0,1
TXN-002628,31202.33,NETBANKING,1782,1179,17,2,0.019,0.976,0,0
TXN-002629,2594.16,NETBANKING,1676,837,28,5,0.577,0.948,0,1
TXN-002630,20443.59,NETBANKING,729,1149,14,0,0.472,0.703,1,0
TXN-002631,120250.44,UPI,1232,69,28,1,0.33,0.98,0,0
TXN-002632,149848.89,WALLET,707,771,28,2,0.514,0.79,0,1
TXN-002633,43199.56,CARD,1668,1146,28,0,0.671,0.196,1,1
TXN-002634,108041.55,UPI,90,163,28,1,0.439,0.578,1,1
TXN-002635,120996.23,CARD,7,603,21,4,0.86,0.147,0,1
TXN-002636,56469.57,WALLET,200,443,13,2,0.415,0.052,0,1
TXN-002637,45676.28,NETBANKING,866,1288,20,2,0.403,0.781,0,1
TXN-002638,80628.82,CARD,804,456,12,3,0.68,0.089,0,0
TXN-002639,125745.95,WALLET,1235,574,28,2,0.461,0.886,0,0
TXN-002640,58279.81,WALLET,1821,1103,11,5,0.041,0.614,1,0
TXN-002641,39818.42,WALLET,1534,1256,9,5,0.287,0.239,0,1
TXN-002642,53185.83,CARD,1828,942,26,2,0.878,0.869,0,1
TXN-002643,63041.75,WALLET,1153,52,9,1,0.023,0.867,0,1
TXN-002644,46287.99,WALLET,1437,410,10,0,0.076,0.754,0,1
TXN-002645,88295.25,UPI,191,1170,28,2,0.738,0.796,0,1
TXN-002646,75985.47,CARD,1190,1480,9,2,0.244,0.983,0,1
TXN-002647,51359.27,CARD,821,1387,5,3,0.43,0.032,0,1
TXN-002648,4432.58,UPI,288,123,24,1,0.815,0.585,0,1
TXN-002649,90041.06,WALLET,1288,165,3,4,0.102,0.887,1,0
TXN-002650,67228.52,NETBANKING,1646,874,3,2,0.73,0.47,0,0
TXN-002651,114640.81,WALLET,2094,998,22,0,0.281,0.462,1,1
TXN-002652,97669.69,WALLET,2243,302,23,4,0.016,0.373,0,1
TXN-002653,146694.82,NETBANKING,69,1079,21,4,0.068,0.718,0,1
TXN-002654,27154.05,CARD,2034,866,30,2,0.855,0.316,0,0
TXN-002655,63407.42,CARD,275,519,2,2,0.067,0.876,1,1
TXN-002656,46318.22,NETBANKING,1848,499,7,4,0.591,0.09,0,0
TXN-002657,68335.55,NETBANKING,526,6,7,2,0.606,0.282,0,0
TXN-002658,33966.93,WALLET,925,732,3,4,0.916,0.682,0,1
TXN-002659,130072.91,WALLET,1963,620,4,1,0.09,0.204,0,0
TXN-002660,28265.98,CARD,1456,1053,12,1,0.268,0.945,0,0
TXN-002661,11872.37,CARD,2160,1102,12,5,0.168,0.119,1,1
TXN-002662,93430.41,UPI,2365,1071,10,5,0.886,0.794,0,0
TXN-002663,83144.68,WALLET,1353,740,26,4,0.84,0.973,0,1
TXN-002664,113708.97,CARD,882,1102,7,0,0.588,0.311,1,0
TXN-002665,107499.87,UPI,228,402,18,0,0.819,0.866,0,1
TXN-002666,91044.38,CARD,1277,322,4,5,0.608,0.37,0,0
TXN-002667,127064.05,UPI,711,130,17,2,0.155,0.905,0,0
TXN-002668,44428.87,WALLET,361,403,8,0,0.332,0.641,0,0
TXN-002669,142845.26,NETBANKING,916,80,7,0,0.808,0.297,0,0
TXN-002670,100790.62,UPI,195,1263,29,5,0.407,0.614,0,1
TXN-002671,61075.91,WALLET,973,626,11,2,0.12,0.558,0,1
TXN-002672,140820.06,NETBANKING,1398,313,2,3,0.307,0.082,1,1
TXN-002673,145757.67,WALLET,1559,1414,20,0,0.017,0.895,1,1
TXN-002674,37583.8,UPI,1657,1097,5,3,0.824,0.925,0,0
TXN-002675,74933.28,WALLET,699,1332,26,3,0.836,0.568,0,1
TXN-002676,29113.56,NETBANKING,2034,1174,26,5,0.086,0.004,0,1
TXN-002677,119967.98,NETBANKING,2017,266,25,1,0.551,0.456,0,1
TXN-002678,7089.31,WALLET,1095,1145,11,4,0.493,0.129,0,0
TXN-002679,21797.73,NETBANKING,362,605,11,1,0.901,0.811,0,0
TXN-002680,22198.24,WALLET,66,779,2,2,0.552,0.174,0,1
TXN-002681,117498.03,NETBANKING,1955,540,15,3,0.693,0.607,0,0
TXN-002682,3591.74,UPI,2059,1493,19,4,0.33,0.392,0,1
TXN-002683,135096.95,NETBANKING,1452,884,26,1,0.221,0.559,1,0
TXN-002684,57199.45,WALLET,974,152,7,3,0.659,0.052,0,0
TXN-002685,3552.21,UPI,401,1489,28,1,0.556,0.009,0,0
TXN-002686,41636.42,WALLET,327,1183,20,0,0.214,0.017,0,0
TXN-002687,109568.41,NETBANKING,1008,1148,6,5,0.57,0.308,1,1
TXN-002688,121350.97,UPI,1482,478,10,3,0.128,0.239,0,0
TXN-002689,61385.02,CARD,231,1156,11,5,0.221,0.658,0,1
TXN-002690,83533.32,WALLET,2166,848,27,2,0.38,0.661,1,1
TXN-002691,99563.57,CARD,651,1077,29,1,0.717,0.901,0,1
TXN-002692,56090.14,UPI,1790,1045,17,2,0.427,0.727,0,0
TXN-002693,95906.88,UPI,1636,571,11,4,0.219,0.974,0,0
TXN-002694,71294.09,CARD,326,474,12,5,0.201,0.938,0,0
TXN-002695,106396.98,CARD,2061,1434,20,3,0.275,0.709,0,0
TXN-002696,9749.06,NETBANKING,2157,791,22,1,0.429,0.323,0,0
TXN-002697,92860.91,WALLET,1054,686,8,2,0.613,0.356,0,0
TXN-002698,116819.59,WALLET,1273,229,20,3,0.441,0.599,0,0
TXN-002699,7568.07,CARD,1438,1033,27,1,0.061,0.11,0,1
TXN-002700,110487.58,WALLET,636,354,30,2,0.145,0.524,1,1
TXN-002701,99456.49,CARD,1965,782,14,4,0.049,0.628,0,0
TXN-002702,7492.27,UPI,2074,69,9,0,0.794,0.197,0,1
TXN-002703,128164.4,CARD,1797,496,12,4,0.399,0.987,0,0
TXN-002704,49011.77,NETBANKING,1708,33,12,1,0.586,0.892,0,0
TXN-002705,40171.79,WALLET,565,1016,5,0,0.629,0.749,0,0
TXN-002706,9538.68,CARD,2174,715,14,3,0.739,0.925,0,0
TXN-002707,25689.8,UPI,1464,658,24,5,0.838,0.218,0,0
TXN-002708,68152.91,NETBANKING,2249,285,3,1,0.386,0.417,0,0
TXN-002709,96238.03,NETBANKING,1182,810,1,3,0.561,0.777,0,0
TXN-002710,12419.69,UPI,2487,1034,3,3,0.483,0.37,0,0
TXN-002711,119040.47,CARD,1389,422,22,0,0.429,0.276,1,1
TXN-002712,100977.28,CARD,2120,1320,11,5,0.57,0.272,0,1
TXN-002713,117041.78,UPI,1972,39,12,2,0.303,0.613,0,1
TXN-002714,114898.67,WALLET,2018,209,11,3,0.801,0.175,0,0
TXN-002715,39918.16,UPI,1995,830,23,1,0.298,0.113,0,0
TXN-002716,70046.52,UPI,196,225,4,2,0.643,0.462,0,0
TXN-002717,39498.31,UPI,1075,1422,18,3,0.133,0.352,0,0
TXN-002718,50581.29,NETBANKING,426,458,11,2,0.648,0.731,0,1
TXN-002719,80141.69,NETBANKING,1916,439,20,5,0.314,0.238,0,0
TXN-002720,52492.76,UPI,2385,705,16,5,0.598,0.833,0,0
TXN-002721,60427.55,CARD,2175,538,21,5,0.118,0.193,0,1
TXN-002722,110435.7,NETBANKING,1819,4,10,0,0.465,0.252,1,1
TXN-002723,14492.8,WALLET,2417,1002,24,5,0.246,0.291,1,0
TXN-002724,85828.65,UPI,2123,1460,7,3,0.939,0.373,0,1
TXN-002725,3907.2,WALLET,413,40,3,3,0.348,0.678,0,0
TXN-002726,5386.36,WALLET,1885,1174,26,5,0.27,0.033,1,0
TXN-002727,26796.89,NETBANKING,1286,1393,4,3,0.904,0.156,0,0
TXN-002728,115620.5,WALLET,1824,823,22,1,0.353,0.198,0,0
TXN-002729,55265.36,NETBANKING,2160,1218,14,0,0.489,0.454,0,0
TXN-002730,12897.68,CARD,945,708,27,0,0.753,0.612,0,1
TXN-002731,90579.79,NETBANKING,676,1009,21,2,0.976,0.227,0,1
TXN-002732,106868.9,WALLET,1809,129,23,2,0.52,0.022,0,0
TXN-002733,101064.31,CARD,1492,1288,14,2,0.561,0.153,0,0
TXN-002734,51471.5,WALLET,972,1494,16,4,0.946,0.708,0,0
TXN-002735,129611.1,WALLET,1758,1195,4,0,0.81,0.672,0,1
TXN-002736,94030.79,CARD,1321,326,26,3,0.083,0.108,0,0
TXN-002737,121520.79,NETBANKING,1616,653,15,2,0.629,0.273,0,1
TXN-002738,102997.48,NETBANKING,1148,587,30,0,0.109,0.098,1,1
TXN-002739,57368.77,WALLET,769,1047,1,5,0.338,0.058,1,0
TXN-002740,32536.53,WALLET,2102,617,25,0,0.537,0.898,0,1
TXN-002741,100647.03,CARD,115,153,9,5,0.522,0.198,0,0
TXN-002742,134920.09,UPI,757,908,6,4,0.207,0.389,0,0
TXN-002743,131779.61,WALLET,1193,960,30,3,0.046,0.573,0,1
TXN-002744,145701.5,CARD,1905,773,5,5,0.604,0.003,0,0
TXN-002745,9945.5,WALLET,760,193,16,1,0.042,0.546,1,0
TXN-002746,98549.93,UPI,2053,799,27,4,0.222,0.226,0,0
TXN-002747,98185.77,WALLET,1052,1260,14,3,0.299,0.589,0,1
TXN-002748,107716.81,CARD,2496,1397,1,3,0.785,0.25,1,0
TXN-002749,107925.79,WALLET,64,470,10,1,0.336,0.662,0,0
TXN-002750,18595.09,UPI,1531,1145,19,0,0.188,0.993,0,0
TXN-002751,1715.12,NETBANKING,718,242,11,1,0.067,0.249,0,0
TXN-002752,51205.12,CARD,1645,8,5,1,0.113,0.571,0,0
TXN-002753,41524.03,UPI,580,1236,8,1,0.773,0.368,0,0
TXN-002754,125895.49,UPI,18,837,12,3,0.239,0.803,0,1
TXN-002755,137749.61,WALLET,2351,446,25,5,0.706,0.122,0,1
TXN-002756,136111.19,UPI,617,1113,8,1,0.087,0.33,1,0
TXN-002757,1888.97,CARD,1389,1235,15,0,0.493,0.493,0,1
TXN-002758,51875.41,WALLET,234,1174,10,0,0.13,0.91,0,0
TXN-002759,144480.13,NETBANKING,2216,475,25,5,0.631,0.591,0,1
TXN-002760,83836.47,UPI,2283,929,25,3,0.458,0.866,0,1
TXN-002761,42044.32,NETBANKING,1330,1344,27,5,0.931,0.799,0,0
TXN-002762,95894.01,WALLET,969,92,8,1,0.177,0.58,0,0
TXN-002763,113264.02,WALLET,1082,697,4,0,0.302,0.281,1,0
TXN-002764,105166.34,WALLET,890,240,18,0,0.991,0.387,0,1
TXN-002765,7814.51,NETBANKING,2375,1471,29,2,0.803,0.414,0,1
TXN-002766,72669.11,WALLET,1607,629,29,3,0.362,0.674,0,1
TXN-002767,22563.72,WALLET,622,341,13,5,0.577,0.296,0,0
TXN-002768,102077.01,CARD,2376,22,20,4,0.258,0.685,1,1
TXN-002769,1810.03,WALLET,1553,1482,19,5,0.597,0.922,0,1
TXN-002770,19919.3,WALLET,2245,976,2,4,0.768,0.443,0,0
TXN-002771,56250.33,UPI,841,1167,19,3,0.144,0.223,0,0
TXN-002772,121203.77,WALLET,286,1373,26,0,0.055,0.438,0,1
TXN-002773,83129.41,WALLET,707,384,22,0,0.407,0.967,0,1
TXN-002774,34851.06,CARD,213,294,7,4,0.589,0.23,0,1
TXN-002775,60230.22,UPI,1548,1160,9,5,0.227,0.917,0,0
TXN-002776,28690.31,WALLET,2203,803,11,1,0.599,0.09,1,0
TXN-002777,107338.83,UPI,136,784,28,2,0.254,0.886,1,1
TXN-002778,71883.58,NETBANKING,1006,219,4,4,0.632,0.765,1,1
TXN-002779,54380.29,NETBANKING,587,1085,26,0,0.324,0.974,0,0
TXN-002780,54838.01,UPI,1965,1142,28,3,0.551,0.638,0,1
TXN-002781,27145.9,CARD,2418,267,6,0,0.249,0.075,0,0
TXN-002782,14045.2,NETBANKING,2295,822,14,1,0.951,0.776,0,0
TXN-002783,116532.76,CARD,2128,1018,7,5,0.076,0.801,0,0
TXN-002784,26134.8,UPI,1942,1366,19,3,0.31,0.115,0,1
TXN-002785,27494.42,UPI,1930,10,1,2,0.079,0.041,1,1
TXN-002786,102747.73,CARD,87,302,22,1,0.731,0.656,0,0
TXN-002787,73415.85,NETBANKING,1502,557,3,3,0.275,0.498,0,1
TXN-002788,133218.09,WALLET,1701,270,28,3,0.32,0.74,0,1
TXN-002789,102173.8,WALLET,1036,565,6,0,0.23,0.721,0,0
TXN-002790,115073.62,NETBANKING,2224,387,7,0,0.573,0.372,0,0
TXN-002791,103350.29,CARD,1630,1096,23,5,0.01,0.049,0,1
TXN-002792,146675.7,CARD,939,276,13,3,0.075,0.742,1,1
TXN-002793,15048.48,WALLET,29,196,12,0,0.722,0.565,0,0
TXN-002794,4253.55,CARD,1436,151,19,1,0.046,0.848,0,1
TXN-002795,34104.02,CARD,2315,922,27,0,0.831,0.575,0,0
TXN-002796,75877.58,UPI,1408,1097,21,2,0.914,0.811,0,0
TXN-002797,120330.64,WALLET,342,579,20,1,0.974,0.904,0,0
TXN-002798,68977.61,UPI,1269,376,10,4,0.811,0.827,1,1
TXN-002799,19629.88,UPI,2119,1118,8,5,0.07,0.3,1,0
TXN-002800,35421.6,WALLET,1889,984,6,2,0.297,0.635,0,0
TXN-002801,93433.12,WALLET,2126,1015,6,4,0.974,0.376,0,1
TXN-002802,60974.48,NETBANKING,913,1062,28,5,0.648,0.835,1,0
TXN-002803,34036.52,UPI,1216,257,10,3,0.581,0.419,0,0
TXN-002804,85186.86,UPI,2464,135,14,5,0.354,0.228,0,1
TXN-002805,25252.11,WALLET,567,258,12,2,0.594,0.923,0,0
TXN-002806,34716.24,UPI,1100,1290,2,0,0.679,0.148,0,0
TXN-002807,17135.97,WALLET,756,374,13,2,0.911,0.259,0,0
TXN-002808,118215.13,UPI,270,1069,9,1,0.918,0.797,0,0
TXN-002809,147759.36,NETBANKING,1837,628,6,1,0.575,0.637,0,0
TXN-002810,136747.91,WALLET,1953,169,12,1,0.863,0.02,0,1
TXN-002811,136925.08,NETBANKING,1905,1493,25,1,0.403,0.011,0,0
TXN-002812,2483.29,UPI,228,886,10,3,0.407,0.865,0,1
TXN-002813,75535.4,CARD,1331,652,9,5,0.938,0.714,0,0
TXN-002814,18828.65,WALLET,2453,295,24,5,0.75,0.735,0,0
TXN-002815,40219.16,CARD,805,627,8,5,0.575,0.587,0,0
TXN-002816,110927.32,CARD,1421,358,17,3,0.558,0.222,0,1
TXN-002817,119741.72,UPI,907,505,1,3,0.232,0.34,0,1
TXN-002818,34577.42,NETBANKING,416,367,5,2,0.758,0.933,0,1
TXN-002819,122857.88,CARD,226,496,8,2,0.045,0.916,0,1
TXN-002820,123242.76,NETBANKING,393,59,16,5,0.09,0.947,0,1
TXN-002821,88205.02,NETBANKING,215,560,5,1,0.895,0.818,0,1
TXN-002822,10773.84,CARD,1521,763,28,0,0.132,0.233,0,0
TXN-002823,11397.62,UPI,1022,708,29,0,0.349,0.743,0,0
TXN-002824,146118.56,WALLET,451,683,23,3,0.858,0.314,0,0
TXN-002825,58910.55,CARD,712,1055,21,5,0.131,0.278,0,0
TXN-002826,64644.43,WALLET,550,153,22,5,0.873,0.657,0,1
TXN-002827,1487.79,UPI,1877,893,3,2,0.042,0.154,0,0
TXN-002828,53839.05,WALLET,2440,913,15,0,0.306,0.686,0,0
TXN-002829,75827.44,UPI,448,91,3,2,0.765,0.418,0,0
TXN-002830,90024.37,WALLET,2104,1075,17,4,0.098,0.594,0,0
TXN-002831,134385.1,UPI,1581,498,18,4,0.114,0.967,0,1
TXN-002832,122613.3,NETBANKING,1723,1221,2,2,0.628,0.661,0,0
TXN-002833,113835.94,CARD,1558,981,6,4,0.034,0.479,0,1
TXN-002834,366.46,UPI,1190,917,5,5,0.193,0.211,0,1
TXN-002835,77413.18,UPI,2186,455,2,3,0.604,0.952,1,1
TXN-002836,38369.96,NETBANKING,2489,1124,7,3,0.461,0.079,0,0
TXN-002837,5394.26,WALLET,1553,1079,17,5,0.418,0.373,1,0
TXN-002838,133992.99,UPI,1741,624,12,3,0.045,0.669,0,1
TXN-002839,45620.16,UPI,2064,100,30,5,0.656,0.21,0,0
TXN-002840,20291.94,NETBANKING,1756,679,25,1,0.24,0.47,0,0
TXN-002841,2862.44,CARD,408,776,16,5,0.557,0.108,0,1
TXN-002842,42547.38,WALLET,630,26,28,0,0.144,0.665,0,0
TXN-002843,43581.85,NETBANKING,98,1348,2,2,0.296,0.993,1,0
TXN-002844,87963.76,CARD,2327,1016,13,5,0.458,0.52,0,1
TXN-002845,14699.77,CARD,55,415,26,2,0.249,0.22,0,1
TXN-002846,12012.24,CARD,1282,323,20,2,0.618,0.226,0,0
TXN-002847,107109.04,UPI,1793,1164,19,5,0.413,0.99,0,1
TXN-002848,92917.67,CARD,1472,205,17,4,0.798,0.157,0,1
TXN-002849,49163.23,WALLET,229,9,6,1,0.25,0.13,0,0
TXN-002850,111559.35,WALLET,419,378,12,0,0.659,0.519,0,1
TXN-002851,77535.75,CARD,2077,25,11,0,0.413,0.431,1,0
TXN-002852,32704.73,CARD,1999,1080,18,2,0.771,0.486,1,1
TXN-002853,57304.45,CARD,1706,170,11,1,0.474,0.611,1,1
TXN-002854,23378.39,CARD,656,532,23,4,0.149,0.537,0,0
TXN-002855,36723.02,WALLET,962,947,3,2,0.367,0.226,0,0
TXN-002856,4831.77,CARD,1558,1391,13,5,0.587,0.122,0,0
TXN-002857,37355.6,WALLET,27,785,3,0,0.264,0.931,0,0
TXN-002858,122205.95,CARD,1292,775,22,5,0.599,0.888,0,1
TXN-002859,100395.2,CARD,1186,130,2,1,0.262,0.281,0,0
TXN-002860,16718.56,UPI,1279,20,11,0,0.697,0.231,0,0
TXN-002861,88128.23,UPI,1269,639,15,0,0.502,0.414,1,0
TXN-002862,121020.16,WALLET,1857,205,10,5,0.818,0.459,0,1
TXN-002863,15774.51,NETBANKING,1597,557,11,3,0.125,0.765,0,0
TXN-002864,70912.24,NETBANKING,224,932,24,2,0.027,0.215,0,1
TXN-002865,94145.4,WALLET,16,1238,8,1,0.608,0.708,0,1
TXN-002866,122391.47,WALLET,1231,146,1,3,0.017,0.168,0,1
TXN-002867,9898.61,UPI,1425,1002,30,3,0.241,0.685,0,1
TXN-002868,80118.93,WALLET,1362,605,14,0,0.166,0.226,0,0
TXN-002869,3295.62,NETBANKING,1806,596,17,3,0.464,0.3,1,0
TXN-002870,95458.84,NETBANKING,2084,517,17,0,0.467,0.898,0,0
TXN-002871,3900.44,UPI,1868,960,1,0,0.445,0.95,0,0
TXN-002872,136127.23,CARD,828,76,15,4,0.103,0.932,0,1
TXN-002873,105552.29,WALLET,214,75,9,4,0.024,0.922,0,1
TXN-002874,141727.5,NETBANKING,1369,1213,14,3,0.279,0.232,1,0
TXN-002875,109588.65,NETBANKING,1533,332,8,4,0.986,0.48,0,0
TXN-002876,54092.95,UPI,227,638,20,5,0.797,0.584,0,0
TXN-002877,32244.91,WALLET,458,1257,16,5,0.831,0.235,0,0
TXN-002878,130371.08,WALLET,634,560,17,3,0.718,0.152,0,0
TXN-002879,56479.76,NETBANKING,998,1274,5,3,0.659,0.388,0,1
TXN-002880,11828.31,CARD,1121,1181,7,0,0.895,0.482,1,0
TXN-002881,5103.38,UPI,1497,746,18,5,0.101,0.873,0,0
TXN-002882,17854.51,UPI,1592,280,11,0,0.393,0.811,1,0
TXN-002883,55712.07,NETBANKING,1611,620,13,1,0.82,0.535,1,1
TXN-002884,140806.86,NETBANKING,1478,996,1,1,0.599,0.237,0,0
TXN-002885,147330.1,WALLET,1629,1195,5,2,0.322,0.604,0,1
TXN-002886,138595.09,WALLET,220,15,2,5,0.08,0.958,0,1
TXN-002887,49072.77,UPI,1701,145,28,4,0.46,0.562,0,1
TXN-002888,13249.23,CARD,5,97,22,5,0.556,0.14,0,0
TXN-002889,56382.65,UPI,2297,830,16,1,0.197,0.932,0,1
TXN-002890,39433.67,UPI,2023,1385,29,3,0.949,0.245,0,0
TXN-002891,108723.44,UPI,2482,284,5,0,0.772,0.53,0,1
TXN-002892,32077.1,UPI,2156,1490,13,2,0.122,0.384,0,1
TXN-002893,62077.65,UPI,1788,1245,8,3,0.507,0.317,1,1
TXN-002894,69419.97,NETBANKING,62,500,5,1,0.782,0.666,1,0
TXN-002895,146628.88,CARD,2186,306,29,5,0.805,0.805,0,1
TXN-002896,90415.19,WALLET,2389,533,20,4,0.568,0.846,0,1
TXN-002897,136058.92,WALLET,1054,529,10,5,0.52,0.76,0,0
TXN-002898,109473.94,WALLET,2078,232,28,0,0.074,0.783,0,1
TXN-002899,38699.84,UPI,1313,1151,16,3,0.085,0.334,0,0
TXN-002900,136485.96,CARD,1973,1087,16,4,0.052,0.922,1,1
TXN-002901,2470.13,NETBANKING,1599,483,15,1,0.116,0.179,0,0
TXN-002902,32532.98,CARD,1328,1042,10,0,0.535,0.007,1,0
TXN-002903,92922.35,WALLET,1919,466,24,3,0.97,0.797,0,0
TXN-002904,127921.97,NETBANKING,1419,139,19,5,0.816,0.255,0,1
TXN-002905,11116.22,WALLET,888,802,30,3,0.012,0.71,0,0
TXN-002906,59002.44,WALLET,1766,214,4,1,0.365,0.556,0,0
TXN-002907,119492.75,UPI,1481,815,8,0,0.743,0.508,0,0
TXN-002908,149134.52,CARD,2095,956,8,1,0.799,0.039,0,1
TXN-002909,95537.84,CARD,1749,724,25,2,0.545,0.149,0,1
TXN-002910,9701.61,WALLET,93,1128,10,1,0.545,0.253,0,0
TXN-002911,24108.85,WALLET,858,1289,13,2,0.066,0.625,0,0
TXN-002912,102696.24,UPI,76,745,29,0,0.032,0.115,0,0
TXN-002913,19410.32,CARD,852,1414,2,0,0.21,0.011,0,0
TXN-002914,48403.6,CARD,2167,473,1,5,0.904,0.67,0,1
TXN-002915,68588.81,CARD,2353,235,14,4,0.142,0.957,0,0
TXN-002916,106448.69,CARD,508,865,27,3,0.612,0.836,0,1
TXN-002917,31030.56,UPI,1042,766,9,2,0.064,0.019,0,0
TXN-002918,87084.7,UPI,126,1405,18,2,0.29,0.734,1,1
TXN-002919,109357.34,UPI,2007,834,10,1,0.58,0.413,0,0
TXN-002920,44428.15,UPI,1470,13,11,0,0.654,0.964,0,1
TXN-002921,107853.76,CARD,501,676,27,1,0.708,0.372,0,1
TXN-002922,118998.18,UPI,1329,1031,27,4,0.193,0.456,0,1
TXN-002923,138192.96,UPI,1254,1018,13,1,0.938,0.746,0,1
TXN-002924,16065.39,UPI,1351,326,27,2,0.319,0.686,0,0
TXN-002925,81540.35,CARD,1647,83,8,0,0.983,0.276,1,0
TXN-002926,3078.82,NETBANKING,2186,1040,1,5,0.759,0.471,1,1
TXN-002927,133338.15,NETBANKING,538,365,20,1,0.368,0.703,0,0
TXN-002928,27238.9,NETBANKING,1445,1155,14,3,0.321,0.496,1,1
TXN-002929,28336.2,WALLET,2427,1123,8,0,0.709,0.759,0,0
TXN-002930,66378.57,NETBANKING,1332,1399,4,0,0.997,0.001,1,0
TXN-002931,85608.98,UPI,447,714,22,1,0.182,0.777,0,0
TXN-002932,89307.39,WALLET,249,16,30,4,0.196,0.459,0,0
TXN-002933,95379.41,CARD,29,1407,30,3,0.281,0.903,0,0
TXN-002934,85879.52,WALLET,2365,1218,5,3,0.105,0.906,0,0
TXN-002935,136863.56,CARD,866,1067,22,3,0.748,0.882,0,1
TXN-002936,110108.67,WALLET,2100,1336,4,4,0.773,0.258,0,1
TXN-002937,36482.64,UPI,17,964,8,3,0.587,0.615,1,0
TXN-002938,46963.68,NETBANKING,1269,568,4,0,0.452,0.582,0,0
TXN-002939,96073.4,NETBANKING,1167,1340,8,2,0.769,0.83,1,1
TXN-002940,4745.79,NETBANKING,1022,699,19,5,0.92,0.209,1,0
TXN-002941,95560.88,UPI,1893,1242,23,4,0.966,0.364,0,1
TXN-002942,33522.95,WALLET,1352,854,22,4,0.072,0.477,0,0
TXN-002943,101610.86,WALLET,863,117,15,5,0.67,0.806,0,0
TXN-002944,14178.52,CARD,1296,1347,1,5,0.626,0.492,1,0
TXN-002945,23592.66,CARD,809,1466,23,4,0.322,0.014,0,0
TXN-002946,90641.81,CARD,2271,683,22,0,0.728,0.224,0,1
TXN-002947,23877.44,CARD,1285,1423,22,5,0.331,0.119,1,1
TXN-002948,89175.91,UPI,772,287,5,1,0.268,0.487,0,0
TXN-002949,49527.91,UPI,2397,498,23,2,0.314,0.345,0,0
TXN-002950,22404.6,UPI,1684,233,16,2,0.074,0.418,0,0
TXN-002951,118965.74,NETBANKING,1926,803,4,1,0.108,0.564,1,0
TXN-002952,22206.49,UPI,1715,666,1,3,0.735,0.103,0,0
TXN-002953,135962.13,CARD,109,747,13,2,0.283,0.557,0,0
TXN-002954,140527.81,NETBANKING,1515,664,26,2,0.581,0.051,0,0
TXN-002955,64362.72,WALLET,2042,998,25,4,0.606,0.672,0,0
TXN-002956,73274.98,CARD,2362,1482,20,0,0.263,0.823,0,0
TXN-002957,104172.71,CARD,1640,1159,13,5,0.661,0.82,0,0
TXN-002958,84464.6,CARD,753,307,2,4,0.444,0.949,0,1
TXN-002959,116011.51,UPI,1769,1318,30,3,0.024,0.721,0,1
TXN-002960,8466.96,CARD,1036,634,20,0,0.457,0.599,0,0
TXN-002961,109244.56,CARD,974,1406,27,1,0.588,0.635,0,0
TXN-002962,56750.88,CARD,461,6,28,2,0.224,0.48,0,0
TXN-002963,6414.35,UPI,2291,258,29,1,0.511,0.652,0,0
TXN-002964,116932.63,NETBANKING,1172,1271,18,2,0.491,0.541,0,0
TXN-002965,140036.5,UPI,1640,397,5,1,0.693,0.519,0,0
TXN-002966,25194.91,UPI,1193,530,14,5,0.419,0.503,0,0
TXN-002967,40685.68,WALLET,54,1163,14,5,0.822,0.647,0,1
TXN-002968,94181.31,NETBANKING,725,741,15,1,0.453,0.466,0,0
TXN-002969,135930.42,NETBANKING,58,905,1,5,0.699,0.273,0,1
TXN-002970,116337.88,UPI,1778,177,5,4,0.514,0.607,0,1
TXN-002971,78415.66,CARD,2100,301,29,3,0.687,0.071,0,1
TXN-002972,4124.18,NETBANKING,803,1010,3,5,0.516,0.424,0,0
TXN-002973,59732.35,UPI,825,153,23,5,0.401,0.306,0,0
TXN-002974,21737.35,CARD,505,357,25,2,0.134,0.685,0,0
TXN-002975,40581.54,WALLET,74,174,19,4,0.086,0.617,0,0
TXN-002976,514.19,UPI,1931,3,23,4,0.779,0.685,0,1
TXN-002977,6007.5,WALLET,424,1484,2,3,0.827,0.058,0,0
TXN-002978,82240.98,NETBANKING,1814,1223,13,3,0.699,0.648,0,1
TXN-002979,8150.91,UPI,376,72,30,4,0.925,0.051,0,0
TXN-002980,74504.69,NETBANKING,116,1488,6,0,0.372,0.149,0,1
TXN-002981,114413.92,CARD,720,68,3,0,0.99,0.172,0,0
TXN-002982,118604.32,WALLET,1102,1328,15,5,0.693,0.664,0,0
TXN-002983,63396.92,WALLET,1267,522,27,1,0.347,0.384,1,0
TXN-002984,24947.95,NETBANKING,342,829,10,0,0.349,0.719,0,0
TXN-002985,119022.44,NETBANKING,381,385,8,3,0.937,0.983,0,1
TXN-002986,119453.58,WALLET,2349,1407,20,3,0.379,0.115,0,0
TXN-002987,48102.57,WALLET,363,938,10,4,0.657,0.8,1,0
TXN-002988,58708.72,UPI,1127,559,19,4,0.035,0.058,0,1
TXN-002989,110197.26,NETBANKING,1820,524,9,2,0.027,0.617,1,1
TXN-002990,38839.71,CARD,1300,298,15,5,0.591,0.097,0,0
TXN-002991,8607.39,NETBANKING,291,1095,9,3,0.677,0.897,1,0
TXN-002992,122794.11,UPI,995,732,27,4,0.412,0.5,0,0
TXN-002993,68148.57,CARD,1127,1420,30,4,0.008,0.759,0,0
TXN-002994,62846.81,CARD,1418,1262,16,5,0.932,0.009,0,1
TXN-002995,24678.41,WALLET,2245,209,23,4,0.141,0.064,0,0
TXN-002996,38382.18,NETBANKING,1831,625,13,0,0.295,0.584,0,0
TXN-002997,82191.73,NETBANKING,1944,370,3,2,0.43,0.458,0,0
TXN-002998,121319.96,NETBANKING,591,1273,27,1,0.424,0.864,0,1
TXN-002999,81309.55,WALLET,1928,678,10,2,0.329,0.258,0,0
TXN-003000,35416.46,UPI,474,1251,30,1,0.722,0.581,0,0
TXN-003001,137549.19,NETBANKING,2467,891,6,5,0.454,0.663,0,1
TXN-003002,134382.31,UPI,455,314,27,2,0.841,0.528,0,1
TXN-003003,63347.66,NETBANKING,1668,244,30,0,0.981,0.41,0,0
TXN-003004,105214.46,CARD,255,954,1,5,0.419,0.613,1,0
TXN-003005,145173.28,UPI,1552,72,5,5,0.131,0.636,0,1
TXN-003006,32055.66,WALLET,722,1333,23,3,0.067,0.414,0,1
TXN-003007,130843.51,NETBANKING,1714,386,28,0,0.8,0.105,0,1
TXN-003008,2249.0,CARD,2284,1000,18,0,0.906,0.416,0,1
TXN-003009,129278.74,NETBANKING,2104,822,13,1,0.354,0.326,0,0
TXN-003010,4405.48,CARD,1387,286,3,1,0.915,0.523,1,1
TXN-003011,6321.39,NETBANKING,1117,799,19,5,0.606,0.761,0,0
TXN-003012,126120.73,NETBANKING,1840,74,11,1,0.044,0.079,0,0
TXN-003013,81105.07,WALLET,374,344,7,5,0.159,0.017,0,0
TXN-003014,147026.4,CARD,1813,985,18,3,0.136,0.945,0,1
TXN-003015,79424.72,WALLET,120,1480,8,1,0.006,0.994,0,0
TXN-003016,124691.16,WALLET,328,15,14,1,0.666,0.228,0,0
TXN-003017,52109.11,NETBANKING,1968,498,11,3,0.173,0.954,0,1
TXN-003018,107104.18,UPI,230,522,11,1,0.34,0.356,1,1
TXN-003019,141233.59,WALLET,904,1303,22,1,0.17,0.344,0,1
TXN-003020,24566.23,NETBANKING,172,1489,5,2,0.342,0.29,0,0
TXN-003021,119384.99,WALLET,159,601,4,0,0.416,0.971,1,1
TXN-003022,87608.82,NETBANKING,1638,1321,15,1,0.528,0.841,0,0
TXN-003023,44623.29,NETBANKING,2110,1375,30,2,0.746,0.431,0,1
TXN-003024,26829.54,UPI,668,581,18,4,0.33,0.535,0,1
TXN-003025,127367.35,CARD,980,1388,20,2,0.94,0.583,1,0
TXN-003026,63319.7,UPI,2000,845,1,5,0.555,0.323,0,1
TXN-003027,107789.78,CARD,1004,1180,17,0,0.694,0.241,1,1
TXN-003028,113905.1,CARD,2230,459,8,2,0.424,0.625,0,1
TXN-003029,101081.42,UPI,1500,448,7,3,0.28,0.808,0,1
TXN-003030,19482.13,WALLET,2012,340,17,3,0.071,0.319,0,0
TXN-003031,99041.53,NETBANKING,1896,1428,30,4,0.668,0.296,0,0
TXN-003032,91779.65,NETBANKING,1507,53,29,2,0.324,0.649,0,0
TXN-003033,94768.03,WALLET,470,616,17,2,0.875,0.957,0,1
TXN-003034,93677.42,CARD,1282,269,24,5,0.897,0.143,0,0
TXN-003035,116068.65,CARD,305,808,21,2,0.096,0.067,0,1
TXN-003036,136160.87,WALLET,1210,1456,10,2,0.149,0.804,0,1
TXN-003037,57919.02,NETBANKING,1898,415,1,4,0.731,0.547,0,1
TXN-003038,109344.39,CARD,706,1482,30,0,0.786,0.738,0,1
TXN-003039,105364.38,CARD,1788,479,10,5,0.835,0.786,1,1
TXN-003040,119602.82,UPI,2260,80,12,5,0.83,0.165,0,0
TXN-003041,9263.48,UPI,1157,980,20,2,0.089,0.8,0,1
TXN-003042,61054.78,UPI,2268,1218,3,0,0.204,0.303,0,0
TXN-003043,106536.85,WALLET,282,414,7,4,0.767,0.623,0,1
TXN-003044,62460.01,CARD,2022,490,10,1,0.116,0.116,0,0
TXN-003045,132439.39,CARD,2059,172,8,0,0.092,0.592,0,1
TXN-003046,78893.81,UPI,2278,1117,21,4,0.711,0.578,0,0
TXN-003047,23751.71,UPI,2345,221,22,4,0.869,0.036,0,0
TXN-003048,28909.77,WALLET,2301,1490,27,5,0.207,0.442,0,0
TXN-003049,132162.13,WALLET,2004,111,10,5,0.88,0.991,0,1
TXN-003050,98313.68,UPI,472,1037,26,3,0.291,0.321,0,1
TXN-003051,30971.04,CARD,94,510,9,2,0.592,0.43,0,0
TXN-003052,77933.87,WALLET,1413,119,27,5,0.496,0.347,0,0
TXN-003053,97987.52,CARD,927,155,27,3,0.756,0.209,0,0
TXN-003054,99354.34,UPI,381,1336,28,5,0.744,0.769,0,0
TXN-003055,145659.56,CARD,2349,1254,13,1,0.06,0.399,0,1
TXN-003056,89111.82,NETBANKING,1650,1224,28,3,0.397,0.605,0,1
TXN-003057,69235.76,UPI,2020,222,24,5,0.318,0.819,0,0
TXN-003058,9948.63,UPI,2292,862,7,1,0.183,0.298,0,0
TXN-003059,80224.06,WALLET,1201,585,29,5,0.542,0.526,0,1
TXN-003060,50324.56,UPI,2367,1010,6,1,0.525,0.889,1,0
TXN-003061,82606.4,NETBANKING,1124,730,11,0,0.212,0.769,1,0
TXN-003062,144581.9,NETBANKING,2128,339,25,1,0.428,0.543,0,1
TXN-003063,131717.36,CARD,596,493,18,0,0.033,0.695,0,1
TXN-003064,77880.39,WALLET,1725,561,17,3,0.738,0.944,0,1
TXN-003065,73714.96,UPI,534,80,13,1,0.106,0.333,0,0
TXN-003066,5693.73,NETBANKING,1468,1052,10,0,0.513,0.111,0,0
TXN-003067,55543.73,CARD,2229,231,23,2,0.711,0.703,0,1
TXN-003068,57243.25,UPI,1258,792,30,0,0.86,0.877,0,1
TXN-003069,25041.25,UPI,1364,700,11,5,0.631,0.379,0,0
TXN-003070,59795.66,CARD,1556,1038,25,2,0.925,0.943,0,1
TXN-003071,148296.93,UPI,813,595,29,5,0.273,0.686,0,0
TXN-003072,53190.43,WALLET,1737,59,1,1,0.992,0.851,0,0
TXN-003073,20736.26,WALLET,614,452,17,3,0.8,0.472,0,0
TXN-003074,97779.79,WALLET,851,800,26,4,0.232,0.368,0,0
TXN-003075,94684.04,UPI,2399,397,9,0,0.781,0.605,0,0
TXN-003076,136041.89,UPI,2227,233,3,1,0.412,0.693,0,1
TXN-003077,122455.35,NETBANKING,2302,558,7,5,0.961,0.813,0,1
TXN-003078,25990.81,WALLET,2337,678,23,5,0.576,0.876,0,0
TXN-003079,89128.28,NETBANKING,1045,584,20,5,0.387,0.576,0,0
TXN-003080,147147.64,WALLET,1449,892,5,3,0.343,0.5,0,1
TXN-003081,139539.74,UPI,1831,420,9,2,0.461,0.662,0,0
TXN-003082,35211.81,UPI,1677,1458,7,4,0.228,0.162,0,0
TXN-003083,103059.05,UPI,218,186,15,0,0.465,0.966,0,0
TXN-003084,93482.08,NETBANKING,1837,830,3,5,0.738,0.041,0,0
TXN-003085,13570.34,NETBANKING,712,1282,23,5,0.848,0.8,0,0
TXN-003086,118097.6,CARD,874,990,6,5,0.535,0.472,0,0
TXN-003087,86109.37,UPI,853,99,30,1,0.415,0.326,0,0
TXN-003088,70905.73,UPI,1400,1061,18,1,0.884,0.729,0,0
TXN-003089,101302.85,NETBANKING,299,1478,30,0,0.488,0.577,0,1
TXN-003090,45174.45,WALLET,1056,522,13,5,0.65,0.968,1,1
TXN-003091,86526.7,NETBANKING,1243,354,24,2,0.873,0.489,1,0
TXN-003092,27790.23,WALLET,1978,599,18,5,0.839,0.728,0,1
TXN-003093,84091.59,UPI,603,698,8,1,0.334,0.095,0,0
TXN-003094,24597.33,CARD,1664,990,19,4,0.06,0.409,0,0
TXN-003095,22345.54,WALLET,1477,1473,27,1,0.549,0.215,1,0
TXN-003096,61539.09,WALLET,2170,274,4,5,0.001,0.014,0,0
TXN-003097,112414.56,UPI,1831,96,26,1,0.487,0.777,1,0
TXN-003098,105786.81,WALLET,2376,461,6,0,0.499,0.841,0,1
TXN-003099,40770.85,CARD,1783,1008,24,2,0.541,0.865,0,1
TXN-003100,127878.08,NETBANKING,1102,697,13,2,0.442,0.427,0,0
TXN-003101,13562.86,CARD,2057,211,15,4,0.271,0.477,0,0
TXN-003102,120989.15,CARD,1259,684,25,1,0.755,0.061,0,1
TXN-003103,148755.14,CARD,239,444,5,5,0.389,0.952,0,1
TXN-003104,138968.13,WALLET,913,495,1,4,0.911,0.759,0,0
TXN-003105,5979.44,WALLET,931,687,3,3,0.515,0.147,0,0
TXN-003106,111720.28,NETBANKING,501,257,11,5,0.558,0.482,1,1
TXN-003107,119803.16,CARD,1637,1482,30,3,0.6,0.209,0,1
TXN-003108,32643.2,NETBANKING,531,307,18,2,0.697,0.159,1,0
TXN-003109,134291.91,CARD,2037,1381,6,1,0.337,0.58,0,1
TXN-003110,34491.23,WALLET,218,15,18,5,0.584,0.143,0,0
TXN-003111,5201.0,WALLET,46,548,7,1,0.233,0.762,0,0
TXN-003112,55133.44,UPI,524,738,21,3,0.891,0.626,0,1
TXN-003113,66039.24,NETBANKING,466,978,14,4,0.659,0.54,0,0
TXN-003114,105932.48,NETBANKING,1239,1491,27,5,0.144,0.368,1,1
TXN-003115,100340.71,WALLET,1186,62,11,1,0.713,0.629,0,0
TXN-003116,148622.58,WALLET,2140,1085,12,4,0.204,0.726,0,0
TXN-003117,85867.7,CARD,2471,936,20,4,0.469,0.916,1,1
TXN-003118,12137.37,NETBANKING,94,488,6,0,0.594,0.374,1,0
TXN-003119,119700.39,UPI,123,262,11,0,0.396,0.434,1,0
TXN-003120,115135.23,WALLET,1875,458,10,3,0.418,0.094,0,1
TXN-003121,83971.13,NETBANKING,365,1497,1,1,0.528,0.185,0,0
TXN-003122,22990.32,NETBANKING,1444,1160,25,3,0.242,0.677,0,0
TXN-003123,147869.58,CARD,2444,1237,9,4,0.337,0.596,0,0
TXN-003124,52245.16,NETBANKING,1699,742,14,5,0.653,0.198,0,0
TXN-003125,32658.34,UPI,613,187,1,5,0.146,0.807,0,0
TXN-003126,56468.86,CARD,1438,800,22,3,0.205,0.704,0,0
TXN-003127,30755.31,WALLET,1098,1156,7,4,0.98,0.426,0,0
TXN-003128,87081.02,UPI,2471,22,10,4,0.519,0.396,0,1
TXN-003129,128842.77,CARD,1694,634,10,3,0.774,0.558,1,1
TXN-003130,77163.3,NETBANKING,1145,188,16,3,0.795,0.787,1,1
TXN-003131,74397.76,WALLET,1199,1449,22,5,0.366,0.95,0,1
TXN-003132,112708.95,CARD,1114,858,14,4,0.835,0.255,0,0
TXN-003133,145282.69,WALLET,2250,117,24,5,0.326,0.501,1,1
TXN-003134,58409.76,NETBANKING,360,1133,7,3,0.542,0.894,0,1
TXN-003135,79346.91,CARD,1823,561,8,2,0.355,0.606,0,0
TXN-003136,75554.25,WALLET,647,663,2,1,0.24,0.512,1,1
TXN-003137,120352.04,CARD,1087,456,10,1,0.358,0.528,1,1
TXN-003138,16903.49,UPI,1457,797,2,1,0.504,0.063,1,0
TXN-003139,130180.43,WALLET,1191,782,14,0,0.905,0.587,0,0
TXN-003140,39007.6,NETBANKING,1883,882,24,4,0.123,0.742,0,1
TXN-003141,26695.16,NETBANKING,182,487,24,4,0.816,0.405,0,0
TXN-003142,61375.42,UPI,2307,1309,2,0,0.788,0.303,0,1
TXN-003143,55983.75,WALLET,1643,3,4,1,0.516,0.316,0,1
TXN-003144,50876.52,WALLET,791,1063,1,0,0.992,0.884,0,0
TXN-003145,121615.95,WALLET,388,1110,3,2,0.559,0.385,0,0
TXN-003146,115631.73,UPI,777,822,21,5,0.374,0.877,0,1
TXN-003147,100809.26,CARD,2361,844,18,3,0.081,0.433,0,1
TXN-003148,80486.56,NETBANKING,2500,303,20,1,0.707,0.751,1,1
TXN-003149,137769.52,UPI,2459,866,3,1,0.963,0.22,0,0
TXN-003150,41989.34,NETBANKING,669,277,2,4,0.872,0.86,0,0
TXN-003151,141556.03,CARD,1958,1385,3,3,0.496,0.522,0,1
TXN-003152,67399.98,UPI,1592,819,4,0,0.691,0.896,0,0
TXN-003153,111124.4,UPI,941,122,13,4,0.997,0.371,0,1
TXN-003154,101098.76,CARD,452,242,18,3,0.048,0.643,1,0
TXN-003155,100117.09,CARD,943,1392,20,4,0.926,0.196,0,1
TXN-003156,131235.01,WALLET,2379,1476,30,1,0.06,0.788,0,0
TXN-003157,122417.52,NETBANKING,2458,882,18,5,0.688,0.701,0,0
TXN-003158,105613.52,UPI,2338,829,28,4,0.048,0.288,0,1
TXN-003159,9858.82,UPI,890,865,1,4,0.122,0.786,0,1
TXN-003160,112097.97,WALLET,175,1109,23,0,0.692,0.5,0,1
TXN-003161,116185.63,CARD,1119,871,19,2,0.264,0.566,0,0
TXN-003162,1832.08,NETBANKING,2055,72,14,1,0.692,0.457,0,0
TXN-003163,83669.53,NETBANKING,2341,1340,2,3,0.258,0.608,0,0
TXN-003164,99806.82,UPI,1190,1271,12,3,0.93,0.997,0,1
TXN-003165,127211.0,NETBANKING,1861,832,25,3,0.605,0.878,0,1
TXN-003166,58672.84,NETBANKING,2030,285,17,5,0.401,0.469,0,0
TXN-003167,48093.3,UPI,552,1406,13,1,0.609,0.446,0,0
TXN-003168,58595.43,CARD,2213,818,14,0,0.768,0.308,1,1
TXN-003169,141190.24,WALLET,1979,1333,2,0,0.396,0.378,0,0
TXN-003170,44373.32,CARD,258,746,27,3,0.952,0.206,0,1
TXN-003171,26978.78,CARD,1394,311,11,5,0.39,0.034,1,0
TXN-003172,78419.83,NETBANKING,2459,800,29,0,0.453,0.108,0,0
TXN-003173,1337.38,NETBANKING,933,677,7,0,0.188,0.119,0,0
TXN-003174,2597.07,CARD,1181,1360,5,1,0.149,0.726,0,0
TXN-003175,132490.41,NETBANKING,1058,464,24,0,0.793,0.277,0,0
TXN-003176,121136.09,WALLET,2098,456,9,5,0.907,0.858,0,1
TXN-003177,81644.33,NETBANKING,185,305,4,0,0.427,0.531,0,0
TXN-003178,93444.05,UPI,2058,224,21,0,0.96,0.804,1,1
TXN-003179,46678.77,WALLET,1409,949,17,4,0.755,0.435,0,1
TXN-003180,71073.36,NETBANKING,1421,262,14,1,0.767,0.301,1,1
TXN-003181,113603.59,WALLET,611,645,10,2,0.748,0.128,0,1
TXN-003182,10234.5,WALLET,2157,1392,18,1,0.554,0.331,0,0
TXN-003183,34637.15,CARD,2093,967,6,0,0.987,0.441,0,0
TXN-003184,56891.65,UPI,2181,264,18,4,0.97,0.299,1,1
TXN-003185,99802.46,UPI,1936,642,7,0,0.684,0.822,0,0
TXN-003186,15498.17,CARD,1623,263,4,5,0.655,0.481,0,0
TXN-003187,143208.8,CARD,16,1302,27,0,0.015,0.388,0,1
TXN-003188,88673.07,WALLET,1253,722,23,3,0.312,0.932,0,0
TXN-003189,91888.31,WALLET,397,251,22,2,0.227,0.819,0,1
TXN-003190,64877.19,WALLET,117,189,1,0,0.746,0.792,0,1
TXN-003191,90003.34,WALLET,1493,1458,18,5,0.356,0.552,0,0
TXN-003192,78571.59,UPI,1951,1049,13,0,0.948,0.996,0,1
TXN-003193,88655.44,WALLET,2487,523,7,3,0.437,0.918,1,1
TXN-003194,43341.06,UPI,863,440,4,1,0.167,0.229,1,0
TXN-003195,6239.49,WALLET,57,594,15,1,0.686,0.981,1,0
TXN-003196,83380.78,NETBANKING,1884,966,24,3,0.256,0.459,0,1
TXN-003197,128958.28,NETBANKING,1648,26,1,5,0.967,0.378,0,0
TXN-003198,82488.68,CARD,493,371,26,5,0.645,0.127,1,0
TXN-003199,75566.45,CARD,1970,1138,26,2,0.763,0.134,0,1
TXN-003200,29714.45,UPI,1227,1479,25,2,0.644,0.998,0,0
TXN-003201,5598.93,WALLET,1643,1352,13,0,0.887,0.543,0,0
TXN-003202,37930.94,NETBANKING,843,697,17,5,0.277,0.878,1,1
TXN-003203,78176.13,NETBANKING,1774,720,4,1,0.967,0.181,0,0
TXN-003204,70205.61,UPI,1941,1450,1,2,0.559,0.726,0,1
TXN-003205,142458.61,UPI,341,1412,14,5,0.338,0.35,0,0
TXN-003206,38775.55,UPI,1011,1024,19,1,0.921,0.209,0,0
TXN-003207,59142.17,WALLET,727,1002,13,3,0.428,0.492,0,0
TXN-003208,54195.92,WALLET,295,428,27,2,0.089,0.257,1,0
TXN-003209,33086.82,UPI,2244,1337,18,2,0.179,0.787,0,1
TXN-003210,91079.12,WALLET,1664,236,12,0,0.033,0.075,0,0
TXN-003211,78900.9,UPI,1261,580,6,5,0.199,0.972,0,0
TXN-003212,39306.12,UPI,357,6,28,5,0.525,0.394,0,0
TXN-003213,105634.96,UPI,1278,1288,26,5,0.603,0.956,0,1
TXN-003214,99255.93,UPI,1563,931,20,4,0.381,0.666,0,1
TXN-003215,5581.71,WALLET,485,93,26,1,0.762,0.458,0,1
TXN-003216,26100.31,NETBANKING,2085,793,19,4,0.439,0.158,0,0
TXN-003217,70398.97,NETBANKING,1483,1397,15,4,0.195,0.768,0,1
TXN-003218,17433.16,NETBANKING,1263,1389,20,0,0.834,0.467,0,0
TXN-003219,27514.8,WALLET,19,1201,14,4,0.34,0.508,1,0
TXN-003220,5336.52,NETBANKING,2478,972,7,2,0.501,0.986,0,0
TXN-003221,142339.01,CARD,1683,561,9,3,0.051,0.383,0,1
TXN-003222,73969.92,WALLET,1437,1218,13,2,0.735,0.518,0,0
TXN-003223,122907.79,NETBANKING,1813,161,12,2,0.842,0.809,0,0
TXN-003224,136077.95,NETBANKING,148,1469,21,1,0.253,0.775,0,1
TXN-003225,90117.32,UPI,2291,1485,9,5,0.832,0.524,0,0
TXN-003226,96288.25,NETBANKING,1364,56,8,3,0.805,0.349,1,0
TXN-003227,72357.71,UPI,1535,471,18,1,0.199,0.534,0,1
TXN-003228,91113.67,CARD,1668,1231,13,2,0.976,0.525,0,1
TXN-003229,68843.85,UPI,1126,179,12,0,0.722,0.386,0,0
TXN-003230,47202.49,UPI,579,835,12,4,0.23,0.533,1,1
TXN-003231,133638.81,WALLET,1914,576,21,3,0.266,0.983,0,1
TXN-003232,37221.24,CARD,1990,403,27,4,0.619,0.264,0,0
TXN-003233,106335.96,NETBANKING,286,110,29,0,0.021,0.628,0,0
TXN-003234,80044.66,NETBANKING,471,803,10,4,0.262,0.881,0,1
TXN-003235,29527.21,CARD,89,875,3,2,0.252,0.889,0,1
TXN-003236,141977.41,CARD,1399,47,26,2,0.669,0.769,0,1
TXN-003237,114102.9,UPI,1653,1082,16,2,0.433,0.47,0,0
TXN-003238,137153.95,UPI,656,1229,6,1,0.883,0.399,0,0
TXN-003239,19193.66,WALLET,1892,520,12,4,0.645,0.521,0,0
TXN-003240,144908.19,CARD,2041,843,30,4,0.446,0.334,1,1
TXN-003241,10014.11,UPI,1657,1314,12,0,0.886,0.819,0,0
TXN-003242,144846.13,CARD,2204,1395,21,2,0.441,0.731,1,0
TXN-003243,34276.9,NETBANKING,1895,437,14,2,0.66,0.69,0,0
TXN-003244,93066.64,WALLET,757,1053,2,4,0.01,0.118,0,0
TXN-003245,117902.67,NETBANKING,1007,170,14,3,0.744,0.326,1,0
TXN-003246,149077.7,UPI,2257,1151,22,4,0.901,0.997,1,1
TXN-003247,149377.64,UPI,1889,1283,29,2,0.436,0.845,0,1
TXN-003248,93786.68,UPI,509,741,6,1,0.833,0.649,0,0
TXN-003249,32919.83,CARD,1008,734,28,3,0.353,0.969,0,1
TXN-003250,96435.79,UPI,1447,564,26,0,0.804,0.683,0,1
TXN-003251,21980.83,NETBANKING,881,192,18,2,0.004,0.292,0,0
TXN-003252,79801.84,UPI,1575,1060,5,0,0.301,0.874,0,0
TXN-003253,8481.77,NETBANKING,1218,1087,10,5,0.448,0.915,0,0
TXN-003254,72863.48,WALLET,838,1202,26,4,0.941,0.15,0,1
TXN-003255,124497.1,NETBANKING,347,1098,6,3,0.145,0.678,1,1
TXN-003256,41245.72,CARD,2404,728,28,0,0.504,0.185,0,0
TXN-003257,102865.61,UPI,1379,694,19,0,0.244,0.937,0,0
TXN-003258,127873.55,NETBANKING,1243,537,24,4,0.453,0.103,0,0
TXN-003259,114354.83,NETBANKING,2397,236,29,5,0.845,0.737,1,1
TXN-003260,43287.22,NETBANKING,169,487,30,2,0.027,0.933,0,1
TXN-003261,52909.29,CARD,1509,682,17,4,0.078,0.062,0,1
TXN-003262,116417.03,NETBANKING,1832,926,21,3,0.934,0.272,1,1
TXN-003263,131919.66,UPI,517,445,17,3,0.148,0.288,1,1
TXN-003264,70543.58,UPI,70,1011,2,5,0.285,0.331,0,0
TXN-003265,46649.88,WALLET,1892,544,30,5,0.845,0.106,0,1
TXN-003266,84589.61,WALLET,2002,241,5,2,0.364,0.221,0,0
TXN-003267,64695.77,NETBANKING,86,770,10,0,0.782,0.911,0,1
TXN-003268,72453.05,NETBANKING,809,129,10,2,0.948,0.693,0,1
TXN-003269,135969.67,UPI,229,695,10,2,0.336,0.241,0,1
TXN-003270,144517.55,NETBANKING,1783,384,4,3,0.992,0.956,0,1
TXN-003271,145516.26,WALLET,1699,850,17,0,0.56,0.782,0,1
TXN-003272,120549.58,UPI,123,1030,14,5,0.051,0.201,0,1
TXN-003273,49511.38,WALLET,2291,658,25,1,0.093,0.718,0,0
TXN-003274,83442.6,UPI,994,141,22,5,0.42,0.524,1,0
TXN-003275,3764.12,UPI,137,755,12,4,0.197,0.078,0,0
TXN-003276,26064.41,CARD,1663,584,2,0,0.611,0.19,0,0
TXN-003277,65071.02,WALLET,2407,88,6,0,0.666,0.889,1,0
TXN-003278,141551.18,UPI,2293,1091,20,1,0.528,0.283,0,0
TXN-003279,61890.9,WALLET,1771,828,8,5,0.882,0.881,0,1
TXN-003280,44916.75,UPI,761,603,6,5,0.766,0.435,0,1
TXN-003281,122444.19,NETBANKING,1126,62,9,3,0.648,0.194,0,0
TXN-003282,65170.68,CARD,1812,1217,26,5,0.327,0.093,1,1
TXN-003283,128225.16,NETBANKING,2497,1161,6,2,0.388,0.446,0,0
TXN-003284,38660.85,CARD,2331,1263,23,2,0.249,0.81,0,1
TXN-003285,98073.81,CARD,1144,21,5,5,0.379,0.794,0,1
TXN-003286,143277.07,WALLET,1600,857,22,4,0.064,0.897,1,1
TXN-003287,86523.12,CARD,996,1362,25,5,0.63,0.881,0,1
TXN-003288,73647.74,CARD,215,464,15,1,0.23,0.707,0,0
TXN-003289,101355.94,UPI,835,1055,14,3,0.92,0.707,1,1
TXN-003290,36766.67,NETBANKING,1351,672,19,3,0.686,0.913,0,0
TXN-003291,97793.75,NETBANKING,1886,1029,13,4,0.677,0.054,0,1
TXN-003292,110240.62,WALLET,1962,1335,14,2,0.639,0.941,0,0
TXN-003293,137331.72,CARD,1913,75,12,3,0.107,0.962,0,0
TXN-003294,119965.45,CARD,174,126,10,1,0.088,0.685,0,1
TXN-003295,107332.29,NETBANKING,563,104,8,2,0.083,0.574,1,0
TXN-003296,98643.84,NETBANKING,1675,767,21,0,0.235,0.317,1,1
TXN-003297,13229.84,NETBANKING,769,381,27,1,0.71,0.501,0,0
TXN-003298,149265.98,CARD,2007,1376,19,5,0.717,0.779,0,1
TXN-003299,14458.7,WALLET,167,1036,20,0,0.737,0.491,0,1
TXN-003300,90510.52,NETBANKING,1432,941,29,5,0.779,0.918,1,1
TXN-003301,89829.84,NETBANKING,544,969,1,5,0.18,0.616,0,0
TXN-003302,120285.8,CARD,1297,1032,27,1,0.045,0.942,0,1
TXN-003303,134537.8,NETBANKING,506,453,2,3,0.077,0.595,0,1
TXN-003304,82508.97,WALLET,1178,695,26,1,0.823,0.11,0,0
TXN-003305,23334.14,NETBANKING,1007,170,20,1,0.443,0.249,0,0
TXN-003306,61743.91,WALLET,178,360,8,1,0.402,0.904,0,0
TXN-003307,62836.14,CARD,1027,930,11,2,0.338,0.421,0,0
TXN-003308,60836.86,WALLET,236,295,15,5,0.314,0.008,0,0
TXN-003309,6346.23,UPI,1308,947,3,0,0.971,0.083,1,0
TXN-003310,68100.63,CARD,739,494,12,1,0.574,0.23,0,0
TXN-003311,55649.25,NETBANKING,2387,1436,11,0,0.871,0.419,0,0
TXN-003312,87294.08,CARD,596,222,23,4,0.227,0.148,0,0
TXN-003313,61898.5,NETBANKING,1356,227,19,0,0.143,0.035,0,0
TXN-003314,45786.75,UPI,1295,202,2,4,0.221,0.284,0,0
TXN-003315,62555.48,CARD,27,647,16,5,0.772,0.7,0,1
TXN-003316,8034.99,NETBANKING,490,831,25,2,0.233,0.929,0,1
TXN-003317,69417.07,NETBANKING,1806,126,4,1,0.341,0.7,1,0
TXN-003318,102026.23,CARD,870,1286,27,4,0.745,0.093,1,1
TXN-003319,16355.26,WALLET,2479,911,12,0,0.355,0.094,0,0
TXN-003320,105246.59,UPI,1422,1477,12,4,0.084,0.378,1,1
TXN-003321,97603.96,WALLET,2412,434,29,3,0.288,0.5,1,0
TXN-003322,6569.74,NETBANKING,1213,727,27,1,0.979,0.334,0,0
TXN-003323,99625.63,WALLET,1511,14,19,2,0.392,0.869,0,1
TXN-003324,97917.69,CARD,1844,227,19,5,0.819,0.411,0,0
TXN-003325,122880.45,UPI,497,1150,14,4,0.861,0.02,0,0
TXN-003326,132934.06,CARD,1786,7,19,5,0.068,0.278,1,1
TXN-003327,10179.75,WALLET,201,101,28,1,0.995,0.5,0,0
TXN-003328,51774.39,WALLET,1905,1006,28,3,0.785,0.085,1,1
TXN-003329,57916.01,CARD,412,216,19,2,0.427,0.656,1,1
TXN-003330,4322.89,WALLET,1842,415,21,2,0.962,0.362,1,0
TXN-003331,122633.57,CARD,152,726,28,0,0.971,0.368,0,0
TXN-003332,109617.99,CARD,1441,92,2,3,0.357,0.424,0,0
TXN-003333,28451.59,UPI,2257,268,24,0,0.49,0.497,1,0
TXN-003334,42394.73,WALLET,2488,489,12,4,0.929,0.667,0,1
TXN-003335,35355.97,WALLET,2476,1186,19,3,0.752,0.177,0,0
TXN-003336,91783.94,UPI,1557,521,14,5,0.578,0.149,0,0
TXN-003337,85332.73,CARD,864,757,8,5,0.038,0.627,0,0
TXN-003338,6036.87,WALLET,2173,272,17,5,0.724,0.477,0,0
TXN-003339,49789.27,WALLET,704,110,5,4,0.676,0.776,0,0
TXN-003340,18671.12,CARD,2288,323,13,4,0.854,0.589,0,1
TXN-003341,34690.66,CARD,523,282,19,1,0.083,0.645,1,1
TXN-003342,139912.0,CARD,2326,1334,9,5,0.721,0.844,0,1
TXN-003343,144818.87,WALLET,1977,1153,3,3,0.301,0.074,0,1
TXN-003344,96146.78,CARD,1433,508,17,5,0.076,0.69,0,1
TXN-003345,88182.81,WALLET,647,103,20,2,0.516,0.733,0,0
TXN-003346,128211.01,WALLET,1444,856,6,4,0.257,0.199,0,0
TXN-003347,133497.84,WALLET,20,1067,18,2,0.325,0.4,0,0
TXN-003348,86923.54,NETBANKING,1090,218,2,5,0.067,0.3,0,1
TXN-003349,29023.41,NETBANKING,2395,308,4,0,0.107,0.525,0,0
TXN-003350,140715.98,UPI,878,319,25,5,0.586,0.37,0,1
TXN-003351,119506.53,UPI,413,183,11,5,0.499,0.855,0,1
TXN-003352,8076.27,UPI,1688,587,27,5,0.161,0.187,0,1
TXN-003353,148372.49,UPI,729,253,27,1,0.342,0.251,0,1
TXN-003354,37568.79,NETBANKING,17,1004,27,0,0.751,0.246,0,1
TXN-003355,57515.43,UPI,1395,531,16,5,0.05,0.662,0,0
TXN-003356,37550.32,UPI,211,905,19,2,0.108,0.19,0,1
TXN-003357,114405.49,UPI,727,1,30,1,0.165,0.633,0,1
TXN-003358,57507.17,UPI,2488,692,14,2,0.664,0.086,0,1
TXN-003359,32827.96,CARD,1781,803,12,5,0.804,0.14,0,1
TXN-003360,64721.06,NETBANKING,2261,239,15,5,0.613,0.667,0,0
TXN-003361,105613.09,CARD,1246,1214,6,1,0.086,0.585,0,0
TXN-003362,24088.86,NETBANKING,2064,232,10,0,0.284,0.751,0,0
TXN-003363,59576.04,CARD,2378,248,10,1,0.412,0.154,0,0
TXN-003364,4676.25,WALLET,1237,88,5,0,0.619,0.506,0,0
TXN-003365,146955.93,WALLET,1652,746,20,2,0.544,0.691,0,1
TXN-003366,119913.56,UPI,1013,1356,13,3,0.887,0.327,1,0
TXN-003367,46894.46,NETBANKING,2363,254,30,2,0.191,0.15,0,0
TXN-003368,14846.25,UPI,2120,645,29,1,0.218,0.359,1,0
TXN-003369,35449.8,CARD,2225,514,30,5,0.973,0.727,0,1
TXN-003370,141406.16,WALLET,335,1290,8,1,0.01,0.139,0,1
TXN-003371,80580.76,WALLET,162,918,16,3,0.03,0.773,1,1
TXN-003372,95208.63,WALLET,1748,1451,13,3,0.302,0.971,0,0
TXN-003373,11348.31,WALLET,1385,366,26,2,0.843,0.052,0,0
TXN-003374,132382.21,NETBANKING,300,39,23,5,0.814,0.754,0,1
TXN-003375,69346.61,CARD,1412,567,6,3,0.346,0.885,0,0
TXN-003376,72860.88,WALLET,959,1190,18,2,0.699,0.22,0,0
TXN-003377,76742.26,CARD,1562,1328,7,5,0.627,0.777,0,1
TXN-003378,71767.8,UPI,1124,370,21,1,0.352,0.914,0,0
TXN-003379,90352.56,CARD,290,166,24,3,0.682,0.593,0,1
TXN-003380,46937.97,WALLET,234,709,1,3,0.983,0.997,0,1
TXN-003381,1018.88,NETBANKING,2320,579,22,4,0.609,0.792,0,0
TXN-003382,68464.69,WALLET,1699,257,25,0,0.238,0.934,0,1
TXN-003383,117193.24,NETBANKING,2263,573,24,2,0.278,0.171,0,1
TXN-003384,29502.06,CARD,142,671,20,0,0.351,0.096,0,0
TXN-003385,53222.65,UPI,107,1222,14,3,0.309,0.107,0,1
TXN-003386,113470.84,UPI,1373,63,9,0,0.491,0.497,0,1
TXN-003387,20232.8,WALLET,2058,955,28,0,0.993,0.199,0,0
TXN-003388,81794.38,CARD,2114,165,15,0,0.887,0.873,1,1
TXN-003389,129121.84,WALLET,1312,285,27,0,0.071,0.161,0,1
TXN-003390,128508.72,CARD,289,180,10,4,0.841,0.206,0,0
TXN-003391,75629.9,CARD,987,111,27,3,0.732,0.334,1,0
TXN-003392,4049.41,CARD,2182,196,17,0,0.243,0.417,1,0
TXN-003393,101658.78,UPI,529,139,17,1,0.305,0.706,0,0
TXN-003394,20293.92,NETBANKING,1732,129,14,5,0.55,0.533,0,0
TXN-003395,42304.17,WALLET,45,430,22,1,0.963,0.28,0,1
TXN-003396,108663.1,NETBANKING,1252,266,4,0,0.411,0.066,0,1
TXN-003397,59325.23,UPI,50,1289,10,0,0.199,0.234,0,0
TXN-003398,68336.73,NETBANKING,546,97,24,3,0.76,0.999,0,1
TXN-003399,53665.37,WALLET,535,1346,3,3,0.378,0.781,1,0
TXN-003400,135942.84,WALLET,2012,868,16,5,0.438,0.371,0,1
TXN-003401,69761.42,UPI,528,437,20,4,0.084,0.971,0,1
TXN-003402,120002.21,UPI,1138,1038,16,1,0.039,0.361,1,1
TXN-003403,110915.65,WALLET,2089,174,21,5,0.79,0.828,0,1
TXN-003404,83372.54,UPI,2043,1186,22,3,0.779,0.728,0,0
TXN-003405,119324.34,NETBANKING,1985,654,17,2,0.62,0.907,0,1
TXN-003406,58755.51,CARD,136,741,29,2,0.827,0.601,0,1
TXN-003407,101173.39,NETBANKING,1031,64,14,1,0.517,0.847,0,1
TXN-003408,8275.95,WALLET,306,728,7,3,0.559,0.279,0,0
TXN-003409,97367.24,NETBANKING,898,1380,11,2,0.282,0.759,0,0
TXN-003410,137767.31,WALLET,1868,959,23,4,0.875,0.538,1,1
TXN-003411,134633.45,CARD,434,65,24,0,0.456,0.14,0,1
TXN-003412,113438.89,NETBANKING,2026,140,4,1,0.295,0.106,0,0
TXN-003413,80658.49,UPI,1145,195,29,0,0.953,0.986,1,1
TXN-003414,12364.63,WALLET,1054,560,5,3,0.126,0.292,0,0
TXN-003415,84486.35,WALLET,1926,169,4,0,0.98,0.502,0,1
TXN-003416,23638.82,WALLET,193,1420,10,5,0.294,0.786,0,1
TXN-003417,46262.86,WALLET,1734,1086,19,4,0.875,0.657,0,0
TXN-003418,95899.18,UPI,1069,467,17,0,0.803,0.442,1,1
TXN-003419,126237.98,CARD,1162,957,1,2,0.855,0.121,0,1
TXN-003420,63958.15,NETBANKING,1004,279,8,0,0.814,0.922,0,1
TXN-003421,118092.52,CARD,1900,753,20,0,0.898,0.475,0,1
TXN-003422,135538.91,WALLET,1110,406,24,1,0.354,0.381,0,1
TXN-003423,121896.45,NETBANKING,861,779,5,2,0.091,0.649,0,1
TXN-003424,123260.69,NETBANKING,448,1305,3,0,0.592,0.92,0,1
TXN-003425,1835.89,UPI,1016,824,21,4,0.204,0.784,0,1
TXN-003426,146667.84,NETBANKING,1085,336,21,3,0.784,0.438,0,0
TXN-003427,84124.67,CARD,1295,870,4,0,0.833,0.109,0,1
TXN-003428,21336.19,UPI,2188,564,28,2,0.315,0.439,0,0
TXN-003429,19175.14,NETBANKING,246,1094,4,2,0.852,0.581,0,1
TXN-003430,28806.43,CARD,1423,1137,12,4,0.23,0.348,0,0
TXN-003431,110547.77,NETBANKING,703,1041,17,0,0.336,0.926,0,1
TXN-003432,74611.44,UPI,2400,1406,29,5,0.821,0.808,0,0
TXN-003433,123384.38,CARD,1467,371,9,5,0.701,0.492,0,1
TXN-003434,136471.08,WALLET,1084,1203,8,0,0.306,0.282,0,0
TXN-003435,58041.16,CARD,1599,610,18,3,0.126,0.742,0,0
TXN-003436,120368.79,WALLET,1895,1216,8,4,0.352,0.652,0,1
TXN-003437,15191.31,UPI,91,521,1,3,0.157,0.36,0,0
TXN-003438,6624.16,WALLET,248,1175,27,4,0.854,0.814,0,1
TXN-003439,66110.0,CARD,1627,279,12,5,0.938,0.794,0,1
TXN-003440,102877.09,UPI,892,270,12,0,0.649,0.231,1,1
TXN-003441,95229.75,NETBANKING,1096,317,15,4,0.573,0.155,0,1
TXN-003442,127689.38,NETBANKING,2335,849,24,2,0.336,0.798,1,1
TXN-003443,53170.47,WALLET,2077,238,6,3,0.725,0.726,0,0
TXN-003444,129488.76,CARD,1800,1494,4,4,0.229,0.85,0,1
TXN-003445,89995.23,CARD,1615,1364,30,1,0.476,0.102,0,0
TXN-003446,114990.19,NETBANKING,166,570,24,3,0.336,0.367,0,1
TXN-003447,34787.8,UPI,503,33,12,0,0.938,0.707,0,1
TXN-003448,116264.24,NETBANKING,1387,1204,12,1,0.793,0.932,0,0
TXN-003449,134997.99,WALLET,1973,559,6,1,0.625,0.318,0,0
TXN-003450,34462.59,WALLET,793,1498,26,1,0.715,0.52,0,0
TXN-003451,86812.33,UPI,1412,246,2,0,0.138,0.001,0,1
TXN-003452,29137.14,NETBANKING,2138,790,29,4,0.666,0.383,0,0
TXN-003453,10335.65,NETBANKING,1952,510,4,0,0.356,0.004,1,1
TXN-003454,68031.08,UPI,2328,741,2,3,0.623,0.841,0,0
TXN-003455,135693.38,UPI,534,1254,16,1,0.889,0.275,0,1
TXN-003456,7845.53,CARD,1860,1372,30,2,0.607,0.829,0,1
TXN-003457,107455.65,UPI,2489,121,16,1,0.173,0.561,0,0
TXN-003458,141570.73,UPI,2140,1197,28,2,0.347,0.245,0,0
TXN-003459,19797.59,CARD,309,672,26,4,0.907,0.894,1,0
TXN-003460,17336.67,NETBANKING,1825,1272,1,1,0.167,0.014,1,0
TXN-003461,129572.25,NETBANKING,275,953,11,0,0.169,0.795,0,0
TXN-003462,139919.98,UPI,1818,1052,21,4,0.423,0.65,1,1
TXN-003463,102447.49,NETBANKING,21,1204,11,4,0.753,0.304,0,1
TXN-003464,136318.9,CARD,1017,801,14,4,0.291,0.393,0,1
TXN-003465,143319.71,UPI,2213,256,10,5,0.134,0.308,0,0
TXN-003466,48660.51,UPI,1062,822,5,0,0.487,0.386,0,0
TXN-003467,30258.39,NETBANKING,437,872,26,5,0.752,0.378,0,0
TXN-003468,134171.57,WALLET,2309,1047,24,5,0.898,0.947,1,1
TXN-003469,93127.07,UPI,224,810,21,3,0.458,0.151,0,0
TXN-003470,75650.16,CARD,2372,922,18,4,0.893,0.217,0,1
TXN-003471,24100.14,CARD,449,884,24,2,0.356,0.67,1,0
TXN-003472,38876.17,CARD,1797,1120,1,2,0.44,0.293,0,0
TXN-003473,10334.0,WALLET,1529,807,26,4,0.178,0.432,1,0
TXN-003474,125068.54,CARD,652,962,7,2,0.776,0.118,0,0
TXN-003475,148534.71,UPI,633,511,1,0,0.553,0.341,1,0
TXN-003476,17359.32,CARD,582,1446,10,1,0.34,0.388,0,0
TXN-003477,117693.62,UPI,1367,1006,26,4,0.213,0.653,0,1
TXN-003478,135290.94,NETBANKING,300,504,27,5,0.406,0.654,0,1
TXN-003479,140438.05,NETBANKING,2467,909,28,5,0.803,0.816,0,1
TXN-003480,63985.91,UPI,2043,558,13,0,0.832,0.787,0,1
TXN-003481,7727.17,NETBANKING,2422,163,24,5,0.488,0.309,0,0
TXN-003482,65708.67,WALLET,977,1032,30,5,0.458,0.186,0,0
TXN-003483,106210.15,NETBANKING,26,666,9,2,0.833,0.437,0,1
TXN-003484,80928.16,WALLET,1260,138,9,1,0.489,0.362,0,0
TXN-003485,108896.37,WALLET,710,857,7,5,0.258,0.572,0,1
TXN-003486,107092.19,CARD,503,644,19,0,0.014,0.699,0,0
TXN-003487,20877.97,UPI,1186,1472,9,4,0.259,0.781,0,0
TXN-003488,72498.34,NETBANKING,1090,227,24,3,0.65,0.38,0,1
TXN-003489,82253.63,CARD,2363,174,29,0,0.402,0.819,0,1
TXN-003490,60160.68,WALLET,1637,763,27,3,0.72,0.385,0,0
TXN-003491,7125.65,NETBANKING,515,18,17,5,0.737,0.342,0,1
TXN-003492,132081.52,CARD,290,1006,12,0,0.288,0.623,1,1
TXN-003493,89033.37,WALLET,589,959,12,2,0.74,0.142,0,1
TXN-003494,105004.75,NETBANKING,167,849,29,4,0.17,0.827,0,1
TXN-003495,64826.0,NETBANKING,143,127,13,3,0.14,0.415,0,0
TXN-003496,36938.52,UPI,1053,507,2,1,0.089,0.696,1,0
TXN-003497,3070.75,UPI,445,230,26,4,0.263,0.021,0,0
TXN-003498,48575.15,WALLET,1310,761,5,5,0.29,0.153,0,0
TXN-003499,41544.37,WALLET,2493,937,30,2,0.346,0.708,1,1
TXN-003500,140625.16,CARD,2055,935,23,0,0.657,0.328,0,0
TXN-003501,64860.72,CARD,833,1112,23,4,0.355,0.885,1,1
TXN-003502,10336.93,CARD,1340,1398,13,0,0.693,0.6,1,0
TXN-003503,137427.48,WALLET,529,541,28,3,0.934,0.307,0,1
TXN-003504,25301.29,CARD,1612,1401,30,4,0.284,0.432,0,0
TXN-003505,88519.22,CARD,1779,986,19,5,0.838,0.886,0,0
TXN-003506,688.3,WALLET,316,1243,25,0,0.68,0.997,0,0
TXN-003507,28262.12,WALLET,651,207,30,1,0.124,0.86,0,0
TXN-003508,95123.35,NETBANKING,1568,352,27,2,0.816,0.723,0,1
TXN-003509,14168.19,NETBANKING,1741,836,7,5,0.792,0.602,0,0
TXN-003510,43263.53,CARD,1570,263,11,1,0.674,0.091,0,0
TXN-003511,96516.43,NETBANKING,1284,1220,25,4,0.838,0.066,0,1
TXN-003512,132633.41,NETBANKING,777,710,2,3,0.28,0.014,1,0
TXN-003513,37088.11,CARD,2112,111,28,4,0.64,0.882,1,1
TXN-003514,39823.23,UPI,1239,415,3,0,0.907,0.012,0,0
TXN-003515,26166.15,NETBANKING,990,265,25,3,0.475,0.643,0,1
TXN-003516,38662.54,WALLET,266,897,5,3,0.357,0.947,0,0
TXN-003517,139020.16,NETBANKING,1918,200,6,3,0.406,0.106,0,0
TXN-003518,86607.4,CARD,2488,546,6,3,0.708,0.832,0,1
TXN-003519,96286.08,CARD,1044,456,21,1,0.569,0.437,0,0
TXN-003520,133756.63,WALLET,1939,387,7,5,0.885,0.565,0,1
TXN-003521,137851.93,UPI,607,905,12,4,0.242,0.697,0,0
TXN-003522,138020.86,NETBANKING,741,173,26,5,0.09,0.94,0,1
TXN-003523,138928.24,WALLET,1333,1225,3,0,0.004,0.276,0,0
TXN-003524,131495.2,WALLET,1094,595,9,1,0.824,0.749,1,1
TXN-003525,38007.1,CARD,31,1294,2,3,0.629,0.165,0,0
TXN-003526,35922.58,CARD,1892,1042,2,5,0.507,0.883,0,0
TXN-003527,16052.89,CARD,772,1107,25,2,0.218,0.014,1,0
TXN-003528,99873.66,CARD,576,701,17,5,0.86,0.645,0,0
TXN-003529,42624.57,NETBANKING,2260,847,4,3,0.166,0.658,0,0
TXN-003530,41205.23,WALLET,888,452,6,5,0.287,0.379,0,0
TXN-003531,115706.57,NETBANKING,1216,842,24,1,0.333,0.466,0,1
TXN-003532,148217.89,UPI,2109,751,4,5,0.843,0.5,1,1
TXN-003533,122570.22,NETBANKING,2376,837,11,3,0.013,0.786,0,1
TXN-003534,47285.03,CARD,2333,810,24,2,0.516,0.637,0,0
TXN-003535,27683.34,CARD,1336,190,24,2,0.339,0.48,1,0
TXN-003536,29774.22,CARD,942,993,13,3,0.045,0.07,0,0
TXN-003537,8706.91,WALLET,190,1117,3,1,0.79,0.155,1,1
TXN-003538,93028.05,CARD,1482,1308,25,1,0.311,0.979,0,1
TXN-003539,95730.41,UPI,357,1467,22,5,0.944,0.306,0,1
TXN-003540,3934.02,WALLET,2424,673,7,4,0.054,0.546,1,0
TXN-003541,98475.03,WALLET,1651,938,22,4,0.024,0.951,0,1
TXN-003542,59945.86,WALLET,1546,1245,10,5,0.562,0.431,0,1
TXN-003543,61330.36,CARD,1459,1493,1,4,0.327,0.579,0,1
TXN-003544,71560.95,CARD,1545,779,19,1,0.211,0.913,0,1
TXN-003545,122211.19,WALLET,1004,1295,10,5,0.828,0.413,1,1
TXN-003546,8322.35,NETBANKING,1915,363,7,5,0.68,0.253,0,0
TXN-003547,15892.74,NETBANKING,411,611,20,5,0.744,0.087,0,0
TXN-003548,59438.75,WALLET,2130,1425,17,3,0.943,0.616,0,0
TXN-003549,90650.23,NETBANKING,78,504,22,5,0.676,0.623,0,0
TXN-003550,48669.01,UPI,941,1367,10,2,0.047,0.561,1,0
TXN-003551,35376.77,UPI,2231,508,18,0,0.121,0.579,0,0
TXN-003552,87883.99,CARD,834,1012,16,4,0.969,0.248,1,1
TXN-003553,101049.94,CARD,656,57,3,3,0.215,0.501,0,1
TXN-003554,94114.73,CARD,2376,204,12,1,0.216,0.928,0,0
TXN-003555,102891.42,UPI,1193,10,19,4,0.177,0.168,0,1
TXN-003556,82434.69,WALLET,1983,384,2,0,0.183,0.348,0,1
TXN-003557,116015.16,WALLET,1312,817,29,4,0.697,0.014,0,0
TXN-003558,95864.25,UPI,1897,771,28,2,0.843,0.884,0,0
TXN-003559,79486.92,NETBANKING,896,1046,30,3,0.114,0.913,0,0
TXN-003560,45736.3,UPI,466,953,21,0,0.898,0.69,0,1
TXN-003561,21180.68,CARD,136,522,2,0,0.623,0.657,1,0
TXN-003562,81842.87,CARD,1160,1285,23,4,0.642,0.179,0,1
TXN-003563,99943.24,UPI,103,768,28,4,0.87,0.215,0,1
TXN-003564,20910.97,NETBANKING,766,1457,15,3,0.16,0.148,0,1
TXN-003565,16844.3,WALLET,1915,1156,12,5,0.29,0.529,0,0
TXN-003566,74166.7,UPI,416,171,13,3,0.506,0.113,0,0
TXN-003567,111321.35,WALLET,556,1225,1,1,0.32,0.333,1,0
TXN-003568,113126.46,WALLET,1813,479,25,0,0.171,0.041,1,1
TXN-003569,102896.84,NETBANKING,855,1313,28,0,0.283,0.674,0,1
TXN-003570,78333.69,UPI,249,1362,11,0,0.447,0.795,0,0
TXN-003571,24656.11,NETBANKING,1692,1003,15,0,0.233,0.497,0,0
TXN-003572,73871.41,UPI,2291,1342,24,1,0.996,0.65,0,0
TXN-003573,124633.6,NETBANKING,2089,476,11,2,0.718,0.008,0,0
TXN-003574,68238.91,WALLET,993,1485,5,4,0.187,0.026,1,1
TXN-003575,54214.88,UPI,646,130,27,1,0.256,0.427,0,0
TXN-003576,11042.1,UPI,1491,61,6,2,0.041,0.315,0,0
TXN-003577,124805.0,WALLET,319,1473,3,3,0.049,0.393,1,0
TXN-003578,128685.32,WALLET,2090,1139,13,1,0.631,0.09,0,0
TXN-003579,99070.62,UPI,1262,1300,10,4,0.685,0.94,1,1
TXN-003580,137095.71,UPI,1124,687,23,3,0.5,0.695,0,1
TXN-003581,10776.88,NETBANKING,530,549,19,3,0.738,0.096,0,0
TXN-003582,67532.58,NETBANKING,1357,154,30,3,0.87,0.467,0,0
TXN-003583,99855.55,UPI,1031,1442,12,1,0.305,0.505,0,0
TXN-003584,20484.13,CARD,610,122,20,2,0.636,0.644,0,0
TXN-003585,83388.76,CARD,1478,1452,17,3,0.175,0.459,0,1
TXN-003586,108740.53,WALLET,66,335,23,2,0.03,0.816,0,1
TXN-003587,29397.68,NETBANKING,1574,587,18,2,0.267,0.677,0,0
TXN-003588,113843.48,NETBANKING,537,1455,8,4,0.077,0.733,0,1
TXN-003589,118376.2,CARD,1939,510,11,1,0.83,0.857,0,1
TXN-003590,8572.48,UPI,1684,869,7,1,0.27,0.059,0,0
TXN-003591,59813.8,CARD,1047,1412,11,1,0.972,0.416,0,0
TXN-003592,79274.04,WALLET,746,445,7,2,0.459,0.283,0,0
TXN-003593,107518.6,NETBANKING,834,555,28,2,0.934,0.084,0,1
TXN-003594,133422.34,NETBANKING,1201,1163,11,3,0.642,0.167,0,1
TXN-003595,93856.45,NETBANKING,1551,487,17,0,0.899,0.075,1,1
TXN-003596,136486.52,NETBANKING,2012,1315,20,1,0.902,0.661,0,0
TXN-003597,131778.49,WALLET,711,519,15,5,0.204,0.214,1,1
TXN-003598,96807.58,UPI,1476,492,28,0,0.061,0.316,0,0
TXN-003599,141586.08,UPI,2167,452,28,2,0.48,0.569,0,1
TXN-003600,69884.08,CARD,1066,665,24,1,0.998,0.026,1,1
TXN-003601,60734.84,NETBANKING,978,980,18,5,0.681,0.978,0,1
TXN-003602,7212.13,UPI,1101,1295,14,0,0.426,0.736,1,1
TXN-003603,4070.09,WALLET,993,914,30,2,0.607,0.881,0,0
TXN-003604,73713.57,UPI,1581,693,1,3,0.078,0.773,0,1
TXN-003605,1447.41,UPI,675,653,1,1,0.727,0.191,0,1
TXN-003606,38222.48,UPI,767,985,6,4,0.928,0.621,0,0
TXN-003607,17011.73,CARD,247,1135,13,0,0.264,0.702,1,1
TXN-003608,5599.28,WALLET,1619,780,20,4,0.814,0.752,0,1
TXN-003609,139722.13,UPI,1172,174,9,2,0.136,0.392,0,0
TXN-003610,25520.03,WALLET,278,1472,12,4,0.368,0.519,0,0
TXN-003611,48617.91,WALLET,1790,437,29,3,0.702,0.609,0,1
TXN-003612,47227.3,WALLET,2355,961,22,4,0.641,0.849,0,1
TXN-003613,2478.77,NETBANKING,409,83,12,4,0.218,0.273,1,0
TXN-003614,115804.92,CARD,2334,115,8,2,0.973,0.434,0,1
TXN-003615,115148.05,WALLET,1570,872,23,0,0.855,0.419,0,0
TXN-003616,136089.54,WALLET,71,996,11,0,0.797,0.087,0,1
TXN-003617,24862.67,CARD,1556,637,27,5,0.286,0.104,0,0
TXN-003618,51850.34,NETBANKING,250,1028,12,4,0.633,0.322,0,0
TXN-003619,120185.37,CARD,1928,929,25,5,0.945,0.331,0,0
TXN-003620,138987.78,NETBANKING,1880,458,16,2,0.56,0.749,0,1
TXN-003621,25652.46,NETBANKING,2257,595,14,3,0.793,0.846,0,0
TXN-003622,120834.66,CARD,647,984,19,5,0.908,0.621,1,1
TXN-003623,24400.07,WALLET,2034,522,22,4,0.95,0.564,0,1
TXN-003624,33688.17,NETBANKING,1103,78,15,0,0.059,0.262,0,0
TXN-003625,12414.01,CARD,1159,294,14,4,0.74,0.47,0,0
TXN-003626,81549.33,UPI,827,1384,20,3,0.375,0.248,0,1
TXN-003627,46912.71,WALLET,687,45,9,0,0.511,0.141,0,0
TXN-003628,132783.08,UPI,283,1080,20,3,0.526,0.189,0,0
TXN-003629,135299.92,CARD,896,1417,17,0,0.287,0.712,1,1
TXN-003630,120686.8,WALLET,198,503,7,5,0.803,0.231,1,1
TXN-003631,13116.9,NETBANKING,1024,860,21,3,0.054,0.181,0,1
TXN-003632,70736.74,UPI,649,1402,30,0,0.031,0.24,0,0
TXN-003633,108508.03,WALLET,2043,938,26,3,0.455,0.853,0,1
TXN-003634,53626.37,NETBANKING,1356,1265,29,0,0.208,0.9,1,0
TXN-003635,120907.8,NETBANKING,828,734,25,5,0.722,0.108,0,1
TXN-003636,30727.38,NETBANKING,1522,421,8,0,0.537,0.732,0,0
TXN-003637,28369.98,UPI,843,748,22,5,0.983,0.311,1,1
TXN-003638,117841.34,WALLET,94,294,13,2,0.017,0.139,0,1
TXN-003639,42287.98,UPI,1311,1295,4,5,0.825,0.306,1,1
TXN-003640,16193.63,WALLET,1171,1152,8,5,0.989,0.661,0,1
TXN-003641,26222.31,NETBANKING,220,895,19,2,0.825,0.918,0,0
TXN-003642,23736.7,NETBANKING,2078,1270,7,3,0.462,0.112,0,0
TXN-003643,79655.19,UPI,2424,1372,29,5,0.589,0.961,1,0
TXN-003644,57675.55,NETBANKING,2386,138,24,5,0.7,0.276,0,0
TXN-003645,64940.59,NETBANKING,592,488,27,4,0.006,0.258,0,1
TXN-003646,23516.03,WALLET,2030,1103,12,2,0.256,0.891,0,0
TXN-003647,89907.53,NETBANKING,185,256,29,5,0.301,0.451,0,1
TXN-003648,21573.59,NETBANKING,183,263,30,4,0.698,0.057,0,0
TXN-003649,135056.32,UPI,2029,495,9,5,0.851,0.043,0,1
TXN-003650,33311.85,NETBANKING,52,999,19,4,0.128,0.685,0,0
TXN-003651,52572.53,NETBANKING,727,1000,12,2,0.648,0.718,0,0
TXN-003652,113191.03,WALLET,2057,694,30,0,0.959,0.68,0,1
TXN-003653,76262.74,NETBANKING,1469,959,4,5,0.325,0.836,0,0
TXN-003654,62245.99,NETBANKING,177,1159,8,3,0.934,0.239,0,0
TXN-003655,51311.1,NETBANKING,1285,245,23,3,0.117,0.907,0,0
TXN-003656,62357.38,CARD,768,270,9,2,0.931,0.511,0,0
TXN-003657,10199.66,CARD,334,298,21,5,0.43,0.568,0,0
TXN-003658,83061.56,WALLET,2340,1040,21,4,0.99,0.74,0,0
TXN-003659,8862.42,CARD,2027,1285,2,2,0.709,0.389,0,0
TXN-003660,122074.17,UPI,1729,513,5,1,0.004,0.121,0,0
TXN-003661,137515.48,UPI,454,1000,13,1,0.973,0.753,0,1
TXN-003662,149429.67,UPI,2147,744,22,2,0.226,0.388,0,1
TXN-003663,1909.42,CARD,1427,855,16,1,0.641,0.353,0,0
TXN-003664,109738.45,CARD,2491,1067,10,0,0.002,0.298,0,1
TXN-003665,111699.44,WALLET,833,38,7,1,0.309,0.524,0,0
TXN-003666,148045.05,CARD,1331,261,22,5,0.229,0.342,0,1
TXN-003667,77276.32,CARD,53,498,27,4,0.003,0.843,1,1
TXN-003668,147746.73,CARD,275,1152,11,1,0.918,0.968,0,1
TXN-003669,139524.64,UPI,1912,993,26,4,0.03,0.939,0,1
TXN-003670,34357.42,NETBANKING,1967,359,17,0,0.65,0.158,0,0
TXN-003671,28954.95,WALLET,202,1469,6,5,0.664,0.278,0,0
TXN-003672,32884.28,CARD,441,1352,7,1,0.71,0.74,0,0
TXN-003673,49570.35,WALLET,402,1193,21,2,0.047,0.806,0,1
TXN-003674,75248.65,UPI,1869,138,5,5,0.858,0.398,0,0
TXN-003675,93425.54,UPI,2051,729,6,5,0.599,0.505,1,0
TXN-003676,136049.53,UPI,1344,248,9,4,0.467,0.497,0,1
TXN-003677,108909.78,WALLET,1442,903,14,2,0.138,0.902,0,0
TXN-003678,120762.97,WALLET,445,1163,21,2,0.657,0.708,1,0
TXN-003679,143552.93,NETBANKING,2302,540,19,2,0.19,0.852,0,1
TXN-003680,125065.0,WALLET,1619,158,24,1,0.919,0.536,0,0
TXN-003681,2566.72,UPI,2387,186,23,2,0.594,0.72,0,1
TXN-003682,31322.23,NETBANKING,2422,386,13,0,0.924,0.579,0,1
TXN-003683,69005.22,WALLET,1569,218,18,2,0.671,0.41,1,1
TXN-003684,149287.36,WALLET,557,2,22,1,0.029,0.858,0,1
TXN-003685,82414.97,UPI,647,24,25,4,0.618,0.396,0,0
TXN-003686,66487.02,UPI,817,1325,15,1,0.295,0.25,0,1
TXN-003687,72503.67,WALLET,413,1187,21,5,0.003,0.406,0,0
TXN-003688,125865.12,CARD,2413,836,16,3,0.034,0.261,0,1
TXN-003689,11476.61,NETBANKING,2446,12,19,5,0.995,0.271,0,0
TXN-003690,36238.91,UPI,1450,1060,17,3,0.534,0.058,0,1
TXN-003691,14268.49,CARD,1731,860,5,2,0.272,0.495,1,0
TXN-003692,84576.24,UPI,1253,29,28,0,0.78,0.386,0,0
TXN-003693,2048.12,UPI,289,1188,22,0,0.966,0.925,0,0
TXN-003694,140733.87,NETBANKING,1608,904,30,5,0.232,0.309,0,1
TXN-003695,60342.54,CARD,2351,1303,2,4,0.604,0.105,0,0
TXN-003696,56756.67,UPI,2145,449,5,0,0.201,0.013,0,0
TXN-003697,81280.45,NETBANKING,718,735,21,0,0.104,0.966,1,1
TXN-003698,53070.58,NETBANKING,59,1184,10,1,0.662,0.283,0,0
TXN-003699,93255.0,UPI,935,286,8,4,0.542,0.448,0,0
TXN-003700,64587.87,WALLET,678,1491,17,4,0.938,0.896,0,0
TXN-003701,124734.08,UPI,871,1156,20,3,0.55,0.534,0,0
TXN-003702,97906.22,UPI,2163,205,17,1,0.407,0.161,1,0
TXN-003703,130902.39,WALLET,35,370,13,3,0.242,0.167,0,1
TXN-003704,140017.38,UPI,2257,668,4,1,0.223,0.867,0,1
TXN-003705,8566.41,WALLET,1840,832,27,3,0.493,0.593,1,0
TXN-003706,131198.34,UPI,640,1087,15,2,0.804,0.27,0,1
TXN-003707,125410.5,CARD,1711,27,13,3,0.489,0.482,1,1
TXN-003708,89605.11,CARD,1549,663,11,3,0.064,0.923,0,1
TXN-003709,38888.67,NETBANKING,389,1423,24,2,0.316,0.453,0,0
TXN-003710,45137.21,NETBANKING,2123,1090,5,2,0.139,0.419,1,0
TXN-003711,122474.16,NETBANKING,427,211,27,0,0.315,0.433,0,0
TXN-003712,51713.4,NETBANKING,1884,877,10,5,0.42,0.993,0,0
TXN-003713,112660.86,UPI,2493,1116,7,4,0.735,0.992,1,1
TXN-003714,48609.28,UPI,727,994,11,4,0.953,0.052,0,0
TXN-003715,103253.78,CARD,2214,1184,5,1,0.301,0.972,0,1
TXN-003716,48221.4,UPI,1389,158,11,2,0.722,0.853,0,1
TXN-003717,81633.0,CARD,681,552,22,5,0.874,0.145,0,1
TXN-003718,78847.68,WALLET,659,1465,30,5,0.511,0.632,1,0
TXN-003719,37715.5,WALLET,737,442,21,3,0.025,0.685,0,0
TXN-003720,113637.92,CARD,1693,1079,4,4,0.991,0.189,0,1
TXN-003721,85829.5,NETBANKING,370,1460,6,5,0.223,0.51,0,1
TXN-003722,36173.88,NETBANKING,389,1028,12,2,0.342,0.278,1,0
TXN-003723,134641.39,CARD,351,536,25,0,0.051,0.232,0,1
TXN-003724,135696.38,CARD,2069,309,14,3,0.191,0.668,1,1
TXN-003725,67071.9,WALLET,1476,908,4,3,0.828,0.504,0,1
TXN-003726,22249.09,NETBANKING,245,1075,14,1,0.85,0.408,1,0
TXN-003727,144066.3,CARD,1221,898,13,0,0.685,0.524,1,1
TXN-003728,86535.31,NETBANKING,2230,900,6,4,0.598,0.651,0,0
TXN-003729,131280.7,CARD,1610,429,3,3,0.202,0.016,1,1
TXN-003730,15558.86,CARD,1615,312,17,0,0.236,0.207,0,0
TXN-003731,77383.44,NETBANKING,2047,577,19,0,0.632,0.433,0,0
TXN-003732,106133.93,UPI,937,195,2,5,0.951,0.098,0,0
TXN-003733,64786.77,CARD,2147,562,12,2,0.306,0.29,0,0
TXN-003734,137076.84,WALLET,624,334,29,4,0.352,0.764,0,1
TXN-003735,79104.6,UPI,150,784,24,3,0.747,0.74,0,0
TXN-003736,133662.43,NETBANKING,1716,1211,1,5,0.104,0.262,0,0
TXN-003737,95166.97,UPI,1556,275,29,2,0.277,0.964,0,1
TXN-003738,81898.77,NETBANKING,1309,964,28,1,0.848,0.148,0,1
TXN-003739,131240.29,NETBANKING,627,434,25,4,0.572,0.347,0,1
TXN-003740,120057.91,UPI,1901,352,20,4,0.375,0.169,0,0
TXN-003741,112379.46,WALLET,1777,911,4,2,0.541,0.234,0,0
TXN-003742,74992.44,UPI,1044,933,19,2,0.357,0.736,0,0
TXN-003743,119966.14,CARD,1199,1186,6,1,0.006,0.783,1,1
TXN-003744,98070.96,UPI,2085,1202,28,5,0.354,0.111,0,0
TXN-003745,18117.71,CARD,1709,1244,14,1,0.334,0.045,0,0
TXN-003746,34273.16,CARD,1141,1230,3,1,0.887,0.295,0,0
TXN-003747,103231.08,CARD,1497,94,24,1,0.486,0.6,0,0
TXN-003748,75923.67,NETBANKING,1212,97,25,5,0.84,0.482,0,1
TXN-003749,89459.02,NETBANKING,633,1498,18,2,0.737,0.019,0,0
TXN-003750,96120.8,UPI,1178,1140,14,5,0.246,0.128,0,0
TXN-003751,49971.72,UPI,1116,1375,17,3,0.661,0.335,0,1
TXN-003752,18876.07,CARD,1912,1000,6,0,0.059,0.052,0,0
TXN-003753,85900.94,CARD,2327,220,23,0,0.472,0.484,0,1
TXN-003754,106532.78,NETBANKING,1616,1082,22,4,0.688,0.915,1,1
TXN-003755,140021.37,CARD,1962,602,25,2,0.599,0.405,0,1
TXN-003756,59124.33,UPI,1197,963,9,0,0.148,0.558,1,1
TXN-003757,77562.03,CARD,2053,1310,5,2,0.84,0.133,1,1
TXN-003758,32470.16,CARD,1496,240,13,0,0.137,0.608,0,0
TXN-003759,56082.78,WALLET,1716,1149,10,4,0.935,0.217,0,1
TXN-003760,70535.07,UPI,1884,646,5,2,0.834,0.553,0,1
TXN-003761,57882.51,NETBANKING,642,1249,27,4,0.23,0.613,0,0
TXN-003762,114454.66,NETBANKING,985,1228,12,1,0.74,0.882,0,0
TXN-003763,80641.12,NETBANKING,771,371,20,4,0.837,0.88,0,1
TXN-003764,38168.43,WALLET,1248,933,11,2,0.728,0.202,0,1
TXN-003765,114151.58,UPI,2359,855,15,4,0.068,0.31,0,1
TXN-003766,141876.61,CARD,2497,789,4,0,0.663,0.773,0,1
TXN-003767,30918.53,WALLET,2218,1494,19,0,0.923,0.519,0,0
TXN-003768,105893.68,WALLET,1286,880,20,5,0.278,0.215,0,0
TXN-003769,134686.61,WALLET,1860,140,22,5,0.424,0.923,1,1
TXN-003770,75994.46,CARD,949,841,8,2,0.763,0.119,0,1
TXN-003771,83434.16,WALLET,1841,227,5,3,0.328,0.477,0,0
TXN-003772,21621.24,UPI,681,1005,25,4,0.624,0.848,1,0
TXN-003773,24774.27,UPI,1657,53,21,4,0.292,0.719,0,0
TXN-003774,29075.83,CARD,253,1447,26,2,0.215,0.899,0,0
TXN-003775,55324.67,WALLET,2024,45,16,0,0.435,0.622,0,0
TXN-003776,138302.7,UPI,1110,626,1,0,0.059,0.734,0,1
TXN-003777,6865.84,CARD,504,105,24,3,0.312,0.776,0,1
TXN-003778,61727.5,CARD,723,1151,17,5,0.898,0.749,0,1
TXN-003779,30999.27,NETBANKING,1060,1206,23,3,0.576,0.741,0,1
TXN-003780,127919.18,WALLET,799,842,14,5,0.824,0.322,0,0
TXN-003781,54997.16,WALLET,2295,1439,22,5,0.243,0.667,0,0
TXN-003782,48459.91,CARD,1453,1327,23,4,0.055,0.43,0,1
TXN-003783,48639.5,WALLET,9,1301,4,3,0.289,0.224,0,1
TXN-003784,138716.2,NETBANKING,1545,121,2,2,0.121,0.9,0,0
TXN-003785,69780.75,CARD,1968,2,15,0,0.991,0.881,1,1
TXN-003786,64553.17,NETBANKING,38,841,28,2,0.178,0.696,0,0
TXN-003787,31677.82,UPI,1996,1474,14,3,0.398,0.933,0,1
TXN-003788,110762.56,NETBANKING,1010,148,13,5,0.984,0.232,0,1
TXN-003789,149342.15,NETBANKING,1977,259,11,3,0.054,0.283,0,0
TXN-003790,6816.0,CARD,1786,1271,1,3,0.694,0.107,0,0
TXN-003791,27799.01,UPI,974,528,1,5,0.624,0.991,0,0
TXN-003792,23293.87,UPI,1770,787,15,3,0.406,0.323,0,1
TXN-003793,95275.24,NETBANKING,643,1285,21,0,0.692,0.412,1,1
TXN-003794,33627.17,CARD,2051,890,30,0,0.466,0.666,0,0
TXN-003795,145055.72,UPI,1364,928,8,1,0.116,0.378,0,1
TXN-003796,49904.05,NETBANKING,547,838,4,2,0.119,0.44,0,0
TXN-003797,1358.98,CARD,1530,74,18,3,0.532,0.889,0,1
TXN-003798,115888.79,NETBANKING,2404,1194,27,5,0.546,0.434,0,1
TXN-003799,89545.58,WALLET,1010,643,14,0,0.035,0.648,0,1
TXN-003800,13200.14,WALLET,1488,155,28,4,0.201,0.877,0,1
TXN-003801,125283.13,CARD,1861,406,9,2,0.807,0.334,0,1
TXN-003802,73927.7,CARD,459,405,9,3,0.763,0.397,0,1
TXN-003803,140782.41,WALLET,1374,509,5,1,0.128,0.675,0,1
TXN-003804,101508.54,UPI,10,220,9,4,0.691,0.168,0,0
TXN-003805,80333.09,UPI,2276,1232,29,5,0.251,0.447,0,0
TXN-003806,134146.81,UPI,1997,1232,8,0,0.728,0.521,0,0
TXN-003807,120983.63,UPI,1351,1341,30,4,0.042,0.121,0,1
TXN-003808,106888.52,UPI,1393,69,18,5,0.112,0.722,0,1
TXN-003809,142335.89,CARD,1398,1314,17,5,0.824,0.432,1,1
TXN-003810,144218.43,CARD,281,200,14,5,0.415,0.303,0,0
TXN-003811,11355.44,NETBANKING,1762,918,27,3,0.776,0.144,0,0
TXN-003812,108640.71,NETBANKING,2319,1073,28,1,0.397,0.159,0,0
TXN-003813,123555.31,NETBANKING,2396,1414,24,2,0.599,0.847,0,0
TXN-003814,22380.45,CARD,918,162,24,2,0.745,0.369,0,0
TXN-003815,130768.27,WALLET,1601,726,16,4,0.632,0.211,0,0
TXN-003816,45550.63,WALLET,1191,1330,4,3,0.271,0.039,0,0
TXN-003817,105995.73,NETBANKING,779,267,25,1,0.847,0.023,0,0
TXN-003818,146849.97,WALLET,1580,522,4,1,0.413,0.893,1,0
TXN-003819,139872.25,NETBANKING,2008,515,11,4,0.397,0.504,0,0
TXN-003820,30091.63,CARD,1280,75,17,1,0.369,0.633,0,0
TXN-003821,71126.53,NETBANKING,2313,1118,30,4,0.125,0.172,0,1
TXN-003822,92022.38,CARD,1518,1361,30,4,0.415,0.142,0,0
TXN-003823,20914.57,WALLET,2208,484,3,1,0.47,0.231,0,0
TXN-003824,91991.99,NETBANKING,1390,1301,16,4,0.821,0.779,0,0
TXN-003825,117535.36,CARD,2106,37,3,3,0.497,0.678,0,1
TXN-003826,44500.46,UPI,547,792,22,4,0.286,0.455,0,1
TXN-003827,149097.72,NETBANKING,1011,1273,3,0,0.743,0.186,0,0
TXN-003828,64734.43,WALLET,1920,1174,21,0,0.888,0.422,0,0
TXN-003829,96920.36,CARD,212,1460,30,0,0.079,0.872,0,0
TXN-003830,76443.6,CARD,1919,1143,6,3,0.018,0.085,1,1
TXN-003831,71404.12,NETBANKING,909,386,28,5,0.932,0.142,0,0
TXN-003832,141182.25,CARD,549,541,5,2,0.885,0.493,0,1
TXN-003833,37912.89,WALLET,1389,99,6,0,0.658,0.521,0,0
TXN-003834,140359.14,NETBANKING,2156,633,14,0,0.227,0.378,1,0
TXN-003835,59495.79,WALLET,2221,1036,28,2,0.176,0.784,0,1
TXN-003836,103240.37,CARD,1510,1359,17,4,0.311,0.753,0,1
TXN-003837,142831.71,CARD,2416,364,17,2,0.241,0.645,0,0
TXN-003838,140063.18,NETBANKING,1669,167,28,3,0.713,0.704,0,1
TXN-003839,148075.04,WALLET,2152,1361,26,0,0.52,0.762,1,1
TXN-003840,62198.31,UPI,921,1176,11,4,0.719,0.78,0,0
TXN-003841,9790.01,NETBANKING,1795,355,8,5,0.332,0.63,0,0
TXN-003842,74199.96,WALLET,564,822,22,1,0.505,0.782,0,1
TXN-003843,143994.52,WALLET,1904,1168,3,5,0.479,0.627,0,1
TXN-003844,82566.08,UPI,96,62,4,5,0.256,0.505,0,0
TXN-003845,59327.35,NETBANKING,352,660,16,2,0.586,0.108,1,1
TXN-003846,59691.02,UPI,58,1360,17,0,0.002,0.265,0,0
TXN-003847,41007.29,CARD,1982,1380,29,5,0.293,0.976,1,1
TXN-003848,105595.19,CARD,1219,1058,7,0,0.95,0.345,0,0
TXN-003849,23377.75,NETBANKING,262,369,21,1,0.865,0.256,0,1
TXN-003850,64859.71,NETBANKING,1833,1393,16,3,0.444,0.251,0,0
TXN-003851,115379.05,WALLET,1322,99,7,5,0.07,0.3,1,1
TXN-003852,38588.43,WALLET,1956,154,21,5,0.628,0.867,0,1
TXN-003853,99088.26,UPI,1972,542,13,3,0.887,0.979,1,0
TXN-003854,41015.1,CARD,370,941,4,1,0.29,0.23,0,0
TXN-003855,121469.24,UPI,894,315,12,1,0.387,0.989,1,0
TXN-003856,132548.22,NETBANKING,2180,913,24,5,0.889,0.49,0,1
TXN-003857,84079.38,UPI,227,1355,16,1,0.523,0.224,1,0
TXN-003858,126186.5,NETBANKING,1701,1390,3,1,0.68,0.088,1,0
TXN-003859,100559.89,CARD,440,1174,13,1,0.861,0.917,0,1
TXN-003860,38424.42,UPI,2389,653,3,5,0.605,0.337,0,0
TXN-003861,9343.48,WALLET,823,799,5,5,0.926,0.793,0,0
TXN-003862,58387.24,UPI,1825,1046,15,5,0.965,0.81,0,0
TXN-003863,75264.28,UPI,838,1340,12,1,0.874,0.688,0,0
TXN-003864,54797.08,CARD,1978,1288,29,1,0.765,0.596,1,1
TXN-003865,70375.1,UPI,1371,739,10,4,0.593,0.714,0,1
TXN-003866,27403.82,WALLET,2495,1232,30,0,0.326,0.704,0,1
TXN-003867,98562.99,CARD,889,1425,27,0,0.212,0.129,1,1
TXN-003868,39346.82,UPI,642,132,8,3,0.758,0.844,0,1
TXN-003869,72356.24,CARD,2489,139,17,2,0.173,0.625,0,0
TXN-003870,53043.71,WALLET,349,969,14,5,0.988,0.365,1,1
TXN-003871,103938.83,NETBANKING,532,1415,18,2,0.556,0.668,0,1
TXN-003872,100068.09,CARD,2241,1462,6,4,0.928,0.797,0,1
TXN-003873,65880.28,WALLET,426,768,24,1,0.351,0.905,0,0
TXN-003874,23581.64,NETBANKING,2044,545,14,2,0.676,0.321,0,0
TXN-003875,36883.89,UPI,504,1128,12,5,0.684,0.526,0,0
TXN-003876,111031.18,NETBANKING,105,1388,11,4,0.111,0.012,1,1
TXN-003877,84345.6,WALLET,1993,1218,16,2,0.254,0.435,1,1
TXN-003878,121716.73,WALLET,1544,398,27,3,0.786,0.296,0,0
TXN-003879,35172.15,WALLET,1814,567,24,4,0.408,0.229,0,1
TXN-003880,129809.83,WALLET,698,1029,4,4,0.925,0.345,0,1
TXN-003881,31089.73,WALLET,1004,591,11,0,0.323,0.165,1,1
TXN-003882,136251.74,UPI,1035,970,5,3,0.026,0.478,1,1
TXN-003883,11497.68,NETBANKING,2407,997,15,1,0.977,0.41,0,0
TXN-003884,91014.09,UPI,1799,611,16,5,0.232,0.436,0,0
TXN-003885,79120.26,WALLET,1227,1037,24,4,0.683,0.346,0,1
TXN-003886,17073.4,NETBANKING,1075,541,26,5,0.601,0.39,0,0
TXN-003887,48087.91,NETBANKING,1962,514,16,3,0.483,0.237,0,1
TXN-003888,76187.61,WALLET,1821,757,13,0,0.785,0.917,0,1
TXN-003889,73967.17,CARD,520,1497,6,4,0.04,0.779,0,0
TXN-003890,48021.4,NETBANKING,465,898,8,3,0.322,0.364,0,0
TXN-003891,10166.87,CARD,1136,621,30,1,0.29,0.126,0,0
TXN-003892,28347.73,CARD,1012,114,25,3,0.336,0.202,0,0
TXN-003893,70898.47,UPI,2337,811,26,1,0.504,0.73,0,0
TXN-003894,78849.56,WALLET,1333,1297,16,4,0.652,0.552,0,0
TXN-003895,140923.44,CARD,195,1205,30,3,0.456,0.581,1,0
TXN-003896,126846.99,WALLET,112,1166,16,5,0.569,0.499,0,0
TXN-003897,118665.39,UPI,1198,569,12,5,0.046,0.704,1,1
TXN-003898,91508.62,UPI,335,36,30,3,0.612,0.711,0,1
TXN-003899,67351.0,CARD,1416,594,13,1,0.016,0.621,0,0
TXN-003900,18247.94,WALLET,1811,655,7,4,0.551,0.771,0,1
TXN-003901,95662.64,UPI,2418,1133,15,5,0.034,0.506,1,1
TXN-003902,49466.69,NETBANKING,822,1415,18,0,0.365,0.742,0,1
TXN-003903,78283.9,NETBANKING,137,929,24,5,0.974,0.349,0,1
TXN-003904,62369.64,CARD,266,264,18,0,0.318,0.548,1,0
TXN-003905,124208.8,CARD,1981,1067,30,2,0.224,0.569,1,1
TXN-003906,146780.72,CARD,1271,173,8,3,0.103,0.241,0,0
TXN-003907,124348.67,NETBANKING,2174,442,2,3,0.559,0.683,1,0
TXN-003908,63815.26,UPI,1735,908,6,1,0.536,0.426,0,0
TXN-003909,71273.02,NETBANKING,1434,1156,12,3,0.785,0.735,0,1
TXN-003910,550.51,WALLET,1972,1350,5,2,0.977,0.294,0,0
TXN-003911,120480.27,UPI,106,1287,18,2,0.806,0.529,0,1
TXN-003912,75627.22,NETBANKING,1936,1289,5,0,0.526,0.153,0,0
TXN-003913,12938.51,UPI,1913,621,19,1,0.117,0.379,1,0
TXN-003914,102111.68,UPI,353,704,21,2,0.63,0.969,0,1
TXN-003915,2595.22,NETBANKING,1805,1359,21,2,0.045,0.041,0,0
TXN-003916,5184.13,CARD,533,1283,16,0,0.406,0.892,1,0
TXN-003917,57725.6,NETBANKING,992,681,14,5,0.348,0.696,1,0
TXN-003918,33867.12,WALLET,865,1152,7,3,0.293,0.14,0,0
TXN-003919,115705.19,UPI,1985,79,17,5,0.221,0.349,0,1
TXN-003920,97070.89,WALLET,1645,1439,8,5,0.607,0.77,0,1
TXN-003921,88795.49,UPI,1120,1437,28,5,0.55,0.761,0,1
TXN-003922,126341.11,UPI,1236,21,22,4,0.376,0.739,0,1
TXN-003923,74722.68,UPI,2417,1027,4,3,0.97,0.959,1,1
TXN-003924,2770.95,NETBANKING,1556,1235,4,5,0.181,0.096,0,0
TXN-003925,48894.69,WALLET,1578,315,12,3,0.232,0.155,0,0
TXN-003926,19171.89,WALLET,2431,1026,15,3,0.172,0.867,1,0
TXN-003927,118787.85,NETBANKING,2001,574,12,0,0.555,0.631,1,1
TXN-003928,135571.09,CARD,367,690,25,3,0.094,0.424,0,1
TXN-003929,141566.52,UPI,1086,518,15,0,0.897,0.333,0,0
TXN-003930,55559.86,WALLET,1071,582,12,5,0.66,0.74,0,0
TXN-003931,42942.39,NETBANKING,1053,177,22,5,0.839,0.798,0,0
TXN-003932,122688.39,UPI,1042,1219,17,3,0.828,0.135,1,1
TXN-003933,121215.36,WALLET,1010,1217,13,2,0.736,0.312,0,0
TXN-003934,464.36,WALLET,1153,1352,22,0,0.311,0.262,0,0
TXN-003935,65356.05,UPI,780,722,7,2,0.155,0.353,0,0
TXN-003936,21592.42,WALLET,625,181,7,4,0.256,0.123,0,1
TXN-003937,1433.18,NETBANKING,1119,272,28,5,0.362,0.141,0,1
TXN-003938,60354.27,UPI,2092,561,21,4,0.923,0.697,0,1
TXN-003939,22779.42,CARD,842,629,2,5,0.664,0.657,0,0
TXN-003940,15887.5,CARD,621,833,16,1,0.451,0.244,0,0
TXN-003941,137391.91,WALLET,1799,597,14,4,0.336,0.507,1,0
TXN-003942,126694.1,WALLET,2202,915,21,5,0.458,0.294,0,1
TXN-003943,91625.17,UPI,825,855,16,2,0.637,0.495,0,1
TXN-003944,106426.58,UPI,1354,471,13,5,0.423,0.439,1,0
TXN-003945,4859.11,UPI,1626,253,29,5,0.711,0.206,0,0
TXN-003946,2320.59,CARD,1239,85,30,1,0.555,0.534,0,1
TXN-003947,47902.81,UPI,2098,33,4,3,0.403,0.541,0,0
TXN-003948,20362.28,UPI,489,1223,8,4,0.529,0.693,1,0
TXN-003949,10887.21,NETBANKING,1131,1369,29,1,0.563,0.544,0,0
TXN-003950,39087.6,UPI,1301,1188,26,0,0.021,0.378,0,0
TXN-003951,126920.18,CARD,1557,724,2,2,0.397,0.951,0,0
TXN-003952,46709.8,WALLET,2262,1309,20,1,0.145,0.924,0,0
TXN-003953,82584.32,CARD,1746,1314,4,1,0.337,0.955,0,1
TXN-003954,43434.68,UPI,1324,984,28,4,0.89,0.496,0,1
TXN-003955,92307.76,UPI,153,1156,20,3,0.643,0.184,0,1
TXN-003956,56187.96,CARD,1716,1132,3,3,0.557,0.81,0,1
TXN-003957,66434.45,CARD,1930,402,2,4,0.686,0.453,0,0
TXN-003958,29332.13,UPI,2469,318,1,0,0.341,0.79,0,0
TXN-003959,6030.47,UPI,727,1336,30,2,0.492,0.514,0,0
TXN-003960,107468.47,CARD,259,474,6,3,0.228,0.117,0,1
TXN-003961,117722.06,CARD,709,277,19,3,0.671,0.175,0,1
TXN-003962,44577.58,CARD,2256,1401,28,2,0.489,0.883,0,0
TXN-003963,75928.41,WALLET,1276,740,20,2,0.455,0.052,0,0
TXN-003964,40512.49,WALLET,888,819,14,4,0.836,0.242,0,0
TXN-003965,97470.16,UPI,1148,689,18,1,0.54,0.361,0,0
TXN-003966,145399.01,UPI,772,237,15,1,0.095,0.879,0,0
TXN-003967,106021.34,UPI,1159,396,7,1,0.11,0.757,0,1
TXN-003968,17418.22,UPI,1280,831,1,0,0.887,0.677,0,0
TXN-003969,127396.2,WALLET,682,357,26,3,0.055,0.567,0,0
TXN-003970,19654.89,WALLET,1633,465,8,0,0.379,0.293,1,0
TXN-003971,1269.46,WALLET,352,1416,15,0,0.602,0.582,0,0
TXN-003972,37582.3,NETBANKING,452,1237,22,5,0.573,0.029,0,1
TXN-003973,124523.87,NETBANKING,1692,904,26,1,0.638,0.157,0,1
TXN-003974,55425.13,WALLET,1771,489,12,1,0.264,0.24,0,0
TXN-003975,120962.26,WALLET,1962,201,2,3,0.414,0.742,0,1
TXN-003976,25224.68,CARD,1501,913,15,3,0.288,0.664,1,1
TXN-003977,12908.97,NETBANKING,785,310,5,5,0.496,0.682,1,0
TXN-003978,101685.67,NETBANKING,669,807,4,2,0.527,0.944,1,1
TXN-003979,109331.58,CARD,405,978,4,2,0.866,0.113,0,1
TXN-003980,39537.85,CARD,1200,1438,26,4,0.312,0.364,0,1
TXN-003981,11247.02,CARD,1818,153,30,5,0.47,0.842,0,0
TXN-003982,138316.31,WALLET,1648,1223,11,2,0.905,0.317,0,1
TXN-003983,122177.14,CARD,1042,16,29,0,0.65,0.795,0,0
TXN-003984,13491.36,UPI,1585,214,7,5,0.877,0.113,0,1
TXN-003985,33326.33,UPI,2140,1294,27,5,0.088,0.162,0,0
TXN-003986,57164.03,WALLET,1064,26,1,0,0.57,0.666,0,0
TXN-003987,117193.85,UPI,1793,1133,27,1,0.852,0.075,0,1
TXN-003988,114369.03,CARD,1241,1354,23,0,0.836,0.253,0,0
TXN-003989,98865.85,WALLET,592,563,30,4,0.146,0.229,0,0
TXN-003990,132357.91,CARD,301,163,14,4,0.262,0.055,1,1
TXN-003991,105283.82,CARD,976,572,30,5,0.423,0.319,0,1
TXN-003992,38642.37,CARD,957,202,14,2,0.58,0.314,0,0
TXN-003993,96871.58,NETBANKING,424,197,23,1,0.476,0.999,0,0
TXN-003994,43661.05,WALLET,992,1296,4,5,0.012,0.496,1,0
TXN-003995,80375.75,NETBANKING,1855,770,2,0,0.557,0.766,0,1
TXN-003996,104355.39,NETBANKING,1140,1309,10,3,0.306,0.498,0,0
TXN-003997,55730.8,WALLET,1019,885,25,4,0.478,0.094,0,1
TXN-003998,142679.77,CARD,314,1364,26,5,0.484,0.863,0,0
TXN-003999,119294.9,CARD,1941,38,3,5,0.116,0.327,0,1
TXN-004000,2775.64,NETBANKING,693,1157,1,2,0.724,0.657,0,0
TXN-004001,72515.58,CARD,2057,139,17,2,0.447,0.153,0,1
TXN-004002,30902.91,CARD,1180,158,14,5,0.095,0.597,0,0
TXN-004003,108186.85,WALLET,728,1000,17,5,0.892,0.611,1,1
TXN-004004,119879.01,UPI,503,308,22,0,0.46,0.583,1,0
TXN-004005,22363.16,CARD,859,495,3,1,0.329,0.486,0,1
TXN-004006,103550.67,CARD,2127,705,25,3,0.123,0.175,0,0
TXN-004007,39254.73,CARD,1144,358,16,5,0.708,0.189,0,0
TXN-004008,34955.22,WALLET,1042,369,30,0,0.676,0.31,0,0
TXN-004009,27851.85,WALLET,2433,489,29,3,0.261,0.37,1,1
TXN-004010,106365.48,NETBANKING,588,702,2,5,0.329,0.567,0,0
TXN-004011,135581.56,UPI,2354,746,12,5,0.848,0.684,0,1
TXN-004012,145167.22,CARD,1620,605,22,1,0.489,0.46,0,1
TXN-004013,78133.67,UPI,1730,1395,26,0,0.128,0.149,0,1
TXN-004014,98989.75,UPI,981,1343,7,0,0.107,0.475,0,0
TXN-004015,101491.88,CARD,1066,830,19,2,0.955,0.832,0,1
TXN-004016,21001.14,CARD,743,468,28,1,0.906,0.558,0,0
TXN-004017,129029.95,WALLET,243,1474,19,2,0.207,0.831,0,1
TXN-004018,147598.73,NETBANKING,2302,901,17,1,0.48,0.169,0,1
TXN-004019,141954.12,CARD,576,770,21,0,0.516,0.617,1,1
TXN-004020,55919.23,CARD,306,920,27,4,0.302,0.714,1,1
TXN-004021,29681.62,NETBANKING,1793,474,18,0,0.096,0.793,0,0
TXN-004022,86271.95,WALLET,693,628,27,2,0.313,0.031,0,1
TXN-004023,137074.41,NETBANKING,1319,1332,17,4,0.13,0.204,0,0
TXN-004024,116880.29,UPI,2275,367,19,5,0.746,0.517,0,0
TXN-004025,20528.59,NETBANKING,2016,986,19,4,0.764,0.962,1,1
TXN-004026,32955.35,UPI,1521,873,25,2,0.1,0.884,0,0
TXN-004027,66992.6,UPI,1562,842,14,5,0.892,0.061,0,0
TXN-004028,35015.9,UPI,2348,142,23,3,0.697,0.999,1,1
TXN-004029,33110.76,CARD,2008,421,24,0,0.841,0.256,0,0
TXN-004030,93453.07,WALLET,35,441,16,4,0.631,0.211,0,0
TXN-004031,87148.41,UPI,60,588,30,2,0.517,0.045,0,1
TXN-004032,124236.01,WALLET,1223,261,10,3,0.559,0.932,0,1
TXN-004033,118422.12,NETBANKING,249,870,11,1,0.576,0.606,0,0
TXN-004034,137287.56,WALLET,491,265,1,3,0.987,0.907,0,1
TXN-004035,121924.33,UPI,960,643,23,5,0.321,0.92,1,1
TXN-004036,113054.06,WALLET,2211,539,9,2,0.435,0.951,0,0
TXN-004037,67144.68,NETBANKING,760,69,11,2,0.056,0.958,0,0
TXN-004038,138190.51,NETBANKING,1720,992,26,2,0.01,0.787,0,0
TXN-004039,96933.69,NETBANKING,2464,1223,22,1,0.035,0.981,0,0
TXN-004040,129627.88,UPI,1242,69,12,5,0.629,0.052,0,0
TXN-004041,126451.3,NETBANKING,1776,736,10,4,0.257,0.976,0,0
TXN-004042,5707.77,NETBANKING,1689,522,28,2,0.252,0.462,1,1
TXN-004043,145168.65,WALLET,1438,349,12,3,0.019,0.994,1,0
TXN-004044,59507.68,CARD,1296,909,14,0,0.083,0.192,0,0
TXN-004045,110798.02,UPI,2078,230,6,5,0.892,0.793,0,1
TXN-004046,98715.5,UPI,2281,1383,4,2,0.566,0.602,0,1
TXN-004047,141018.48,WALLET,290,1019,9,0,0.632,0.684,0,0
TXN-004048,145598.39,WALLET,773,208,21,0,0.691,0.893,0,1
TXN-004049,68839.13,WALLET,238,333,12,2,0.963,0.1,1,0
TXN-004050,41781.75,WALLET,1159,749,25,5,0.505,0.903,0,0
TXN-004051,12691.24,CARD,759,1042,29,0,0.867,0.856,0,0
TXN-004052,40851.25,NETBANKING,2020,1459,20,5,0.157,0.578,0,0
TXN-004053,39996.59,NETBANKING,2172,1179,10,0,0.889,0.574,0,0
TXN-004054,114135.0,NETBANKING,1660,481,29,4,0.155,0.749,1,1
TXN-004055,96638.57,WALLET,1000,980,13,5,0.639,0.806,0,0
TXN-004056,70556.19,CARD,1855,1088,2,2,0.248,0.856,0,0
TXN-004057,128264.92,WALLET,503,868,5,4,0.572,0.307,0,1
TXN-004058,104160.58,WALLET,235,1418,20,0,0.588,0.601,0,1
TXN-004059,38042.44,NETBANKING,2363,1348,21,4,0.211,0.448,1,0
TXN-004060,127040.11,NETBANKING,1723,917,11,4,0.117,0.628,0,0
TXN-004061,110079.43,WALLET,1987,96,22,2,0.856,0.785,0,1
TXN-004062,149154.23,NETBANKING,140,728,26,3,0.846,0.468,0,0
TXN-004063,149403.71,UPI,351,738,12,2,0.256,0.282,1,1
TXN-004064,48633.01,NETBANKING,1596,1291,7,3,0.258,0.906,1,1
TXN-004065,109911.17,WALLET,1599,1379,14,1,0.242,0.338,0,1
TXN-004066,135711.86,NETBANKING,109,1158,29,2,0.952,0.78,0,1
TXN-004067,110086.22,CARD,2163,1281,23,5,0.775,0.475,1,1
TXN-004068,132121.88,WALLET,247,1470,18,4,0.991,0.841,0,1
TXN-004069,3525.33,WALLET,1736,1250,18,0,0.788,0.187,0,0
TXN-004070,46004.18,CARD,2458,585,7,5,0.36,0.057,0,0
TXN-004071,64909.58,CARD,1959,1016,28,3,0.681,0.256,0,1
TXN-004072,149063.18,UPI,2402,229,13,1,0.945,0.428,0,0
TXN-004073,103020.41,CARD,1406,1244,6,2,0.036,0.388,0,1
TXN-004074,71517.15,UPI,1968,1280,17,1,0.208,0.478,0,0
TXN-004075,29581.82,NETBANKING,2374,38,5,1,0.947,0.48,0,0
TXN-004076,64886.18,CARD,1142,1277,10,0,0.552,0.09,0,0
TXN-004077,92014.59,UPI,715,1173,28,2,0.421,0.263,0,0
TXN-004078,81405.7,WALLET,2456,194,9,3,0.915,0.59,0,0
TXN-004079,4221.44,CARD,945,1153,27,5,0.981,0.993,1,0
TXN-004080,102028.42,NETBANKING,632,445,19,2,0.827,0.558,0,1
TXN-004081,129280.56,NETBANKING,652,1086,17,2,0.385,0.474,0,1
TXN-004082,82528.95,NETBANKING,220,499,1,5,0.179,0.449,0,0
TXN-004083,86360.69,UPI,1643,325,12,0,0.949,0.33,0,0
TXN-004084,92646.64,CARD,1139,1341,21,2,0.676,0.703,0,1
TXN-004085,143129.97,WALLET,1997,1207,29,1,0.734,0.88,1,0
TXN-004086,11980.8,CARD,2157,894,15,1,0.506,0.48,0,0
TXN-004087,12611.41,NETBANKING,74,908,13,5,0.872,0.784,1,0
TXN-004088,143583.94,WALLET,1285,375,27,5,0.282,0.744,0,1
TXN-004089,77117.5,CARD,75,586,1,2,0.077,0.896,0,0
TXN-004090,20284.21,NETBANKING,1022,1410,8,3,0.056,0.926,0,0
TXN-004091,138482.09,NETBANKING,1621,455,26,2,0.318,0.079,0,1
TXN-004092,9558.72,UPI,125,234,24,2,0.511,0.369,0,0
TXN-004093,13835.12,CARD,1955,118,23,0,0.724,0.716,0,0
TXN-004094,13932.1,WALLET,1473,850,1,3,0.999,0.007,0,1
TXN-004095,32039.88,WALLET,182,171,27,0,0.098,0.881,0,0
TXN-004096,11604.7,CARD,653,1487,22,2,0.016,0.0,0,0
TXN-004097,50262.45,WALLET,1651,109,6,5,0.313,0.085,0,0
TXN-004098,108307.89,NETBANKING,1930,171,3,4,0.711,0.031,0,1
TXN-004099,12527.54,NETBANKING,993,144,23,0,0.572,0.328,0,0
TXN-004100,22750.22,WALLET,2460,391,26,5,0.862,0.797,0,1
TXN-004101,62629.17,NETBANKING,1052,1029,27,2,0.376,0.317,0,0
TXN-004102,25454.23,NETBANKING,1642,535,25,0,0.387,0.877,1,0
TXN-004103,117076.02,WALLET,1383,529,29,0,0.739,0.159,0,0
TXN-004104,45086.39,UPI,1568,114,12,4,0.021,0.076,0,0
TXN-004105,73567.36,CARD,1645,1008,24,4,0.381,0.957,0,1
TXN-004106,43524.84,NETBANKING,1143,282,20,2,0.766,0.749,0,0
TXN-004107,9181.7,NETBANKING,179,133,11,0,0.227,0.669,0,0
TXN-004108,37884.76,WALLET,177,601,5,2,0.063,0.726,1,1
TXN-004109,131127.22,UPI,1824,783,22,4,0.079,0.653,0,1
TXN-004110,135260.9,CARD,1745,738,19,3,0.154,0.932,1,1
TXN-004111,110606.08,UPI,1282,516,4,3,0.783,0.322,0,1
TXN-004112,12141.14,WALLET,1425,228,23,5,0.537,0.006,0,0
TXN-004113,26935.01,NETBANKING,1507,743,15,3,0.103,0.625,0,0
TXN-004114,65076.95,WALLET,538,1410,3,4,0.726,0.798,0,1
TXN-004115,129633.8,NETBANKING,841,22,21,4,0.796,0.111,0,0
TXN-004116,111823.76,WALLET,2191,455,7,3,0.954,0.464,0,0
TXN-004117,101712.76,UPI,699,1407,25,0,0.345,0.584,0,0
TXN-004118,94244.71,WALLET,2421,1093,28,4,0.029,0.176,0,0
TXN-004119,119659.84,UPI,2180,443,14,0,0.743,0.86,1,1
TXN-004120,73684.29,UPI,287,827,28,5,0.168,0.047,0,0
TXN-004121,34050.08,NETBANKING,1381,1268,12,4,0.106,0.123,0,0
TXN-004122,65395.39,WALLET,622,1173,13,2,0.542,0.397,0,0
TXN-004123,8247.19,NETBANKING,998,770,17,3,0.188,0.144,0,1
TXN-004124,130976.46,NETBANKING,189,1126,30,0,0.387,0.268,1,1
TXN-004125,139724.12,CARD,2290,1020,30,0,0.817,0.536,0,0
TXN-004126,113224.91,UPI,19,896,13,2,0.54,0.515,0,0
TXN-004127,113494.48,NETBANKING,1764,127,8,5,0.812,0.837,0,1
TXN-004128,91422.13,WALLET,157,787,9,4,0.862,0.683,0,0
TXN-004129,896.69,NETBANKING,1915,1251,2,5,0.83,0.315,1,1
TXN-004130,70536.5,CARD,2002,1342,17,4,0.024,0.849,0,1
TXN-004131,149668.33,UPI,196,657,30,5,0.795,0.897,0,0
TXN-004132,49327.65,WALLET,860,1111,17,0,0.542,0.18,0,0
TXN-004133,76627.13,NETBANKING,11,911,6,2,0.315,0.184,0,0
TXN-004134,54173.19,NETBANKING,1515,115,4,1,0.329,0.253,0,0
TXN-004135,82973.37,WALLET,1416,28,24,2,0.122,0.983,1,0
TXN-004136,95301.95,UPI,2101,51,12,5,0.093,0.289,0,0
TXN-004137,140454.59,UPI,2018,529,21,0,0.978,0.735,0,1
TXN-004138,87113.54,CARD,886,316,16,3,0.7,0.145,0,1
TXN-004139,76688.16,CARD,173,1162,30,1,0.674,0.178,0,0
TXN-004140,7779.98,WALLET,814,843,26,0,0.439,0.149,0,0
TXN-004141,91500.62,NETBANKING,355,281,21,2,0.535,0.814,1,0
TXN-004142,58466.74,NETBANKING,777,883,10,1,0.968,0.35,0,0
TXN-004143,135179.02,NETBANKING,2442,574,12,3,0.552,0.117,0,0
TXN-004144,137430.41,WALLET,954,1338,30,0,0.534,0.617,1,0
TXN-004145,117180.25,CARD,190,264,7,0,0.281,0.81,0,0
TXN-004146,103756.13,CARD,425,1355,19,3,0.004,0.145,0,1
TXN-004147,38850.0,UPI,1272,503,25,4,0.917,0.929,0,1
TXN-004148,121785.91,CARD,1593,88,24,1,0.464,0.477,1,0
TXN-004149,30460.33,UPI,1462,421,16,1,0.53,0.843,1,1
TXN-004150,132450.88,UPI,2312,943,1,0,0.609,0.993,1,1
TXN-004151,75047.78,WALLET,1483,204,17,5,0.922,0.139,0,0
TXN-004152,60624.38,CARD,2071,1329,21,0,0.879,0.544,1,1
TXN-004153,56822.39,WALLET,2066,1395,30,4,0.063,0.907,0,1
TXN-004154,129851.54,NETBANKING,704,1115,22,2,0.377,0.504,0,1
TXN-004155,11354.28,WALLET,2445,275,6,5,0.285,0.666,1,0
TXN-004156,66485.58,CARD,506,85,18,0,0.531,0.264,0,0
TXN-004157,38845.93,WALLET,2257,1175,2,2,0.897,0.534,0,0
TXN-004158,119407.79,WALLET,1876,1300,5,3,0.06,0.1,0,1
TXN-004159,63432.37,WALLET,1220,115,11,5,0.606,0.578,0,0
TXN-004160,79727.53,UPI,867,912,17,1,0.922,0.642,0,1
TXN-004161,19095.8,WALLET,95,589,29,0,0.334,0.955,0,1
TXN-004162,110126.25,CARD,319,582,27,1,0.973,0.119,0,1
TXN-004163,20715.06,WALLET,2434,1234,9,5,0.252,0.196,0,0
TXN-004164,23941.58,CARD,160,721,21,4,0.478,0.435,0,0
TXN-004165,138245.97,WALLET,2134,562,23,3,0.253,0.014,0,1
TXN-004166,44215.94,WALLET,569,240,20,4,0.698,0.511,0,1
TXN-004167,18869.74,NETBANKING,1232,307,9,2,0.562,0.422,0,0
TXN-004168,85925.81,UPI,1898,332,5,5,0.42,0.616,0,0
TXN-004169,14924.08,NETBANKING,427,467,17,1,0.438,0.924,0,0
TXN-004170,78889.59,CARD,553,416,27,4,0.666,0.606,0,1
TXN-004171,97070.17,NETBANKING,1734,1330,17,5,0.421,0.563,0,1
TXN-004172,54124.31,NETBANKING,2037,551,21,4,0.052,0.914,0,0
TXN-004173,11972.4,NETBANKING,2375,330,14,1,0.481,0.627,0,1
TXN-004174,109488.82,CARD,1753,845,28,2,0.855,0.637,0,1
TXN-004175,90769.77,UPI,2321,172,1,0,0.597,0.43,0,0
TXN-004176,141420.85,CARD,159,112,4,3,0.885,0.869,0,1
TXN-004177,130390.69,NETBANKING,641,9,30,5,0.315,0.821,0,1
TXN-004178,82533.48,WALLET,809,116,16,1,0.158,0.412,0,0
TXN-004179,135156.87,UPI,188,917,2,5,0.532,0.668,0,0
TXN-004180,14071.66,NETBANKING,4,1310,5,2,0.034,0.022,0,1
TXN-004181,68811.5,WALLET,1054,503,10,4,0.646,0.763,0,1
TXN-004182,64715.26,NETBANKING,250,656,7,2,0.499,0.49,0,1
TXN-004183,61746.39,CARD,2083,766,23,4,0.877,0.192,1,1
TXN-004184,89965.89,WALLET,1297,1155,30,5,0.187,0.26,0,0
TXN-004185,24631.24,CARD,936,102,26,0,0.399,0.941,0,0
TXN-004186,36990.04,CARD,2471,1014,15,5,0.279,0.643,0,1
TXN-004187,107662.38,CARD,2430,1439,10,2,0.679,0.525,0,0
TXN-004188,8163.5,WALLET,1862,266,9,5,0.636,0.393,0,1
TXN-004189,130191.04,CARD,1212,211,19,0,0.41,0.628,0,1
TXN-004190,85888.63,NETBANKING,1195,356,20,4,0.165,0.57,0,0
TXN-004191,19757.06,CARD,2060,260,14,2,0.506,0.96,0,0
TXN-004192,130008.05,CARD,1165,1057,19,0,0.002,0.643,0,1
TXN-004193,127308.0,NETBANKING,937,542,22,2,0.892,0.35,0,0
TXN-004194,33520.85,CARD,1087,564,2,5,0.869,0.692,1,1
TXN-004195,97881.68,UPI,981,1211,11,4,0.648,0.239,0,0
TXN-004196,92944.69,WALLET,858,1416,24,0,0.156,0.164,0,1
TXN-004197,46354.25,CARD,388,1352,17,0,0.319,0.263,0,0
TXN-004198,95383.49,WALLET,213,999,2,2,0.856,0.444,1,0
TXN-004199,108257.81,WALLET,534,789,22,1,0.186,0.405,0,1
TXN-004200,50273.06,CARD,14,1016,20,4,0.053,0.739,0,1
TXN-004201,149812.12,CARD,1807,1238,30,4,0.499,0.664,0,1
TXN-004202,93295.16,CARD,1593,1159,26,0,0.811,0.301,0,1
TXN-004203,101861.54,CARD,2077,743,15,5,0.89,0.154,0,1
TXN-004204,111380.73,UPI,413,859,26,2,0.105,0.603,1,1
TXN-004205,139284.91,WALLET,2226,1012,4,2,0.643,0.735,0,1
TXN-004206,97175.13,CARD,292,1363,7,5,0.299,0.495,0,0
TXN-004207,63510.89,UPI,1904,778,12,5,0.051,0.113,0,0
TXN-004208,25812.33,WALLET,1261,1358,20,4,0.357,0.816,1,1
TXN-004209,849.3,UPI,513,667,8,4,0.897,0.053,0,1
TXN-004210,105056.49,NETBANKING,884,1016,27,3,0.986,0.208,1,1
TXN-004211,136038.85,CARD,2040,588,22,3,0.775,0.179,1,1
TXN-004212,13418.32,NETBANKING,670,1369,9,1,0.539,0.134,0,0
TXN-004213,90428.52,UPI,1272,1334,10,2,0.654,0.268,0,0
TXN-004214,47404.53,WALLET,721,1297,9,5,0.203,0.278,1,0
TXN-004215,67068.67,UPI,1454,923,28,1,0.666,0.414,0,0
TXN-004216,8912.93,UPI,2219,320,12,0,0.646,0.119,0,0
TXN-004217,79734.86,WALLET,535,39,16,2,0.579,0.274,0,1
TXN-004218,136782.51,WALLET,1649,1492,15,5,0.376,0.01,0,1
TXN-004219,40620.56,NETBANKING,7,167,1,1,0.392,0.372,0,0
TXN-004220,69269.54,WALLET,1618,743,24,3,0.882,0.725,1,1
TXN-004221,45198.99,UPI,1383,6,14,4,0.324,0.021,0,1
TXN-004222,91832.46,NETBANKING,1746,1440,6,0,0.311,0.485,0,0
TXN-004223,125670.5,NETBANKING,903,948,8,0,0.322,0.776,0,0
TXN-004224,110.48,WALLET,2164,144,21,3,0.149,0.202,1,1
TXN-004225,130161.59,WALLET,457,104,14,3,0.122,0.604,0,0
TXN-004226,69000.03,NETBANKING,2361,121,9,0,0.12,0.657,1,0
TXN-004227,64668.18,CARD,426,1218,19,2,0.412,0.032,1,1
TXN-004228,82470.68,NETBANKING,1722,142,28,1,0.15,0.863,1,1
TXN-004229,100462.77,WALLET,2217,1059,10,5,0.469,0.85,1,1
TXN-004230,32597.75,NETBANKING,1652,1088,24,3,0.538,0.431,0,0
TXN-004231,138097.45,CARD,960,26,28,0,0.57,0.44,0,1
TXN-004232,50009.17,NETBANKING,66,237,26,1,0.852,0.802,0,1
TXN-004233,22792.98,UPI,269,671,13,3,0.765,0.522,0,1
TXN-004234,23991.16,CARD,1204,831,10,4,0.643,0.833,0,0
TXN-004235,63079.04,NETBANKING,230,1164,9,5,0.64,0.664,0,0
TXN-004236,85551.93,CARD,1922,1104,3,1,0.118,0.654,1,1
TXN-004237,76947.35,UPI,989,781,26,4,0.803,0.026,0,1
TXN-004238,110075.59,NETBANKING,2452,537,2,2,0.682,0.546,0,0
TXN-004239,33488.56,NETBANKING,638,1013,18,4,0.887,1.0,0,1
TXN-004240,126292.73,UPI,87,1278,17,3,0.957,0.05,0,0
TXN-004241,124905.86,NETBANKING,331,879,29,5,0.427,0.723,0,1
TXN-004242,70042.77,CARD,2496,570,6,0,0.409,0.865,0,1
TXN-004243,77879.9,NETBANKING,2271,315,9,5,0.012,0.623,0,0
TXN-004244,88452.36,NETBANKING,1984,362,10,0,0.033,0.059,0,1
TXN-004245,117977.9,WALLET,379,917,12,4,0.558,0.435,0,0
TXN-004246,95086.79,WALLET,1718,541,21,0,0.61,0.59,0,1
TXN-004247,54498.23,UPI,339,21,5,3,0.232,0.262,1,0
TXN-004248,66515.7,WALLET,1940,113,18,2,0.577,0.85,0,1
TXN-004249,35294.73,NETBANKING,1519,541,7,5,0.278,0.538,0,0
TXN-004250,95074.95,UPI,495,642,21,2,0.477,0.602,0,0
TXN-004251,15488.51,NETBANKING,1510,509,6,1,0.471,0.014,0,0
TXN-004252,69480.54,CARD,1310,307,22,5,0.22,0.279,0,1
TXN-004253,30757.0,NETBANKING,1977,1180,29,3,0.326,0.437,1,0
TXN-004254,132983.32,NETBANKING,78,26,14,5,0.259,0.691,0,0
TXN-004255,45792.48,CARD,1199,86,16,5,0.541,0.519,0,0
TXN-004256,78282.93,CARD,2362,388,28,5,0.749,0.023,0,0
TXN-004257,54244.1,WALLET,892,780,1,4,0.06,0.352,0,0
TXN-004258,113384.3,UPI,1675,943,12,0,0.064,0.37,0,0
TXN-004259,148231.95,CARD,1232,196,27,2,0.937,0.444,0,1
TXN-004260,81768.53,WALLET,867,999,3,1,0.987,0.988,1,1
TXN-004261,4750.58,NETBANKING,1017,1037,6,4,0.935,0.551,0,0
TXN-004262,98242.06,CARD,1599,677,15,5,0.748,0.845,0,1
TXN-004263,43293.39,UPI,650,1283,11,3,0.155,0.169,0,0
TXN-004264,115764.41,NETBANKING,1102,270,19,4,0.687,0.387,0,1
TXN-004265,83894.23,WALLET,182,1493,14,4,0.593,0.652,1,1
TXN-004266,5637.09,WALLET,2168,409,17,5,0.152,0.141,0,0
TXN-004267,77492.87,WALLET,61,627,23,1,0.485,0.373,0,0
TXN-004268,36895.42,CARD,52,738,13,4,0.333,0.953,0,1
TXN-004269,5280.84,WALLET,1230,151,5,1,0.319,0.547,1,0
TXN-004270,141492.29,WALLET,128,1076,3,0,0.884,0.004,0,0
TXN-004271,26245.53,CARD,1640,53,8,3,0.511,0.508,0,0
TXN-004272,115503.94,CARD,1999,276,25,0,0.84,0.174,0,0
TXN-004273,31940.84,CARD,298,1465,19,0,0.684,0.504,0,0
TXN-004274,44626.13,CARD,192,1211,16,4,0.969,0.329,0,1
TXN-004275,83343.06,UPI,270,1077,28,5,0.473,0.463,1,0
TXN-004276,103906.41,CARD,430,252,6,3,0.357,0.692,0,1
TXN-004277,8683.55,CARD,438,273,3,3,0.528,0.448,0,1
TXN-004278,36750.23,CARD,2024,645,17,4,0.551,0.873,1,1
TXN-004279,25096.92,WALLET,896,50,28,2,0.116,0.344,0,0
TXN-004280,13505.68,UPI,40,1178,12,1,0.097,0.043,0,0
TXN-004281,125852.86,NETBANKING,264,462,13,5,0.17,0.195,0,1
TXN-004282,67372.52,UPI,724,62,28,4,0.653,0.56,0,1
TXN-004283,129850.21,NETBANKING,1590,1262,13,0,0.865,0.236,0,0
TXN-004284,74350.14,WALLET,642,75,21,5,0.282,0.049,1,1
TXN-004285,126388.74,CARD,1438,469,8,1,0.362,0.112,0,0
TXN-004286,48886.24,UPI,147,640,27,4,0.272,0.938,0,1
TXN-004287,134165.3,UPI,1385,206,7,1,0.658,0.029,0,1
TXN-004288,129755.93,CARD,1202,1,16,2,0.093,0.842,0,1
TXN-004289,35905.06,UPI,911,787,8,5,0.98,0.956,0,1
TXN-004290,33270.63,UPI,2409,656,28,4,0.019,0.012,1,1
TXN-004291,21327.78,WALLET,2000,739,2,0,0.713,0.431,0,0
TXN-004292,54472.17,UPI,923,1183,9,5,0.904,0.37,0,1
TXN-004293,111459.16,CARD,241,201,17,0,0.763,0.915,0,1
TXN-004294,428.38,WALLET,1426,216,20,4,0.548,0.604,0,0
TXN-004295,16902.47,WALLET,1430,67,15,2,0.12,0.983,1,1
TXN-004296,135550.63,WALLET,1452,43,9,3,0.094,0.391,0,0
TXN-004297,136130.79,NETBANKING,804,1238,22,3,0.346,0.538,1,1
TXN-004298,24783.69,CARD,15,527,28,4,0.979,0.08,0,1
TXN-004299,101076.55,CARD,1165,1000,13,2,0.088,0.291,0,1
TXN-004300,136041.17,WALLET,1211,691,7,0,0.864,0.363,0,1
TXN-004301,84033.92,UPI,204,298,21,4,0.898,0.98,1,1
TXN-004302,29450.33,NETBANKING,1740,521,5,3,0.688,0.594,0,0
TXN-004303,5799.36,UPI,2317,1067,6,2,0.323,0.645,0,0
TXN-004304,99785.62,WALLET,169,309,27,1,0.418,0.44,0,1
TXN-004305,64241.01,CARD,711,744,6,2,0.323,0.916,0,1
TXN-004306,14086.62,WALLET,764,383,18,0,0.907,0.346,0,1
TXN-004307,101877.21,UPI,1591,507,15,4,0.036,0.771,0,1
TXN-004308,66897.14,CARD,866,1252,24,3,0.618,0.904,0,0
TXN-004309,63550.39,NETBANKING,1778,224,5,0,0.781,0.943,0,1
TXN-004310,61378.1,WALLET,1541,532,15,4,0.817,0.382,0,1
TXN-004311,138262.01,UPI,319,1329,28,2,0.248,0.984,1,1
TXN-004312,132429.76,CARD,2108,885,4,0,0.144,0.344,0,1
TXN-004313,79354.03,CARD,1321,1400,11,1,0.011,0.186,1,1
TXN-004314,84706.43,UPI,2306,1084,2,2,0.186,0.856,1,0
TXN-004315,50895.46,UPI,1774,1002,8,0,0.734,0.541,0,0
TXN-004316,79141.39,UPI,429,883,21,3,0.464,0.402,0,0
TXN-004317,97038.94,UPI,1346,27,28,3,0.881,0.579,0,0
TXN-004318,44056.28,NETBANKING,1427,1448,9,0,0.85,0.591,0,0
TXN-004319,68244.22,WALLET,1929,425,18,5,0.305,0.116,0,1
TXN-004320,63749.13,NETBANKING,2456,946,20,1,0.563,0.18,0,1
TXN-004321,71432.56,CARD,1084,468,16,0,0.191,0.862,1,1
TXN-004322,148245.07,NETBANKING,1676,831,25,2,0.683,0.976,0,1
TXN-004323,46297.85,UPI,1837,814,17,5,0.856,0.15,1,1
TXN-004324,104305.95,UPI,1768,69,30,2,0.81,0.627,1,1
TXN-004325,1214.33,NETBANKING,763,487,14,5,0.24,0.25,0,0
TXN-004326,6884.35,CARD,309,1077,9,1,0.287,0.188,0,0
TXN-004327,112466.77,CARD,1696,255,3,0,0.74,0.287,0,1
TXN-004328,30825.41,WALLET,2207,987,29,1,0.733,0.312,0,0
TXN-004329,119045.88,WALLET,1251,926,29,1,0.064,0.098,0,0
TXN-004330,60738.29,CARD,1940,1305,24,0,0.014,0.868,1,1
TXN-004331,29232.21,UPI,1222,1121,22,2,0.474,0.736,0,0
TXN-004332,65092.02,UPI,1084,141,17,5,0.621,0.751,0,1
TXN-004333,60381.8,CARD,2277,1080,26,1,0.432,0.467,0,1
TXN-004334,140907.86,WALLET,892,889,27,1,0.078,0.564,0,1
TXN-004335,136643.74,CARD,2415,413,17,5,0.996,0.306,0,1
TXN-004336,134725.12,CARD,1136,1163,4,5,0.081,0.286,0,0
TXN-004337,108830.67,CARD,2298,1415,14,4,0.81,0.203,0,1
TXN-004338,133218.96,CARD,1997,1425,25,4,0.103,0.075,0,0
TXN-004339,27891.93,CARD,140,359,3,1,0.398,0.063,0,0
TXN-004340,46705.19,WALLET,2135,932,13,0,0.155,0.493,1,0
TXN-004341,62104.23,NETBANKING,2174,1043,3,0,0.339,0.03,1,0
TXN-004342,80600.32,CARD,2176,1046,22,1,0.444,0.634,1,0
TXN-004343,85141.95,UPI,2279,318,26,1,0.787,0.646,1,1
TXN-004344,85868.71,CARD,2432,649,8,3,0.59,0.729,0,1
TXN-004345,25192.25,NETBANKING,2096,849,4,5,0.085,0.432,0,0
TXN-004346,122657.98,WALLET,2042,1132,1,0,0.679,0.279,0,0
TXN-004347,41614.88,UPI,617,1150,29,0,0.255,0.438,0,0
TXN-004348,30311.76,WALLET,525,584,18,3,0.308,0.33,0,0
TXN-004349,81726.3,WALLET,288,983,30,1,0.803,0.13,0,0
TXN-004350,3897.55,WALLET,772,1252,29,5,0.687,0.641,0,0
TXN-004351,128985.87,UPI,1748,737,25,3,0.292,0.698,1,1
TXN-004352,143710.58,WALLET,1658,1451,8,5,0.247,0.741,0,0
TXN-004353,135938.39,NETBANKING,1449,454,11,3,0.453,0.714,1,1
TXN-004354,103230.05,NETBANKING,1390,1035,8,3,0.074,0.973,1,1
TXN-004355,46876.99,CARD,779,1269,29,3,0.038,0.131,0,1
TXN-004356,52775.97,WALLET,2034,1312,2,1,0.121,0.479,1,0
TXN-004357,118443.47,UPI,1631,223,24,0,0.963,0.438,0,0
TXN-004358,88406.09,UPI,913,1041,27,5,0.957,0.304,0,1
TXN-004359,23598.93,UPI,2100,1498,13,2,0.319,0.12,1,0
TXN-004360,15340.83,WALLET,13,1016,28,5,0.746,0.207,0,1
TXN-004361,93410.03,UPI,682,1385,16,2,0.588,0.182,0,0
TXN-004362,60589.74,WALLET,1493,748,11,3,0.301,0.378,0,0
TXN-004363,102854.35,WALLET,14,699,13,0,0.871,0.337,0,1
TXN-004364,107589.48,NETBANKING,475,105,19,3,0.007,0.029,0,0
TXN-004365,61262.23,UPI,1405,397,3,3,0.378,0.021,0,1
TXN-004366,56241.34,WALLET,2417,188,17,0,0.293,0.23,0,1
TXN-004367,49926.73,NETBANKING,1077,806,26,0,0.385,0.191,0,1
TXN-004368,29233.98,CARD,1271,1246,23,4,0.953,0.588,0,0
TXN-004369,117230.97,UPI,2105,955,25,2,0.518,0.036,0,0
TXN-004370,29025.16,CARD,1253,1079,15,2,0.334,0.138,0,0
TXN-004371,131987.29,WALLET,232,338,6,5,0.742,0.607,0,1
TXN-004372,141568.64,UPI,669,174,26,1,0.275,0.85,0,0
TXN-004373,91038.15,UPI,168,974,6,2,0.401,0.782,1,1
TXN-004374,37506.24,WALLET,860,859,12,3,0.864,0.975,0,0
TXN-004375,55606.43,UPI,1167,203,8,3,0.486,0.483,0,0
TXN-004376,120700.92,CARD,527,1474,5,2,0.87,0.383,0,1
TXN-004377,63309.26,NETBANKING,1346,925,19,0,0.809,0.03,1,1
TXN-004378,100535.4,CARD,2205,1444,20,5,0.278,0.298,1,1
TXN-004379,88242.03,WALLET,2341,572,4,1,0.675,0.387,0,0
TXN-004380,90689.82,WALLET,2468,17,17,3,0.518,0.232,0,1
TXN-004381,103935.95,NETBANKING,2393,79,24,5,0.899,0.285,0,0
TXN-004382,39135.76,NETBANKING,763,939,2,3,0.138,0.3,0,0
TXN-004383,61853.52,UPI,2465,685,9,3,0.827,0.163,0,0
TXN-004384,68510.45,UPI,1007,1252,4,2,0.382,0.007,0,0
TXN-004385,141100.14,UPI,936,644,14,4,0.95,0.609,0,1
TXN-004386,97044.66,WALLET,1968,941,1,5,0.47,0.029,0,0
TXN-004387,90134.49,CARD,1321,807,15,4,0.93,1.0,0,1
TXN-004388,121505.52,CARD,377,982,25,3,0.067,0.403,0,0
TXN-004389,110249.72,WALLET,287,827,29,1,0.796,0.766,0,0
TXN-004390,17995.07,UPI,811,292,24,3,0.13,0.685,1,1
TXN-004391,91545.26,WALLET,1625,751,26,2,0.567,0.453,0,1
TXN-004392,40426.73,CARD,1052,1154,21,2,0.287,0.132,0,1
TXN-004393,135767.64,UPI,313,1435,6,4,0.616,0.897,1,1
TXN-004394,137576.75,CARD,77,728,8,3,0.321,0.289,0,1
TXN-004395,92886.81,UPI,158,164,20,1,0.877,0.188,0,0
TXN-004396,2285.67,NETBANKING,504,642,21,3,0.327,0.69,0,0
TXN-004397,62644.67,UPI,715,984,15,5,0.955,0.571,0,1
TXN-004398,124361.85,WALLET,1273,317,1,0,0.551,0.256,0,0
TXN-004399,56793.05,WALLET,718,1179,27,5,0.771,0.053,0,1
TXN-004400,32149.48,NETBANKING,259,1304,21,3,0.888,0.668,0,0
TXN-004401,31871.36,WALLET,1514,1436,29,2,0.281,0.748,0,1
TXN-004402,113920.48,NETBANKING,1685,932,22,1,0.436,0.303,0,0
TXN-004403,141522.67,CARD,2090,1233,4,2,0.68,0.827,0,0
TXN-004404,96129.36,CARD,1405,1290,23,3,0.125,0.985,0,1
TXN-004405,148462.15,UPI,1017,1038,10,5,0.455,0.333,0,0
TXN-004406,38671.54,UPI,1898,1378,9,4,0.088,0.869,0,0
TXN-004407,131552.92,CARD,1067,107,25,2,0.672,0.315,0,1
TXN-004408,11804.17,UPI,1645,1264,1,5,0.627,0.431,0,0
TXN-004409,68204.55,WALLET,638,673,8,0,0.232,0.316,0,0
TXN-004410,144891.49,NETBANKING,1112,262,18,0,0.688,0.254,0,0
TXN-004411,24819.88,CARD,441,1178,12,0,0.956,0.56,0,0
TXN-004412,51406.26,CARD,2384,56,28,0,0.24,0.272,0,0
TXN-004413,23942.87,WALLET,583,52,29,2,0.681,0.769,0,0
TXN-004414,108751.41,WALLET,605,1035,10,4,0.498,0.385,0,0
TXN-004415,33024.06,CARD,2435,498,20,4,0.773,0.208,0,1
TXN-004416,80970.52,NETBANKING,1823,1121,15,4,0.921,0.785,1,1
TXN-004417,84923.29,WALLET,738,1487,28,4,0.242,0.446,0,0
TXN-004418,10770.74,WALLET,1481,1293,21,4,0.857,0.68,0,0
TXN-004419,95292.15,UPI,1847,599,11,3,0.157,0.319,0,1
TXN-004420,31458.91,CARD,1833,204,18,5,0.508,0.357,0,1
TXN-004421,87006.87,UPI,542,71,16,2,0.886,0.663,0,1
TXN-004422,118993.14,UPI,1896,589,7,4,0.021,0.399,0,0
TXN-004423,74290.15,CARD,170,306,10,5,0.794,0.825,0,0
TXN-004424,35405.5,UPI,2352,991,3,4,0.653,0.749,0,1
TXN-004425,8782.89,CARD,1629,1001,30,1,0.61,0.97,0,0
TXN-004426,94566.72,CARD,1776,170,21,3,0.415,0.42,0,0
TXN-004427,73358.22,CARD,1420,375,15,2,0.42,0.135,0,1
TXN-004428,102735.38,CARD,47,1335,1,0,0.737,0.08,1,1
TXN-004429,49646.44,UPI,244,1009,10,0,0.807,0.383,0,0
TXN-004430,5748.78,WALLET,100,608,5,4,0.857,0.235,0,1
TXN-004431,19692.45,NETBANKING,1565,517,9,3,0.116,0.381,0,0
TXN-004432,143912.73,CARD,2013,929,17,4,0.886,0.165,0,1
TXN-004433,5999.31,WALLET,660,1246,1,4,0.661,0.471,1,0
TXN-004434,98329.82,WALLET,250,707,25,3,0.271,0.638,0,0
TXN-004435,55617.63,NETBANKING,1843,1214,1,1,0.806,0.225,0,0
TXN-004436,112578.49,NETBANKING,2004,1236,3,0,0.818,0.761,1,0
TXN-004437,141241.63,NETBANKING,2212,1467,28,3,0.314,0.217,0,1
TXN-004438,125927.41,CARD,1084,435,1,2,0.612,0.545,0,0
TXN-004439,421.5,CARD,1609,960,12,2,0.262,0.347,1,0
TXN-004440,118506.34,UPI,1739,432,17,1,0.341,0.104,0,1
TXN-004441,126418.83,NETBANKING,2077,336,3,3,0.802,0.175,0,0
TXN-004442,129849.73,UPI,1058,1134,30,5,0.989,0.013,1,1
TXN-004443,11953.26,CARD,1505,1029,1,2,0.305,0.88,0,0
TXN-004444,102244.62,WALLET,1982,260,3,0,0.134,0.107,0,1
TXN-004445,79667.14,UPI,1860,852,29,3,0.974,0.913,0,1
TXN-004446,139823.41,WALLET,828,1339,15,0,0.073,0.452,0,0
TXN-004447,78944.34,WALLET,1123,859,24,2,0.101,0.473,0,0
TXN-004448,126002.44,WALLET,2250,1166,11,1,0.636,0.292,0,1
TXN-004449,68958.95,WALLET,2206,1194,27,4,0.64,0.491,0,0
TXN-004450,85923.95,UPI,1590,1284,29,3,0.034,0.725,0,0
TXN-004451,4616.84,NETBANKING,70,1260,12,5,0.646,0.062,0,0
TXN-004452,149339.37,UPI,2499,779,24,5,0.631,0.223,0,0
TXN-004453,73200.85,WALLET,619,690,23,4,0.419,0.702,0,0
TXN-004454,94378.53,CARD,943,1035,25,2,0.092,0.126,1,1
TXN-004455,82176.51,UPI,1315,1474,23,5,0.409,0.054,0,0
TXN-004456,86395.61,UPI,1440,172,21,4,0.215,0.931,0,1
TXN-004457,48327.57,UPI,2140,1022,15,4,0.629,0.757,0,0
TXN-004458,44289.53,NETBANKING,386,1442,14,3,0.388,0.094,1,0
TXN-004459,36287.83,WALLET,1172,1024,10,1,0.603,0.201,0,0
TXN-004460,78421.53,UPI,2475,1473,21,1,0.584,0.336,0,0
TXN-004461,88425.91,NETBANKING,1428,543,17,1,0.378,0.438,0,1
TXN-004462,138706.76,NETBANKING,2135,197,5,5,0.769,0.841,0,0
TXN-004463,33518.86,UPI,1050,214,20,3,0.975,0.742,0,1
TXN-004464,107282.45,CARD,1243,822,28,4,0.401,0.798,0,1
TXN-004465,10072.99,NETBANKING,296,945,4,1,0.372,0.657,1,0
TXN-004466,96395.3,UPI,1340,15,21,0,0.354,0.885,0,0
TXN-004467,143254.09,WALLET,1704,860,10,4,0.46,0.298,0,1
TXN-004468,68474.95,UPI,2030,1098,25,1,0.197,0.607,1,0
TXN-004469,131066.14,CARD,1050,743,5,2,0.826,0.803,1,1
TXN-004470,2418.34,CARD,1494,509,10,0,0.487,0.7,0,0
TXN-004471,121130.95,UPI,423,1321,25,4,0.656,0.033,0,0
TXN-004472,69425.16,CARD,2328,1313,22,5,0.887,0.629,1,0
TXN-004473,47076.03,NETBANKING,1154,1147,29,5,0.008,0.099,0,1
TXN-004474,133007.75,WALLET,431,659,13,5,0.502,0.338,1,0
TXN-004475,14507.1,WALLET,1155,556,16,4,0.91,0.252,1,0
TXN-004476,4416.49,CARD,683,1160,21,0,0.862,0.261,0,1
TXN-004477,112352.6,UPI,634,1423,19,1,0.465,0.252,0,0
TXN-004478,83309.09,CARD,2150,30,30,1,0.238,0.879,0,1
TXN-004479,62166.77,UPI,2271,17,12,4,0.544,0.669,0,1
TXN-004480,37189.59,UPI,1361,400,15,4,0.154,0.972,1,1
TXN-004481,117917.9,CARD,210,391,1,3,0.071,0.985,1,0
TXN-004482,63672.86,CARD,682,420,28,5,0.59,0.378,0,1
TXN-004483,40440.19,NETBANKING,278,1185,18,0,0.445,0.838,0,0
TXN-004484,92985.61,CARD,2435,632,28,1,0.662,0.409,0,1
TXN-004485,25207.33,WALLET,821,1146,19,5,0.82,0.487,0,1
TXN-004486,13358.14,CARD,941,492,12,2,0.849,0.504,0,0
TXN-004487,97453.9,NETBANKING,1639,1342,7,5,0.516,0.609,0,0
TXN-004488,4108.99,NETBANKING,2274,1000,12,1,0.019,0.636,1,1
TXN-004489,107964.29,UPI,2498,610,3,3,0.468,0.328,0,1
TXN-004490,89410.19,UPI,1126,673,28,2,0.922,0.081,0,1
TXN-004491,24344.36,NETBANKING,1382,1057,10,4,0.739,0.27,0,0
TXN-004492,86489.92,CARD,1724,377,18,4,0.97,0.347,1,0
TXN-004493,74038.11,CARD,88,115,18,5,0.662,0.355,0,0
TXN-004494,74710.91,CARD,1319,915,11,5,0.147,0.908,0,1
TXN-004495,122910.22,NETBANKING,1728,1025,1,5,0.688,0.269,1,1
TXN-004496,50985.12,UPI,524,433,13,1,0.273,0.187,1,0
TXN-004497,101789.76,UPI,555,707,4,4,0.693,0.393,0,1
TXN-004498,40470.33,WALLET,208,1273,12,3,0.689,0.898,0,0
TXN-004499,68765.98,CARD,223,1406,18,1,0.333,0.132,1,0
TXN-004500,14264.12,UPI,152,1467,23,3,0.25,0.641,0,0
TXN-004501,123013.8,CARD,187,1389,5,1,0.195,0.316,1,0
TXN-004502,68557.45,CARD,1773,1138,25,5,0.751,0.931,0,1
TXN-004503,67453.72,NETBANKING,1422,285,11,4,0.414,0.324,0,1
TXN-004504,143477.76,WALLET,1096,1026,16,4,0.168,0.401,1,1
TXN-004505,6839.82,UPI,720,704,12,2,0.405,0.265,0,0
TXN-004506,93293.45,NETBANKING,559,1199,9,5,0.627,0.509,0,1
TXN-004507,122757.12,NETBANKING,1524,73,11,5,0.745,0.212,0,1
TXN-004508,90543.32,NETBANKING,434,135,17,0,0.591,0.648,0,0
TXN-004509,54659.39,NETBANKING,1335,1155,9,1,0.178,0.524,0,0
TXN-004510,139664.07,CARD,1183,157,20,5,0.615,0.847,0,1
TXN-004511,970.72,UPI,1546,905,23,3,0.295,0.818,0,0
TXN-004512,81871.04,UPI,2430,1065,11,4,0.155,0.099,0,0
TXN-004513,86058.93,NETBANKING,1927,518,20,1,0.969,0.306,0,0
TXN-004514,77565.24,CARD,2072,856,3,3,0.632,0.091,1,0
TXN-004515,57526.59,NETBANKING,2145,1381,2,4,0.293,0.081,1,0
TXN-004516,24468.34,UPI,1832,1156,24,0,0.64,0.028,0,0
TXN-004517,20211.28,WALLET,82,759,11,5,0.846,0.299,0,0
TXN-004518,93213.57,WALLET,1735,1174,11,2,0.565,0.84,0,0
TXN-004519,34149.58,WALLET,2124,496,15,1,0.109,0.52,0,0
TXN-004520,46126.68,CARD,967,536,11,4,0.717,0.202,0,0
TXN-004521,27250.6,NETBANKING,1308,1024,3,0,0.766,0.994,0,0
TXN-004522,50008.11,NETBANKING,2446,258,17,3,0.201,0.496,0,1
TXN-004523,69754.32,UPI,532,1075,24,0,0.044,0.38,0,1
TXN-004524,44582.95,CARD,851,574,22,3,0.002,0.65,0,1
TXN-004525,55059.38,NETBANKING,303,1455,13,5,0.179,0.805,0,0
TXN-004526,49683.04,UPI,1475,1477,24,0,0.269,0.64,0,0
TXN-004527,14388.37,CARD,811,1370,13,4,0.366,0.263,0,1
TXN-004528,7788.59,CARD,1007,684,10,5,0.471,0.877,0,0
TXN-004529,139147.33,NETBANKING,972,94,25,3,0.895,0.961,0,1
TXN-004530,54899.08,CARD,1939,746,28,5,0.165,0.268,1,1
TXN-004531,56169.71,CARD,897,685,12,2,0.402,0.509,1,0
TXN-004532,23160.69,NETBANKING,860,1255,19,3,0.297,0.79,1,1
TXN-004533,51850.89,NETBANKING,2001,1458,7,1,0.907,0.003,1,1
TXN-004534,58308.21,NETBANKING,42,623,9,3,0.884,0.37,0,0
TXN-004535,2426.35,WALLET,1605,711,26,2,0.516,0.765,0,1
TXN-004536,140003.5,WALLET,546,336,7,1,0.289,0.042,0,1
TXN-004537,35937.86,UPI,2352,216,28,0,0.827,0.853,0,0
TXN-004538,37012.74,CARD,1393,1212,3,5,0.797,0.091,0,0
TXN-004539,146389.32,CARD,2243,815,4,1,0.816,0.216,1,1
TXN-004540,137435.4,UPI,1105,5,23,1,0.636,0.93,0,1
TXN-004541,110762.7,CARD,700,589,8,0,0.149,0.691,0,1
TXN-004542,28683.15,WALLET,2157,1237,6,4,0.659,0.161,0,1
TXN-004543,87949.14,WALLET,2324,197,23,1,0.336,0.759,1,0
TXN-004544,17574.47,WALLET,1683,377,19,2,0.894,0.696,0,0
TXN-004545,119996.87,NETBANKING,230,1101,25,4,0.868,0.458,0,1
TXN-004546,135775.25,UPI,2261,388,1,5,0.465,0.597,0,0
TXN-004547,35698.54,UPI,528,994,7,0,0.721,0.334,0,0
TXN-004548,73533.48,CARD,1759,384,19,1,0.291,0.812,1,1
TXN-004549,129757.18,CARD,2228,1488,24,1,0.691,0.194,1,1
TXN-004550,64883.29,CARD,679,382,6,4,0.854,0.197,0,1
TXN-004551,139177.44,CARD,670,446,11,4,0.994,0.385,0,0
TXN-004552,129283.44,NETBANKING,174,1473,22,0,0.999,0.299,0,1
TXN-004553,24144.33,CARD,1031,758,13,3,0.675,0.522,1,0
TXN-004554,34081.49,NETBANKING,142,573,14,1,0.694,0.614,0,0
TXN-004555,68916.19,UPI,1444,403,28,2,0.553,0.812,0,0
TXN-004556,67072.29,NETBANKING,327,1498,29,4,0.022,0.242,0,1
TXN-004557,72384.51,NETBANKING,243,1042,23,1,0.345,0.909,0,1
TXN-004558,104751.6,CARD,58,12,16,0,0.56,0.874,0,1
TXN-004559,45594.76,NETBANKING,1614,1396,15,2,0.466,0.63,0,0
TXN-004560,14786.32,CARD,1503,1324,13,2,0.041,0.638,0,0
TXN-004561,20995.96,UPI,708,682,27,1,0.677,0.369,0,0
TXN-004562,111924.71,UPI,1508,728,24,3,0.178,0.303,0,1
TXN-004563,61282.74,WALLET,2079,54,26,5,0.934,0.827,0,1
TXN-004564,45402.35,UPI,1018,411,14,2,0.171,0.289,0,0
TXN-004565,23466.82,WALLET,1312,555,28,5,0.733,0.14,0,1
TXN-004566,33176.3,UPI,851,980,3,2,0.149,0.842,0,0
TXN-004567,6547.3,UPI,1373,1385,27,3,0.533,0.651,0,1
TXN-004568,145213.11,UPI,764,335,12,1,0.738,0.771,0,1
TXN-004569,82398.64,UPI,1782,898,21,5,0.668,0.29,0,0
TXN-004570,130378.51,UPI,1912,1350,24,0,0.46,0.079,0,0
TXN-004571,16459.57,NETBANKING,1188,1073,25,0,0.372,0.606,0,1
TXN-004572,110859.74,WALLET,1260,1468,19,5,0.02,0.279,1,0
TXN-004573,98718.31,UPI,1800,348,23,1,0.688,0.732,0,0
TXN-004574,42556.07,CARD,67,1461,14,2,0.057,0.265,0,1
TXN-004575,6111.12,NETBANKING,848,154,1,2,0.37,0.009,0,0
TXN-004576,77083.24,NETBANKING,160,793,14,0,0.771,0.445,0,1
TXN-004577,39805.36,CARD,1416,148,11,3,0.021,0.351,0,0
TXN-004578,71171.93,CARD,267,702,25,1,0.54,0.115,0,1
TXN-004579,136091.55,WALLET,714,1485,16,0,0.256,0.751,1,1
TXN-004580,5460.63,UPI,1728,667,1,5,0.255,0.698,0,0
TXN-004581,52229.67,UPI,148,1018,7,3,0.897,0.187,0,1
TXN-004582,110076.0,NETBANKING,1315,1484,24,1,0.301,0.02,1,0
TXN-004583,5268.91,WALLET,2429,263,11,1,0.813,0.408,0,0
TXN-004584,87389.76,CARD,305,1210,4,5,0.837,0.773,0,1
TXN-004585,107855.51,WALLET,454,1203,5,5,0.701,0.792,0,0
TXN-004586,45954.98,UPI,1374,1455,19,2,0.623,0.801,0,1
TXN-004587,49683.37,UPI,609,830,14,2,0.645,0.479,1,0
TXN-004588,128149.49,WALLET,1141,1124,3,0,0.038,0.07,0,0
TXN-004589,70302.25,NETBANKING,775,40,24,3,0.493,0.498,1,0
TXN-004590,68381.96,UPI,48,1011,1,4,0.691,0.135,0,0
TXN-004591,12578.35,CARD,783,199,12,3,0.576,0.055,0,0
TXN-004592,57863.15,WALLET,672,34,3,3,0.826,0.917,1,0
TXN-004593,101913.43,WALLET,1644,119,29,5,0.562,0.863,1,1
TXN-004594,146635.03,UPI,2272,555,1,5,0.239,0.027,1,0
TXN-004595,100774.24,WALLET,1602,991,7,3,0.021,0.529,0,1
TXN-004596,87523.92,NETBANKING,181,802,13,5,0.404,0.997,0,0
TXN-004597,51121.24,UPI,2156,1323,1,5,0.037,0.831,0,0
TXN-004598,6553.36,CARD,1478,99,23,5,0.591,0.505,0,0
TXN-004599,144509.54,WALLET,1209,639,26,0,0.585,0.749,0,1
TXN-004600,62725.24,WALLET,198,762,1,5,0.18,0.636,1,0
TXN-004601,13922.61,UPI,2068,225,24,2,0.611,0.537,0,0
TXN-004602,91526.14,CARD,549,192,15,3,0.279,0.834,0,0
TXN-004603,65374.48,NETBANKING,1522,48,23,5,0.79,0.279,0,0
TXN-004604,29941.49,UPI,1362,913,12,5,0.94,0.86,0,1
TXN-004605,80803.19,WALLET,147,406,19,0,0.213,0.496,1,1
TXN-004606,54074.25,WALLET,1934,753,28,1,0.772,0.325,0,1
TXN-004607,99242.7,WALLET,1166,414,20,1,0.496,0.518,0,0
TXN-004608,6810.25,UPI,850,1009,18,0,0.856,0.116,0,0
TXN-004609,927.73,CARD,981,527,30,0,0.813,0.405,1,0
TXN-004610,52189.69,NETBANKING,467,821,13,0,0.563,0.499,0,0
TXN-004611,134379.76,UPI,1150,458,26,4,0.289,0.671,0,1
TXN-004612,97063.71,CARD,692,955,23,3,0.132,0.105,0,0
TXN-004613,118762.18,UPI,694,1484,13,0,0.746,0.18,0,1
TXN-004614,49730.65,CARD,373,1449,17,4,0.317,0.541,0,0
TXN-004615,93751.71,CARD,787,1370,19,3,0.979,0.352,1,1
TXN-004616,26516.18,NETBANKING,2280,903,14,0,0.785,0.304,0,0
TXN-004617,127098.97,WALLET,950,774,25,5,0.646,0.62,0,1
TXN-004618,33486.38,WALLET,2470,627,15,3,0.754,0.105,0,1
TXN-004619,85906.65,UPI,650,585,30,4,0.166,0.487,0,0
TXN-004620,44380.88,UPI,1300,143,26,1,0.111,0.814,0,0
TXN-004621,123108.84,WALLET,182,182,1,3,0.945,0.427,0,1
TXN-004622,24093.76,NETBANKING,531,757,28,3,0.361,0.131,1,0
TXN-004623,49513.73,UPI,1232,1479,10,5,0.337,0.689,1,1
TXN-004624,132548.69,CARD,1040,773,13,4,0.755,0.523,0,1
TXN-004625,58756.22,UPI,563,1240,23,3,0.794,0.988,0,0
TXN-004626,51748.54,CARD,91,982,1,3,0.892,0.798,0,0
TXN-004627,105849.19,WALLET,2116,871,1,0,0.359,0.516,0,0
TXN-004628,41645.05,NETBANKING,289,368,20,4,0.149,0.992,0,1
TXN-004629,13135.59,CARD,817,1017,18,4,0.108,0.651,0,0
TXN-004630,3642.9,NETBANKING,911,1078,28,1,0.046,0.2,0,0
TXN-004631,120399.38,WALLET,2083,877,15,3,0.867,0.334,0,1
TXN-004632,112510.54,WALLET,1572,1461,2,5,0.22,0.859,0,0
TXN-004633,10287.53,CARD,1038,967,9,0,0.995,0.764,0,0
TXN-004634,22559.69,NETBANKING,1789,852,23,0,0.641,0.508,0,0
TXN-004635,62544.66,NETBANKING,308,909,17,1,0.695,0.681,0,1
TXN-004636,114394.65,UPI,1067,801,1,0,0.493,0.255,0,1
TXN-004637,134733.32,UPI,252,1492,19,1,0.327,0.677,0,0
TXN-004638,98250.84,WALLET,518,914,17,1,0.626,0.964,0,1
TXN-004639,49339.8,UPI,550,460,10,3,0.762,0.283,0,0
TXN-004640,98837.88,UPI,524,1089,21,1,0.418,0.356,0,1
TXN-004641,33490.48,WALLET,1961,742,13,1,0.454,0.762,0,1
TXN-004642,116884.28,CARD,2479,920,12,4,0.358,0.237,0,1
TXN-004643,7459.28,NETBANKING,1795,69,11,2,0.885,0.495,0,0
TXN-004644,106334.71,CARD,2500,1355,25,5,0.854,0.011,1,1
TXN-004645,103715.96,CARD,1828,128,9,1,0.511,0.331,0,1
TXN-004646,131414.57,CARD,1112,1335,21,2,0.225,0.131,1,0
TXN-004647,36085.26,NETBANKING,1273,554,28,1,0.803,0.061,1,0
TXN-004648,80389.09,UPI,1236,1432,14,4,0.525,0.703,1,0
TXN-004649,67761.74,CARD,1045,1346,6,3,0.166,0.439,0,1
TXN-004650,66870.1,WALLET,793,984,26,4,0.085,0.889,0,1
TXN-004651,111109.11,CARD,1549,971,28,0,0.235,0.528,0,1
TXN-004652,3105.87,CARD,309,1166,23,0,0.398,0.415,0,1
TXN-004653,112035.17,WALLET,2235,1071,24,4,0.643,0.432,0,0
TXN-004654,11491.9,CARD,738,640,15,4,0.974,0.63,0,1
TXN-004655,97872.8,WALLET,1803,87,22,3,0.103,0.842,0,1
TXN-004656,85660.18,WALLET,2498,289,11,3,0.537,0.692,0,0
TXN-004657,89688.55,UPI,107,1271,7,2,0.758,0.223,0,1
TXN-004658,40480.97,NETBANKING,1960,197,3,2,0.876,0.518,0,0
TXN-004659,83650.0,NETBANKING,346,911,3,4,0.968,0.451,0,1
TXN-004660,98008.55,CARD,480,430,4,3,0.902,0.298,0,1
TXN-004661,133467.41,CARD,1429,661,1,1,0.961,0.245,0,1
TXN-004662,24158.39,NETBANKING,1653,924,11,4,0.069,0.579,1,0
TXN-004663,114468.28,WALLET,1931,87,8,0,0.703,0.48,0,0
TXN-004664,108860.13,NETBANKING,2261,402,6,0,0.067,0.266,0,0
TXN-004665,58314.02,CARD,1623,965,20,4,0.516,0.804,0,1
TXN-004666,35367.39,NETBANKING,1278,1474,10,4,0.508,0.117,0,0
TXN-004667,117619.33,WALLET,791,1157,5,5,0.027,0.821,0,1
TXN-004668,148838.26,NETBANKING,602,1262,20,1,0.756,0.09,0,1
TXN-004669,143555.55,NETBANKING,206,883,20,5,0.483,0.9,0,1
TXN-004670,20245.08,UPI,387,284,30,0,0.216,0.151,1,0
TXN-004671,123114.68,UPI,430,756,29,0,0.781,0.951,0,0
TXN-004672,73561.67,WALLET,323,891,18,0,0.723,0.977,1,0
TXN-004673,5814.47,UPI,26,670,22,5,0.27,0.42,0,0
TXN-004674,115341.72,UPI,1124,433,30,1,0.416,0.916,0,1
TXN-004675,15443.21,UPI,491,705,9,4,0.332,0.631,1,0
TXN-004676,113810.77,WALLET,2439,221,20,3,0.842,0.993,1,1
TXN-004677,10062.38,WALLET,1200,135,16,5,0.416,0.954,1,1
TXN-004678,126154.89,NETBANKING,2351,620,18,5,0.204,0.398,1,0
TXN-004679,148058.84,WALLET,2130,28,4,0,0.34,0.982,0,1
TXN-004680,57811.69,CARD,2493,614,12,5,0.845,0.196,0,1
TXN-004681,8917.33,WALLET,137,239,12,1,0.335,0.804,0,0
TXN-004682,119178.63,NETBANKING,1770,354,30,2,0.677,0.998,1,0
TXN-004683,45134.68,WALLET,177,543,14,2,0.551,0.701,0,0
TXN-004684,14680.5,WALLET,2336,1500,7,1,0.717,0.032,0,0
TXN-004685,100865.33,NETBANKING,409,165,30,5,0.566,0.37,1,1
TXN-004686,35243.44,UPI,1624,820,16,3,0.687,0.624,0,1
TXN-004687,76153.34,NETBANKING,2066,776,17,5,0.043,0.695,0,1
TXN-004688,2200.1,CARD,1338,1106,27,5,0.324,0.514,0,1
TXN-004689,3653.69,WALLET,1932,423,25,0,0.153,0.368,1,0
TXN-004690,103197.82,NETBANKING,841,1418,2,3,0.252,0.459,1,0
TXN-004691,38526.11,UPI,2427,715,23,5,0.118,0.274,0,0
TXN-004692,83077.5,CARD,1583,154,16,0,0.002,0.968,1,1
TXN-004693,98609.73,CARD,788,1363,9,4,0.925,0.008,1,0
TXN-004694,24895.49,NETBANKING,1020,1434,19,3,0.146,0.842,0,1
TXN-004695,15259.13,CARD,2311,1111,15,0,0.063,0.84,1,0
TXN-004696,18261.5,CARD,2412,524,4,3,0.806,0.11,0,0
TXN-004697,35203.79,NETBANKING,155,1227,13,5,0.343,0.757,0,1
TXN-004698,58262.53,WALLET,2309,612,17,0,0.917,0.845,0,1
TXN-004699,24788.08,CARD,899,1426,1,0,0.42,0.58,0,0
TXN-004700,93884.25,WALLET,1904,504,6,1,0.548,0.647,0,0
TXN-004701,15006.18,CARD,1259,577,13,1,0.175,0.505,0,0
TXN-004702,96508.28,NETBANKING,819,1050,22,5,0.571,0.641,0,1
TXN-004703,114518.37,NETBANKING,663,1075,21,0,0.436,0.231,0,0
TXN-004704,73826.28,UPI,108,1434,17,3,0.185,0.287,0,0
TXN-004705,55964.94,UPI,1433,944,29,4,0.509,0.837,0,1
TXN-004706,13752.27,NETBANKING,2429,732,23,2,0.167,0.424,0,1
TXN-004707,14494.61,CARD,526,1130,10,1,0.264,0.524,0,0
TXN-004708,3471.96,CARD,312,1318,30,3,0.989,0.384,0,0
TXN-004709,21926.85,NETBANKING,1375,1005,17,0,0.988,0.244,0,0
TXN-004710,129517.52,CARD,1528,466,2,1,0.06,0.138,0,1
TXN-004711,17423.63,CARD,270,577,14,2,0.833,0.185,0,0
TXN-004712,71771.55,UPI,1521,688,22,4,0.138,0.133,0,1
TXN-004713,99123.0,WALLET,218,627,19,3,0.4,0.935,0,0
TXN-004714,52795.38,WALLET,1253,160,3,1,0.348,0.854,0,0
TXN-004715,57108.79,CARD,1832,1448,13,1,0.218,0.411,0,0
TXN-004716,136619.52,NETBANKING,2045,644,2,5,0.949,0.356,0,1
TXN-004717,10000.86,WALLET,34,1500,10,1,0.129,0.7,1,0
TXN-004718,107688.58,CARD,862,1131,3,2,0.232,0.112,0,0
TXN-004719,110823.4,WALLET,1260,1389,10,3,0.582,0.04,0,0
TXN-004720,79105.19,NETBANKING,279,226,4,2,0.494,0.903,0,0
TXN-004721,137034.3,WALLET,482,660,21,2,0.936,0.516,0,1
TXN-004722,19621.11,WALLET,729,1483,27,2,0.339,0.509,0,0
TXN-004723,127616.32,WALLET,284,576,15,5,0.551,0.346,0,1
TXN-004724,104087.51,UPI,277,1020,17,2,0.632,0.279,0,0
TXN-004725,123812.44,NETBANKING,697,566,10,1,0.442,0.826,0,1
TXN-004726,7918.82,NETBANKING,2207,814,26,5,0.459,0.12,1,1
TXN-004727,78959.72,WALLET,1805,1321,8,2,0.824,0.464,1,1
TXN-004728,77730.25,NETBANKING,1536,1435,5,3,0.896,0.692,0,0
TXN-004729,124446.65,UPI,1302,851,16,2,0.855,0.121,0,1
TXN-004730,115145.35,NETBANKING,1408,1356,15,4,0.457,0.807,0,1
TXN-004731,66350.62,UPI,1265,1293,21,2,0.337,0.21,0,0
TXN-004732,15671.63,NETBANKING,428,310,16,1,0.962,0.588,0,0
TXN-004733,83177.83,WALLET,1835,1415,5,2,0.052,0.366,0,0
TXN-004734,15780.37,WALLET,1183,1300,18,2,0.431,0.156,0,0
TXN-004735,113918.99,NETBANKING,885,897,10,1,0.505,0.135,0,1
TXN-004736,7788.09,UPI,15,857,10,4,0.406,0.458,0,1
TXN-004737,9348.98,UPI,1142,1052,15,3,0.047,0.411,0,1
TXN-004738,5129.07,CARD,659,241,24,4,0.342,0.721,1,0
TXN-004739,8975.42,UPI,1731,1492,12,0,0.397,0.568,0,0
TXN-004740,78023.5,NETBANKING,1439,260,7,3,0.25,0.907,0,0
TXN-004741,4185.21,UPI,699,68,18,4,0.375,0.404,0,1
TXN-004742,118442.47,CARD,1004,382,4,2,0.12,0.963,0,1
TXN-004743,56508.53,CARD,2362,836,1,2,0.523,0.354,0,0
TXN-004744,31848.29,CARD,736,68,16,0,0.902,0.217,0,0
TXN-004745,24978.82,WALLET,1040,1266,30,4,0.87,0.913,1,0
TXN-004746,73047.07,NETBANKING,674,1108,24,3,0.033,0.486,0,0
TXN-004747,79515.38,CARD,2059,1057,2,0,0.104,0.807,0,1
TXN-004748,140144.1,CARD,852,1085,8,2,0.924,0.164,0,1
TXN-004749,6730.97,NETBANKING,2148,62,13,5,0.242,0.187,0,0
TXN-004750,61523.29,NETBANKING,450,1461,6,3,0.105,0.724,0,0
TXN-004751,19556.55,CARD,805,1349,19,4,0.469,0.132,0,1
TXN-004752,57890.63,UPI,1278,970,22,3,0.073,0.149,1,0
TXN-004753,97308.79,NETBANKING,1080,602,3,4,0.748,0.758,0,0
TXN-004754,130044.22,CARD,1698,939,30,0,0.33,0.206,0,1
TXN-004755,67720.43,CARD,1124,814,22,2,0.772,0.982,0,1
TXN-004756,114028.73,NETBANKING,354,175,19,4,0.031,0.405,0,1
TXN-004757,28001.71,WALLET,1988,1240,3,0,0.077,0.491,0,0
TXN-004758,90456.9,CARD,1861,366,26,4,0.077,0.597,0,1
TXN-004759,127228.16,CARD,1427,506,18,2,0.071,0.443,0,1
TXN-004760,60841.64,WALLET,663,328,22,2,0.863,0.929,1,1
TXN-004761,2207.72,CARD,963,1358,10,0,0.514,0.733,0,0
TXN-004762,58915.56,UPI,1441,1300,19,1,0.852,0.415,0,0
TXN-004763,3637.0,UPI,1972,1206,12,3,0.336,0.051,0,0
TXN-004764,72732.24,NETBANKING,56,1262,7,5,0.409,0.814,0,0
TXN-004765,92856.9,UPI,962,455,15,0,0.265,0.682,0,1
TXN-004766,123620.29,WALLET,2330,467,19,1,0.631,0.685,1,0
TXN-004767,49226.48,CARD,2043,854,24,1,0.611,0.729,0,0
TXN-004768,130835.8,CARD,579,634,1,5,0.471,0.798,1,1
TXN-004769,92597.31,NETBANKING,2058,215,21,5,0.416,0.075,1,0
TXN-004770,75974.47,UPI,2457,1095,18,5,0.062,0.019,0,1
TXN-004771,26631.56,CARD,1101,619,11,1,0.186,0.359,0,0
TXN-004772,34962.15,CARD,1984,368,6,1,0.102,0.315,0,0
TXN-004773,7622.67,UPI,1608,1267,28,4,0.188,0.874,1,1
TXN-004774,14580.74,WALLET,1386,1439,25,0,0.422,0.547,0,0
TXN-004775,117511.71,UPI,921,409,19,3,0.426,0.722,0,1
TXN-004776,22426.23,WALLET,1619,625,30,3,0.066,0.68,1,1
TXN-004777,134487.05,UPI,1858,318,7,5,0.573,0.583,0,0
TXN-004778,49509.48,NETBANKING,223,842,30,1,0.433,0.695,1,0
TXN-004779,118186.45,WALLET,1877,862,21,2,0.355,0.619,1,0
TXN-004780,89582.14,WALLET,2398,907,13,0,0.741,0.138,0,0
TXN-004781,85857.91,NETBANKING,427,593,8,3,0.667,0.738,0,0
TXN-004782,44584.0,UPI,1713,319,14,1,0.12,0.468,0,0
TXN-004783,21854.33,CARD,1236,269,21,0,0.81,0.794,0,0
TXN-004784,13987.38,UPI,953,528,15,1,0.104,0.327,0,0
TXN-004785,54866.51,CARD,2292,670,1,4,0.736,0.235,0,1
TXN-004786,47179.52,NETBANKING,359,446,11,5,0.426,0.202,0,1
TXN-004787,65980.44,UPI,2480,1380,21,0,0.894,0.381,0,1
TXN-004788,94269.93,NETBANKING,1067,433,8,5,0.634,0.945,0,1
TXN-004789,72766.22,WALLET,2231,1171,5,5,0.674,0.033,1,0
TXN-004790,96780.74,NETBANKING,1397,1129,23,0,0.174,0.512,0,0
TXN-004791,101174.78,WALLET,2347,1407,4,4,0.664,0.514,0,0
TXN-004792,55435.18,NETBANKING,2445,1240,7,0,0.92,0.322,0,1
TXN-004793,32626.02,WALLET,455,457,14,3,0.692,0.849,0,1
TXN-004794,123922.5,NETBANKING,1117,494,8,3,0.682,0.484,0,1
TXN-004795,19145.35,NETBANKING,1982,9,14,4,0.753,0.854,0,1
TXN-004796,68069.11,NETBANKING,2,1358,22,3,0.622,0.451,1,1
TXN-004797,21207.36,UPI,1118,183,18,3,0.17,0.195,1,0
TXN-004798,133341.47,WALLET,1285,1413,30,4,0.385,0.258,0,0
TXN-004799,132538.27,CARD,1490,706,8,0,0.453,0.335,0,0
TXN-004800,15510.76,UPI,1209,1446,8,4,0.846,0.903,0,1
TXN-004801,130969.61,CARD,1551,977,11,2,0.346,0.418,1,1
TXN-004802,13442.97,CARD,1458,1352,25,0,0.617,0.392,0,1
TXN-004803,49580.36,NETBANKING,658,1039,25,4,0.186,0.116,0,0
TXN-004804,148758.11,WALLET,2097,443,29,2,0.203,0.359,0,0
TXN-004805,69539.93,WALLET,1677,507,17,2,0.512,0.392,1,1
TXN-004806,106922.58,NETBANKING,929,999,23,3,0.196,0.405,1,1
TXN-004807,69272.69,UPI,1791,760,28,1,0.965,0.342,0,0
TXN-004808,90863.71,NETBANKING,196,871,22,4,0.521,0.337,0,0
TXN-004809,35397.22,UPI,2486,1176,24,3,0.704,0.521,0,1
TXN-004810,87100.05,NETBANKING,899,175,10,4,0.705,0.263,0,1
TXN-004811,108359.32,UPI,2375,823,15,3,0.147,0.91,1,1
TXN-004812,5045.82,UPI,1516,326,24,5,0.692,0.637,0,1
TXN-004813,37797.99,WALLET,1766,779,30,1,0.05,0.453,0,0
TXN-004814,100098.52,UPI,2388,58,13,5,0.656,0.767,0,1
TXN-004815,25520.29,CARD,1149,836,4,2,0.726,0.272,0,1
TXN-004816,23025.72,CARD,570,108,19,1,0.823,0.088,0,1
TXN-004817,87812.91,NETBANKING,184,132,26,5,0.094,0.441,0,0
TXN-004818,8316.63,NETBANKING,1517,660,5,1,0.482,0.188,1,0
TXN-004819,144029.98,WALLET,1413,984,23,2,0.313,0.928,0,1
TXN-004820,57388.13,CARD,864,504,25,5,0.558,0.892,0,1
TXN-004821,137845.46,CARD,1192,1150,7,0,0.559,0.295,0,1
TXN-004822,119217.77,WALLET,1044,1355,28,5,0.263,0.582,0,0
TXN-004823,84938.74,NETBANKING,487,994,22,3,0.739,0.625,0,1
TXN-004824,103121.66,CARD,174,1441,27,3,0.111,0.72,0,1
TXN-004825,79744.5,UPI,1569,1374,1,3,0.665,0.569,0,0
TXN-004826,56493.73,UPI,348,1355,26,0,0.544,0.948,0,0
TXN-004827,35407.1,CARD,1635,1183,22,3,0.91,0.77,0,1
TXN-004828,132424.56,CARD,1466,867,10,2,0.659,0.904,1,1
TXN-004829,136495.3,WALLET,758,1072,13,1,0.592,0.566,0,0
TXN-004830,2597.43,CARD,949,1029,23,2,0.968,0.144,0,1
TXN-004831,51816.1,UPI,1071,657,1,4,0.044,0.643,0,0
TXN-004832,20852.12,WALLET,990,1260,11,1,0.576,0.639,0,0
TXN-004833,107716.76,CARD,902,437,30,4,0.184,0.384,0,0
TXN-004834,44393.56,UPI,730,1418,10,4,0.389,0.521,1,1
TXN-004835,83645.22,NETBANKING,1357,374,1,0,0.002,0.923,0,0
TXN-004836,46295.33,NETBANKING,2013,1218,5,0,0.447,0.057,0,1
TXN-004837,28398.1,CARD,697,211,24,5,0.452,0.328,1,1
TXN-004838,116628.16,CARD,2352,153,1,1,0.176,0.691,0,1
TXN-004839,73069.08,UPI,225,308,30,4,0.454,0.595,0,0
TXN-004840,132704.88,UPI,638,884,7,3,0.056,0.056,1,0
TXN-004841,139790.14,CARD,852,1438,1,1,0.158,0.103,0,1
TXN-004842,79927.31,CARD,484,337,16,2,0.418,0.099,0,1
TXN-004843,86607.84,NETBANKING,2301,363,21,4,0.947,0.962,0,1
TXN-004844,87050.03,CARD,2450,1486,11,4,0.033,0.896,1,0
TXN-004845,11355.28,NETBANKING,2042,747,30,1,0.761,0.428,0,0
TXN-004846,136075.59,CARD,1429,855,30,2,0.77,0.354,0,0
TXN-004847,65601.49,NETBANKING,1325,1387,16,3,0.723,0.322,1,0
TXN-004848,141165.26,UPI,1624,951,20,5,0.774,0.414,0,1
TXN-004849,56171.02,UPI,1283,1263,5,2,0.413,0.456,0,0
TXN-004850,56747.8,WALLET,1463,95,28,5,0.545,0.785,0,1
TXN-004851,1108.53,WALLET,903,1039,23,1,0.505,0.032,0,0
TXN-004852,114477.53,NETBANKING,1,1290,21,1,0.028,0.615,0,1
TXN-004853,27747.95,CARD,2299,26,6,4,0.817,0.721,0,0
TXN-004854,131839.47,CARD,2018,775,8,2,0.956,0.096,0,1
TXN-004855,127964.37,UPI,1291,1373,4,1,0.673,0.948,0,0
TXN-004856,84089.8,CARD,2238,642,8,5,0.99,0.227,1,1
TXN-004857,94134.56,UPI,1775,1210,12,1,0.944,0.922,1,1
TXN-004858,82563.66,WALLET,1318,163,5,0,0.571,0.044,1,0
TXN-004859,45359.06,WALLET,1022,130,4,0,0.287,0.607,0,0
TXN-004860,3915.8,UPI,221,645,22,0,0.282,0.995,0,0
TXN-004861,15388.42,WALLET,1103,127,1,5,0.362,0.491,1,1
TXN-004862,100891.0,NETBANKING,1465,1230,24,2,0.168,0.016,0,1
TXN-004863,76387.78,NETBANKING,368,1053,6,4,0.627,0.949,0,0
TXN-004864,124990.59,WALLET,713,665,11,0,0.706,0.311,0,0
TXN-004865,86107.48,WALLET,1515,917,25,3,0.981,0.982,0,1
TXN-004866,4541.56,WALLET,380,1374,14,4,0.276,0.211,0,0
TXN-004867,81342.08,CARD,1556,1231,11,2,0.588,0.364,0,0
TXN-004868,9332.13,WALLET,2389,1269,28,1,0.886,0.416,0,0
TXN-004869,100955.75,NETBANKING,2450,59,14,0,0.851,0.645,0,1
TXN-004870,1714.31,CARD,1451,158,22,1,0.027,0.624,0,0
TXN-004871,106299.72,WALLET,2391,225,11,3,0.205,0.261,0,0
TXN-004872,139101.02,WALLET,821,419,16,2,0.567,0.512,0,1
TXN-004873,81137.74,WALLET,2166,1020,28,0,0.113,0.516,0,0
TXN-004874,35124.03,WALLET,2499,668,29,5,0.936,0.208,0,1
TXN-004875,41395.24,WALLET,52,1371,15,0,0.145,0.503,1,1
TXN-004876,111877.32,WALLET,168,1050,24,0,0.192,0.948,0,0
TXN-004877,140741.36,CARD,222,626,10,4,0.294,0.814,0,1
TXN-004878,73672.19,UPI,1702,524,19,2,0.476,0.803,0,0
TXN-004879,100325.53,NETBANKING,2422,35,1,5,0.782,0.632,1,1
TXN-004880,41321.52,UPI,2043,90,23,0,0.539,0.781,0,1
TXN-004881,73879.95,NETBANKING,859,528,2,1,0.987,0.907,0,0
TXN-004882,49880.83,UPI,2040,458,8,1,0.922,0.521,0,0
TXN-004883,114032.78,UPI,335,1287,29,2,0.857,0.613,0,1
TXN-004884,149893.46,WALLET,720,167,3,3,0.953,0.009,0,1
TXN-004885,77172.08,UPI,544,549,1,3,0.84,0.656,0,0
TXN-004886,95456.77,CARD,1593,313,27,4,0.128,0.756,0,1
TXN-004887,128066.75,UPI,983,555,9,4,0.377,0.919,1,1
TXN-004888,19974.44,UPI,2158,585,17,4,0.93,0.257,0,0
TXN-004889,65932.77,NETBANKING,1208,955,27,1,0.659,0.764,0,1
TXN-004890,125172.37,CARD,442,918,27,2,0.412,0.569,1,0
TXN-004891,122015.0,NETBANKING,414,581,10,2,0.305,0.694,0,1
TXN-004892,10326.29,NETBANKING,1304,328,11,1,0.703,0.512,1,0
TXN-004893,47768.48,UPI,2295,1251,8,0,0.25,0.981,0,1
TXN-004894,35715.57,UPI,917,895,23,4,0.617,0.499,0,0
TXN-004895,73202.66,WALLET,543,904,24,0,0.999,0.251,0,1
TXN-004896,24708.79,NETBANKING,7,1468,7,4,0.677,0.275,0,0
TXN-004897,20702.93,CARD,1865,300,2,3,0.298,0.069,0,1
TXN-004898,71678.35,UPI,1760,484,6,1,0.596,0.925,1,0
TXN-004899,31539.6,NETBANKING,653,199,1,4,0.341,0.529,0,0
TXN-004900,139334.56,CARD,1701,464,6,0,0.527,0.281,0,0
TXN-004901,83560.28,NETBANKING,2079,1155,23,5,0.578,0.973,0,0
TXN-004902,119871.31,NETBANKING,743,1150,4,3,0.818,0.711,0,1
TXN-004903,96414.64,WALLET,1046,389,7,5,0.918,0.745,0,1
TXN-004904,46374.03,CARD,1163,1155,22,3,0.712,0.769,0,0
TXN-004905,40631.26,CARD,759,597,5,2,0.775,0.828,0,0
TXN-004906,12249.09,WALLET,922,229,13,1,0.222,0.293,0,0
TXN-004907,98334.52,WALLET,700,627,9,3,0.503,0.839,0,1
TXN-004908,20391.15,CARD,1499,1016,20,4,0.942,0.432,1,1
TXN-004909,45562.89,UPI,2331,1031,27,5,0.179,0.765,0,0
TXN-004910,54056.89,UPI,1805,787,19,4,0.629,0.077,0,1
TXN-004911,140104.6,WALLET,2020,1038,19,2,0.107,0.406,0,0
TXN-004912,7342.64,NETBANKING,1131,608,1,1,0.467,0.39,0,0
TXN-004913,58405.51,NETBANKING,1931,754,3,0,0.983,0.019,0,0
TXN-004914,52387.07,NETBANKING,980,1200,25,3,0.994,0.237,0,0
TXN-004915,122574.68,UPI,2240,552,26,2,0.503,0.866,0,0
TXN-004916,16162.54,UPI,2196,326,7,3,0.194,0.853,0,0
TXN-004917,14096.34,UPI,843,1475,3,0,0.154,0.153,0,0
TXN-004918,57600.6,WALLET,1208,1141,24,1,0.676,0.16,0,0
TXN-004919,127344.07,WALLET,1379,1442,22,2,0.494,0.223,0,1
TXN-004920,44604.52,NETBANKING,2438,110,7,3,0.338,0.355,0,0
TXN-004921,30683.15,CARD,1048,895,14,3,0.867,0.745,0,0
TXN-004922,104723.95,WALLET,303,1010,10,5,0.44,0.012,0,0
TXN-004923,113443.66,NETBANKING,700,1418,2,2,0.597,0.427,0,1
TXN-004924,67539.25,UPI,1538,557,8,3,0.083,0.842,0,0
TXN-004925,28437.74,WALLET,910,142,4,3,0.046,0.348,0,0
TXN-004926,84966.3,NETBANKING,759,189,4,5,0.639,0.948,0,0
TXN-004927,38334.66,UPI,1423,47,22,5,0.261,0.841,0,0
TXN-004928,62442.3,UPI,2176,1049,8,2,0.527,0.748,0,0
TXN-004929,48170.92,WALLET,1529,1256,15,4,0.565,0.761,0,1
TXN-004930,110074.25,CARD,2380,1328,2,5,0.769,0.303,0,0
TXN-004931,49059.81,NETBANKING,2397,1014,29,5,0.528,0.062,0,0
TXN-004932,72233.18,CARD,1301,477,2,4,0.107,0.53,1,0
TXN-004933,78413.53,NETBANKING,1529,222,4,4,0.903,0.679,0,1
TXN-004934,10747.06,CARD,1902,689,6,1,0.439,0.106,0,0
TXN-004935,93441.24,NETBANKING,1580,391,11,0,0.802,0.559,0,0
TXN-004936,54998.84,CARD,171,1153,23,1,0.376,0.221,0,1
TXN-004937,121069.03,NETBANKING,444,1274,16,1,0.71,0.831,0,0
TXN-004938,31777.98,WALLET,1344,1087,1,3,0.568,0.72,0,1
TXN-004939,144046.27,WALLET,318,389,29,0,0.75,0.95,0,1
TXN-004940,15291.08,NETBANKING,1688,940,19,0,0.552,0.476,0,1
TXN-004941,95582.06,WALLET,2340,294,15,2,0.61,0.49,0,1
TXN-004942,2531.99,WALLET,2496,1335,27,3,0.471,0.052,1,1
TXN-004943,77093.74,CARD,1518,1290,22,5,0.782,0.381,0,1
TXN-004944,584.62,NETBANKING,999,930,2,0,0.5,0.829,0,0
TXN-004945,112569.21,CARD,479,347,23,3,0.56,0.218,1,1
TXN-004946,126745.77,UPI,500,157,25,4,0.909,0.734,1,1
TXN-004947,108969.52,UPI,22,783,30,3,0.436,0.518,0,1
TXN-004948,147111.84,NETBANKING,1249,163,3,3,0.229,0.179,0,1
TXN-004949,85156.23,NETBANKING,554,1209,30,2,0.507,0.386,0,1
TXN-004950,9530.69,WALLET,81,320,27,2,0.253,0.301,1,1
TXN-004951,5501.44,CARD,1129,321,29,5,0.084,0.518,0,0
TXN-004952,39579.84,UPI,1358,1425,15,2,0.618,0.971,0,1
TXN-004953,145261.79,CARD,1716,441,8,2,0.179,0.115,0,1
TXN-004954,66450.55,UPI,796,315,1,1,0.017,0.09,0,1
TXN-004955,15969.42,WALLET,1842,872,27,5,0.786,0.462,0,1
TXN-004956,111859.52,UPI,2044,400,20,0,0.044,0.834,0,1
TXN-004957,104725.51,WALLET,1710,802,28,3,0.758,0.437,1,1
TXN-004958,23583.15,WALLET,1278,1250,20,0,0.907,0.637,0,1
TXN-004959,62312.6,NETBANKING,1053,657,21,4,0.849,0.733,0,1
TXN-004960,107573.27,UPI,1005,1409,27,5,0.45,0.345,0,1
TXN-004961,111982.34,CARD,715,1068,30,3,0.77,0.146,0,1
TXN-004962,63994.87,NETBANKING,1053,1095,21,2,0.128,0.861,1,0
TXN-004963,103320.11,NETBANKING,1127,1327,2,1,0.892,0.03,0,0
TXN-004964,127483.5,CARD,1576,852,11,4,0.294,0.899,0,0
TXN-004965,32340.32,CARD,1252,682,24,1,0.218,0.388,1,0
TXN-004966,116151.5,WALLET,1495,992,22,2,0.303,0.902,0,0
TXN-004967,146668.37,UPI,464,414,8,5,0.467,0.397,1,0
TXN-004968,100831.38,WALLET,33,204,30,2,0.877,0.115,0,0
TXN-004969,79296.31,WALLET,630,434,3,2,0.243,0.273,1,1
TXN-004970,81849.2,WALLET,1384,80,19,0,0.376,0.898,0,1
TXN-004971,133058.78,CARD,495,760,3,0,0.656,0.604,0,1
TXN-004972,86779.37,NETBANKING,1208,453,1,0,0.139,0.488,0,0
TXN-004973,50451.13,NETBANKING,599,915,21,3,0.629,0.554,1,1
TXN-004974,29730.9,CARD,1613,912,14,5,0.226,0.641,0,0
TXN-004975,112015.9,WALLET,1392,469,28,4,0.503,0.853,0,1
TXN-004976,39993.62,CARD,1769,1478,29,2,0.134,0.221,0,0
TXN-004977,133302.65,NETBANKING,815,1037,24,1,0.834,0.728,0,1
TXN-004978,106330.78,CARD,2213,1488,20,2,0.908,0.872,0,1
TXN-004979,39008.76,NETBANKING,2002,689,5,4,0.949,0.484,0,0
TXN-004980,91107.56,CARD,767,590,11,2,0.692,0.026,0,1
TXN-004981,1512.65,NETBANKING,2423,1252,13,0,0.11,0.83,0,0
TXN-004982,120051.42,NETBANKING,856,1159,24,5,0.031,0.346,1,1
TXN-004983,19295.1,WALLET,2436,362,28,1,0.237,0.338,0,1
TXN-004984,100783.9,CARD,1419,720,7,4,0.335,0.659,0,0
TXN-004985,68219.12,WALLET,894,217,6,2,0.158,0.362,0,1
TXN-004986,149971.99,UPI,257,912,12,0,0.491,0.667,0,0
TXN-004987,133752.85,CARD,510,690,3,2,0.429,0.309,0,0
TXN-004988,71391.99,WALLET,281,474,11,5,0.884,0.216,1,0
TXN-004989,137105.97,NETBANKING,2206,357,11,3,0.159,0.909,0,0
TXN-004990,29946.16,CARD,511,882,3,1,0.0,0.599,0,0
TXN-004991,99215.86,WALLET,2288,601,5,5,0.695,0.481,0,1
TXN-004992,98630.73,CARD,194,1420,19,3,0.861,0.749,0,0
TXN-004993,56387.53,UPI,527,1120,11,5,0.396,0.33,0,1
TXN-004994,42916.63,CARD,842,204,25,0,0.087,0.382,1,1
TXN-004995,4369.95,WALLET,513,204,17,0,0.393,0.693,0,0
TXN-004996,61382.5,CARD,946,1403,12,5,0.122,0.325,0,0
TXN-004997,13436.15,NETBANKING,1635,192,7,5,0.895,0.837,0,1
TXN-004998,100556.88,NETBANKING,1317,555,10,1,0.03,0.464,0,0
TXN-004999,114519.65,WALLET,2002,961,30,2,0.121,0.889,0,0
TXN-005000,75263.8,UPI,1645,501,7,1,0.886,0.222,0,1
TXN-005001,49944.48,NETBANKING,1898,1409,17,3,0.404,0.056,0,0
TXN-005002,129968.02,UPI,1870,1473,13,3,0.427,0.936,1,1
TXN-005003,140480.76,CARD,1748,168,2,3,0.513,0.41,0,1
TXN-005004,114510.26,NETBANKING,2034,556,28,0,0.649,0.26,0,1
TXN-005005,112908.52,NETBANKING,801,1165,14,4,0.284,0.844,0,1
TXN-005006,901.32,UPI,2262,1352,22,1,0.008,0.514,0,0
TXN-005007,79721.3,UPI,2427,442,23,5,0.582,0.641,0,0
TXN-005008,75942.41,CARD,2290,217,20,4,0.478,0.604,0,1
TXN-005009,14689.28,UPI,1907,742,15,3,0.744,0.103,0,0
TXN-005010,102582.8,NETBANKING,513,259,14,1,0.306,0.783,0,0
TXN-005011,92239.49,CARD,2091,220,30,3,0.872,0.337,0,0
TXN-005012,30217.28,CARD,342,1259,25,3,0.901,0.569,0,1
TXN-005013,107007.62,WALLET,1748,374,26,2,0.343,0.247,0,0
TXN-005014,9485.15,CARD,1313,896,25,3,0.626,0.338,0,0
TXN-005015,68418.61,WALLET,392,676,9,4,0.693,0.413,1,0
TXN-005016,148036.5,CARD,1177,249,8,2,0.023,0.202,0,0
TXN-005017,46743.62,WALLET,2069,904,11,3,0.302,0.745,0,0
TXN-005018,38016.87,CARD,471,1056,28,3,0.218,0.981,0,0
TXN-005019,134153.71,NETBANKING,2090,1113,16,3,0.279,0.04,0,1
TXN-005020,9862.15,UPI,852,636,25,5,0.379,0.054,0,0
TXN-005021,92986.91,WALLET,898,1118,16,2,0.293,0.885,0,1
TXN-005022,24884.62,CARD,2125,1426,30,5,0.249,0.864,0,1
TXN-005023,116502.67,CARD,1825,864,27,3,0.367,0.764,0,1
TXN-005024,94802.8,CARD,2486,478,7,3,0.441,0.68,0,1
TXN-005025,14334.34,NETBANKING,832,1199,16,0,0.749,0.762,1,0
TXN-005026,8339.91,UPI,893,1375,30,2,0.035,0.736,0,0
TXN-005027,102658.11,WALLET,812,1408,24,1,0.816,0.915,0,1
TXN-005028,65627.69,WALLET,1153,893,23,2,0.096,0.946,0,1
TXN-005029,76280.87,WALLET,2155,1125,17,2,0.35,0.501,0,0
TXN-005030,87188.13,UPI,406,599,28,4,0.087,0.917,1,1
TXN-005031,97131.2,UPI,1539,1207,23,1,0.8,0.639,1,1
TXN-005032,80882.48,CARD,545,1011,22,4,0.962,0.392,0,1
TXN-005033,3229.18,CARD,1579,678,2,5,0.228,0.05,0,0
TXN-005034,14586.36,CARD,162,908,14,2,0.844,0.998,0,1
TXN-005035,125889.36,NETBANKING,2459,766,16,3,0.053,0.712,1,0
TXN-005036,10691.22,UPI,2212,554,26,5,0.68,0.165,1,1
TXN-005037,115938.6,CARD,2137,869,18,3,0.398,0.143,1,1
TXN-005038,56574.82,UPI,804,687,10,5,0.321,0.751,0,0
TXN-005039,18161.87,CARD,2098,1284,7,5,0.879,0.558,1,1
TXN-005040,139470.96,CARD,207,66,17,2,0.577,0.043,0,0
TXN-005041,42022.12,WALLET,132,441,13,5,0.252,0.884,0,1
TXN-005042,30763.11,CARD,1276,129,10,5,0.44,0.802,1,0
TXN-005043,59089.91,UPI,1968,961,20,5,0.815,0.727,0,0
TXN-005044,96304.45,CARD,404,72,27,0,0.495,0.496,0,1
TXN-005045,51163.83,UPI,1967,691,1,5,0.933,0.684,0,1
TXN-005046,21651.31,UPI,1125,1202,13,0,0.622,0.42,0,0
TXN-005047,58886.13,WALLET,377,566,12,3,0.052,0.424,1,0
TXN-005048,65437.69,CARD,1810,1048,12,5,0.751,0.462,0,1
TXN-005049,86325.8,CARD,2479,177,16,3,0.721,0.478,0,1
TXN-005050,25772.3,WALLET,2366,869,25,1,0.737,0.306,0,0
TXN-005051,127171.32,CARD,1,1433,1,1,0.606,0.497,0,0
TXN-005052,145060.91,WALLET,1395,1156,10,5,0.597,0.659,1,1
TXN-005053,109914.32,NETBANKING,2462,1334,17,3,0.697,0.602,0,1
TXN-005054,108282.61,CARD,684,775,18,3,0.501,0.026,0,1
TXN-005055,145519.06,WALLET,2177,754,26,2,0.328,0.705,0,1
TXN-005056,87040.39,NETBANKING,1715,590,7,0,0.911,0.112,0,1
TXN-005057,146771.84,NETBANKING,79,530,3,1,0.164,0.393,0,0
TXN-005058,553.21,NETBANKING,1292,758,24,5,0.644,0.232,0,0
TXN-005059,63649.83,CARD,596,1347,9,3,0.438,0.002,1,0
TXN-005060,145020.59,UPI,1972,144,2,0,0.144,0.316,1,1
TXN-005061,94381.3,CARD,2449,1235,27,3,0.613,0.603,0,1
TXN-005062,29434.17,CARD,2159,914,27,3,0.554,0.21,0,1
TXN-005063,18501.77,WALLET,862,1142,28,5,0.434,0.539,0,1
TXN-005064,21393.4,NETBANKING,153,1006,26,5,0.603,0.711,1,0
TXN-005065,146240.26,CARD,1475,273,4,4,0.604,0.025,1,0
TXN-005066,89564.6,UPI,807,428,30,2,0.177,0.909,1,1
TXN-005067,59252.15,CARD,632,837,22,5,0.434,0.535,0,1
TXN-005068,68590.5,WALLET,2205,847,15,5,0.712,0.701,0,0
TXN-005069,10234.8,UPI,1470,1336,19,3,0.265,0.43,1,1
TXN-005070,54296.47,WALLET,1150,88,22,3,0.158,0.256,0,1
TXN-005071,35384.15,CARD,1146,1139,23,3,0.498,0.39,0,0
TXN-005072,16743.48,WALLET,1612,167,7,1,0.58,0.021,0,0
TXN-005073,27454.87,WALLET,1651,418,20,4,0.348,0.765,0,1
TXN-005074,69814.69,NETBANKING,929,1041,21,5,0.695,0.525,0,0
TXN-005075,121788.01,WALLET,1777,1407,30,5,0.568,0.784,0,1
TXN-005076,139473.48,UPI,1095,1263,1,2,0.503,0.467,0,0
TXN-005077,73217.32,NETBANKING,925,588,26,2,0.235,0.382,0,1
TXN-005078,9318.64,WALLET,2351,1240,21,3,0.457,0.149,0,1
TXN-005079,136126.87,UPI,1327,496,8,0,0.01,0.497,0,0
TXN-005080,111348.4,WALLET,1719,1253,16,5,0.437,0.563,1,0
TXN-005081,16329.82,NETBANKING,985,1135,13,5,0.594,0.01,0,1
TXN-005082,143490.65,UPI,2040,701,28,0,0.055,0.403,1,0
TXN-005083,54955.61,NETBANKING,2329,449,28,4,0.894,0.157,0,1
TXN-005084,53452.7,WALLET,1388,375,7,1,0.127,0.304,1,1
TXN-005085,12679.79,NETBANKING,350,916,13,4,0.6,0.209,0,0
TXN-005086,47593.03,NETBANKING,2406,86,16,0,0.349,0.659,0,0
TXN-005087,2051.55,WALLET,855,843,29,0,0.651,0.064,0,0
TXN-005088,105769.36,UPI,262,929,27,1,0.982,0.687,1,0
TXN-005089,21875.29,NETBANKING,1287,272,18,3,0.889,0.805,1,1
TXN-005090,86485.3,CARD,31,1315,6,4,0.287,0.361,0,1
TXN-005091,57560.4,UPI,2293,389,24,0,0.571,0.15,0,1
TXN-005092,109460.61,NETBANKING,2164,1162,14,2,0.263,0.936,0,1
TXN-005093,2416.18,CARD,2227,877,12,2,0.459,0.622,0,0
TXN-005094,141322.3,NETBANKING,1039,1046,15,2,0.529,0.037,0,1
TXN-005095,4214.58,UPI,1522,804,1,4,0.649,0.309,0,0
TXN-005096,128873.38,CARD,906,686,2,3,0.395,0.375,0,0
TXN-005097,126981.38,NETBANKING,120,715,20,0,0.834,0.853,0,1
TXN-005098,72756.56,CARD,1951,1174,23,1,0.584,0.927,0,1
TXN-005099,69304.21,UPI,782,667,28,1,0.083,0.791,1,0
TXN-005100,2840.03,UPI,111,283,15,3,0.907,0.272,0,1
TXN-005101,101368.89,CARD,690,166,4,0,0.813,0.581,0,0
TXN-005102,114310.95,CARD,961,994,15,1,0.992,0.932,0,0
TXN-005103,118351.37,UPI,2201,499,4,2,0.37,0.162,0,1
TXN-005104,57942.95,CARD,741,1055,15,2,0.633,0.803,0,1
TXN-005105,134842.3,WALLET,1696,1089,2,5,0.658,0.334,1,1
TXN-005106,107357.86,NETBANKING,882,1116,4,2,0.469,0.372,0,0
TXN-005107,40506.87,NETBANKING,1860,1107,4,4,0.636,0.961,0,0
TXN-005108,108625.95,UPI,1156,1087,17,0,0.348,0.758,0,1
TXN-005109,61010.8,NETBANKING,1035,227,15,0,0.036,0.868,0,1
TXN-005110,21311.16,WALLET,1602,877,18,4,0.362,0.857,0,1
TXN-005111,131078.73,WALLET,901,1020,30,3,0.426,0.361,1,1
TXN-005112,6927.94,CARD,1129,577,30,1,0.233,0.802,0,1
TXN-005113,57241.52,NETBANKING,2091,635,20,5,0.108,0.648,0,1
TXN-005114,24109.67,CARD,1655,447,23,2,0.537,0.06,0,1
TXN-005115,98773.28,UPI,818,159,22,1,0.346,0.114,0,0
TXN-005116,24661.83,NETBANKING,1945,385,10,2,0.456,0.83,0,1
TXN-005117,26439.1,UPI,1977,779,3,4,0.699,0.868,1,0
TXN-005118,52002.01,NETBANKING,2141,560,22,1,0.12,0.635,0,1
TXN-005119,79205.75,NETBANKING,1831,561,1,3,0.195,0.477,1,1
TXN-005120,73116.79,WALLET,1399,900,16,4,0.572,0.849,0,1
TXN-005121,36513.07,NETBANKING,1076,306,11,0,0.086,0.038,0,0
TXN-005122,11781.41,CARD,1186,214,12,1,0.514,0.432,0,1
TXN-005123,144423.82,UPI,1850,99,29,5,0.667,0.252,0,1
TXN-005124,31930.49,CARD,2017,1412,12,1,0.02,0.819,0,0
TXN-005125,141123.4,UPI,1555,1403,10,0,0.351,0.474,0,0
TXN-005126,145765.76,NETBANKING,30,1483,20,0,0.202,0.072,0,1
TXN-005127,964.4,UPI,2351,767,16,5,0.102,0.957,0,1
TXN-005128,53829.12,NETBANKING,2386,1415,21,2,0.327,0.775,1,0
TXN-005129,57610.69,UPI,1913,359,20,3,0.426,0.078,1,1
TXN-005130,36262.44,UPI,1568,1108,10,4,0.14,0.468,0,0
TXN-005131,3577.23,UPI,1867,36,26,2,0.723,0.385,0,1
TXN-005132,3382.35,UPI,1547,1376,1,2,0.358,0.724,1,0
TXN-005133,125811.76,WALLET,946,433,2,0,0.177,0.638,0,0
TXN-005134,20892.54,WALLET,751,341,7,3,0.222,0.427,0,0
TXN-005135,31210.39,WALLET,184,680,19,0,0.26,0.234,0,0
TXN-005136,24729.35,NETBANKING,1066,1208,7,0,0.965,0.816,0,0
TXN-005137,84543.73,CARD,1251,757,4,1,0.677,0.347,1,1
TXN-005138,63179.36,WALLET,254,1465,1,4,0.562,0.707,0,1
TXN-005139,1759.57,NETBANKING,368,530,21,5,0.242,0.917,0,1
TXN-005140,10422.35,UPI,820,890,12,3,0.31,0.049,0,0
TXN-005141,132794.42,CARD,1754,84,2,3,0.127,0.752,1,1
TXN-005142,78145.22,CARD,1475,948,20,4,0.188,0.646,0,1
TXN-005143,135713.63,CARD,638,668,3,5,0.483,0.867,0,1
TXN-005144,93438.47,WALLET,1456,816,12,2,0.102,0.515,1,0
TXN-005145,30357.0,CARD,1754,1005,14,3,0.347,0.454,0,0
TXN-005146,11833.72,CARD,293,503,8,5,0.76,0.7,1,1
TXN-005147,31611.5,NETBANKING,732,151,10,2,0.737,0.214,0,0
TXN-005148,113700.72,WALLET,1182,1155,17,4,0.712,0.231,0,1
TXN-005149,19166.47,CARD,1523,587,7,0,0.623,0.192,0,0
TXN-005150,51009.49,UPI,1442,130,16,1,0.68,0.287,0,0
TXN-005151,3285.67,WALLET,2182,1483,19,5,0.565,0.713,0,0
TXN-005152,144376.63,WALLET,1315,851,29,0,0.017,0.046,0,0
TXN-005153,122905.99,CARD,736,211,23,1,0.21,0.338,0,1
TXN-005154,129038.77,WALLET,2443,1049,8,1,0.191,0.555,0,1
TXN-005155,19072.11,CARD,1677,473,21,1,0.412,0.999,0,1
TXN-005156,47982.33,WALLET,436,689,21,0,0.267,0.125,1,0
TXN-005157,129294.66,WALLET,2255,1025,26,0,0.766,0.96,0,0
TXN-005158,15152.78,CARD,1732,1100,10,1,0.196,0.175,0,0
TXN-005159,118985.19,WALLET,167,426,7,5,0.387,0.736,0,1
TXN-005160,131822.88,NETBANKING,1821,170,19,3,0.247,0.2,1,1
TXN-005161,51176.09,CARD,1860,1146,24,3,0.437,0.778,0,0
TXN-005162,131838.44,NETBANKING,1760,583,1,5,0.583,0.015,1,1
TXN-005163,146734.91,NETBANKING,51,987,23,4,0.437,0.938,0,1
TXN-005164,142609.92,UPI,2328,595,18,5,0.46,0.389,0,0
TXN-005165,12612.37,UPI,148,291,10,0,0.362,0.113,0,0
TXN-005166,134807.33,WALLET,864,683,7,1,0.166,0.474,0,0
TXN-005167,65229.04,WALLET,2184,756,27,4,0.833,0.269,0,1
TXN-005168,137075.55,UPI,1660,727,28,0,0.305,0.616,0,0
TXN-005169,140237.98,NETBANKING,1189,412,3,0,0.34,0.439,0,0
TXN-005170,102080.72,CARD,1889,677,19,3,0.041,0.921,1,1
TXN-005171,91512.72,CARD,1359,1068,10,1,0.256,0.161,0,0
TXN-005172,115394.24,CARD,416,346,12,5,0.87,0.933,0,1
TXN-005173,96440.2,UPI,2098,221,18,0,0.682,0.048,1,1
TXN-005174,119746.98,NETBANKING,426,598,1,2,0.788,0.558,0,0
TXN-005175,101207.61,WALLET,1118,1465,6,4,0.688,0.909,0,1
TXN-005176,27475.63,WALLET,1242,927,5,2,0.692,0.689,1,1
TXN-005177,31861.1,WALLET,54,593,5,2,0.026,0.954,0,0
TXN-005178,41539.36,NETBANKING,972,1170,23,5,0.823,0.805,0,0
TXN-005179,27943.07,WALLET,2061,363,1,4,0.098,0.648,0,1
TXN-005180,117523.34,WALLET,1597,252,30,2,0.884,0.779,1,1
TXN-005181,73283.73,CARD,33,1246,25,3,0.587,0.015,0,1
TXN-005182,137083.94,NETBANKING,318,154,16,2,0.649,0.236,0,1
TXN-005183,126852.94,CARD,980,1022,20,3,0.002,0.389,0,1
TXN-005184,71841.8,NETBANKING,2255,944,6,2,0.198,0.086,0,0
TXN-005185,48567.27,CARD,931,51,1,1,0.925,0.186,0,1
TXN-005186,114547.7,UPI,782,484,3,0,0.357,0.595,1,0
TXN-005187,148039.83,NETBANKING,647,289,14,5,0.432,0.087,0,1
TXN-005188,132088.83,UPI,846,1315,21,2,0.691,0.117,0,0
TXN-005189,96124.91,CARD,1554,885,16,0,0.207,0.306,0,1
TXN-005190,139174.58,NETBANKING,692,377,17,5,0.136,0.139,0,0
TXN-005191,76776.03,NETBANKING,766,1468,20,3,0.762,0.568,0,1
TXN-005192,65775.08,NETBANKING,2252,492,21,1,0.347,0.119,1,1
TXN-005193,102536.54,NETBANKING,27,888,10,0,0.144,0.93,0,1
TXN-005194,23419.05,NETBANKING,1886,1031,7,0,0.884,0.453,0,1
TXN-005195,29604.19,WALLET,86,389,21,2,0.571,0.253,0,1
TXN-005196,142286.81,WALLET,824,847,30,2,0.167,0.933,0,0
TXN-005197,60993.08,NETBANKING,1284,584,7,3,0.486,0.51,0,0
TXN-005198,45936.08,WALLET,762,792,20,4,0.408,0.194,0,1
TXN-005199,19975.47,CARD,388,927,1,1,0.641,0.417,0,0
TXN-005200,57782.63,NETBANKING,2470,580,20,0,0.857,0.352,0,1
TXN-005201,142637.06,WALLET,171,428,18,2,0.583,0.326,0,1
TXN-005202,62867.8,CARD,646,1028,15,4,0.313,0.404,0,0
TXN-005203,84884.9,WALLET,1567,144,22,2,0.615,0.621,0,0
TXN-005204,142982.27,WALLET,2162,1227,2,4,0.505,0.797,0,1
TXN-005205,28765.43,CARD,1170,989,24,5,0.96,0.734,0,1
TXN-005206,70365.96,UPI,570,480,28,4,0.625,0.96,1,1
TXN-005207,123140.29,CARD,2428,1283,5,0,0.465,0.147,0,1
TXN-005208,110422.69,CARD,912,460,19,4,0.617,0.359,0,0
TXN-005209,94008.61,WALLET,1924,499,18,5,0.458,0.157,1,1
TXN-005210,65697.94,CARD,1008,802,1,5,0.551,0.293,0,0
TXN-005211,113719.48,WALLET,1348,214,10,2,0.686,0.796,0,1
TXN-005212,29773.27,WALLET,636,48,13,4,0.065,0.676,1,0
TXN-005213,92199.27,UPI,2407,1036,23,3,0.141,0.173,1,1
TXN-005214,1613.53,UPI,2121,557,8,5,0.218,0.12,0,0
TXN-005215,82501.82,UPI,1795,1211,14,1,0.893,0.021,0,0
TXN-005216,112980.96,NETBANKING,2341,696,2,2,0.283,0.847,0,1
TXN-005217,126089.49,CARD,2337,1144,29,5,0.965,0.142,1,0
TXN-005218,97514.06,UPI,1677,178,22,3,0.592,0.979,0,1
TXN-005219,8826.74,NETBANKING,470,1341,21,3,0.233,0.241,0,0
TXN-005220,146841.73,NETBANKING,1978,1459,22,2,0.076,0.243,0,1
TXN-005221,127968.66,NETBANKING,2462,549,4,5,0.326,0.36,1,1
TXN-005222,12642.14,WALLET,960,645,16,4,0.073,0.799,0,0
TXN-005223,41778.06,WALLET,1682,1025,9,3,0.106,0.19,1,0
TXN-005224,15159.66,UPI,729,1237,21,0,0.94,0.521,0,0
TXN-005225,82681.95,UPI,495,109,4,2,0.384,0.132,0,0
TXN-005226,95113.66,WALLET,2087,334,17,4,0.015,0.785,0,0
TXN-005227,104018.15,NETBANKING,1757,467,26,0,0.399,0.817,0,1
TXN-005228,14352.56,CARD,1898,1083,29,5,0.555,0.275,0,0
TXN-005229,81837.75,CARD,2179,471,10,3,0.669,0.444,0,0
TXN-005230,1992.28,NETBANKING,1943,477,1,5,0.555,0.185,1,0
TXN-005231,32414.1,UPI,1221,1047,6,2,0.629,0.856,0,1
TXN-005232,114060.77,NETBANKING,1564,1162,15,4,0.627,0.297,0,1
TXN-005233,86988.26,UPI,88,188,19,3,0.42,0.72,1,1
TXN-005234,54019.31,UPI,1059,213,20,2,0.089,0.087,0,1
TXN-005235,116431.11,WALLET,289,977,1,3,0.703,0.106,0,0
TXN-005236,46690.05,CARD,127,1228,17,3,0.126,0.31,1,0
TXN-005237,80229.56,WALLET,2476,287,8,2,0.254,0.256,0,0
TXN-005238,127611.04,NETBANKING,2042,945,6,0,0.791,0.781,0,0
TXN-005239,60621.09,UPI,2388,153,14,0,0.95,0.969,1,0
TXN-005240,71612.49,CARD,794,140,29,4,0.029,0.439,0,0
TXN-005241,79101.64,WALLET,995,897,5,0,0.698,0.794,1,0
TXN-005242,77088.24,NETBANKING,209,625,16,0,0.779,0.928,0,0
TXN-005243,120623.94,WALLET,1302,796,12,3,0.857,0.693,0,1
TXN-005244,58524.45,WALLET,390,687,15,0,0.971,0.822,0,0
TXN-005245,2790.55,UPI,1383,1283,17,4,0.192,0.367,0,0
TXN-005246,121266.62,WALLET,748,741,24,2,0.137,0.46,0,1
TXN-005247,106884.13,CARD,769,712,28,4,0.798,0.513,0,0
TXN-005248,62726.92,WALLET,2116,392,25,0,0.819,0.204,0,0
TXN-005249,131145.49,WALLET,2213,766,7,1,0.826,0.124,0,0
TXN-005250,32927.97,CARD,40,1158,1,2,0.007,0.247,0,0
TXN-005251,125072.47,UPI,435,623,2,2,0.433,0.736,0,0
TXN-005252,73317.62,UPI,1331,1251,2,1,0.682,0.461,1,1
TXN-005253,29016.31,UPI,2437,1179,30,0,0.516,0.193,1,0
TXN-005254,79641.57,CARD,1559,273,14,4,0.909,0.415,0,1
TXN-005255,66816.87,WALLET,273,933,30,5,0.458,0.185,0,0
TXN-005256,118309.45,WALLET,407,733,28,2,0.707,0.633,0,0
TXN-005257,39790.82,CARD,1057,672,27,1,0.795,0.752,0,1
TXN-005258,118909.15,WALLET,1384,693,2,2,0.43,0.266,1,1
TXN-005259,142875.13,WALLET,1811,1058,19,5,0.368,0.025,0,0
TXN-005260,30215.13,WALLET,255,898,30,2,0.838,0.081,0,1
TXN-005261,41544.8,NETBANKING,868,1131,29,5,0.174,0.664,0,1
TXN-005262,58622.68,NETBANKING,1945,1092,14,5,0.728,0.795,0,1
TXN-005263,99513.43,WALLET,931,477,2,4,0.661,0.012,0,0
TXN-005264,46551.95,NETBANKING,1020,366,27,0,0.977,0.942,0,1
TXN-005265,90236.39,WALLET,417,998,15,5,0.665,0.057,0,0
TXN-005266,11490.54,NETBANKING,1626,914,14,0,0.465,0.597,0,0
TXN-005267,6041.07,NETBANKING,1655,1494,6,2,0.482,0.398,0,0
TXN-005268,108960.23,UPI,584,1079,1,2,0.454,0.915,1,1
TXN-005269,3693.19,UPI,1052,610,9,0,0.344,0.851,0,1
TXN-005270,136142.31,WALLET,641,1018,12,3,0.155,0.884,0,1
TXN-005271,67705.15,CARD,2300,435,19,5,0.022,0.194,0,0
TXN-005272,96346.19,WALLET,119,1363,15,1,0.005,0.833,0,0
TXN-005273,91214.94,CARD,932,1328,15,3,0.917,0.42,0,0
TXN-005274,58256.36,NETBANKING,838,382,9,0,0.968,0.294,0,0
TXN-005275,146553.53,UPI,1994,904,12,3,0.868,0.935,0,1
TXN-005276,101544.29,WALLET,2250,762,13,2,0.367,0.776,1,1
TXN-005277,67321.4,CARD,1087,791,18,5,0.127,0.653,1,1
TXN-005278,51946.21,CARD,2136,1005,29,1,0.326,0.086,0,0
TXN-005279,36155.6,UPI,1122,583,18,3,0.665,0.441,0,0
TXN-005280,87670.19,UPI,75,396,3,4,0.537,0.853,0,1
TXN-005281,85321.76,WALLET,225,840,22,4,0.506,0.522,0,0
TXN-005282,117433.34,CARD,38,677,22,5,0.03,0.821,0,1
TXN-005283,44474.7,CARD,591,143,13,1,0.262,0.407,0,0
TXN-005284,115807.66,NETBANKING,954,176,5,0,0.293,0.072,0,0
TXN-005285,75319.96,WALLET,193,1089,24,5,0.43,0.509,0,0
TXN-005286,38094.36,WALLET,218,210,16,0,0.8,0.738,1,0
TXN-005287,69520.68,UPI,1372,757,23,1,0.184,0.308,0,0
TXN-005288,143525.07,NETBANKING,1372,316,23,5,0.935,0.601,0,0
TXN-005289,145216.82,CARD,1300,235,13,4,0.238,0.006,0,0
TXN-005290,69522.47,UPI,339,439,21,0,0.5,0.06,0,0
TXN-005291,7819.17,NETBANKING,1814,1405,11,2,0.36,0.684,0,0
TXN-005292,32567.74,CARD,938,1242,3,1,0.127,0.662,0,0
TXN-005293,87064.1,NETBANKING,2120,510,12,4,0.513,0.01,0,0
TXN-005294,121966.31,WALLET,846,284,19,3,0.893,0.51,0,1
TXN-005295,16143.62,CARD,1910,110,21,1,0.259,0.299,1,1
TXN-005296,81316.95,UPI,2466,126,13,3,0.93,0.028,0,0
TXN-005297,146049.74,WALLET,603,872,10,3,0.72,0.332,1,1
TXN-005298,40211.95,NETBANKING,1593,497,3,1,0.728,0.684,0,0
TXN-005299,25996.25,NETBANKING,2400,504,22,4,0.827,0.589,0,1
TXN-005300,5805.3,UPI,1398,1344,4,1,0.645,0.508,0,0
TXN-005301,41905.32,NETBANKING,1191,222,23,3,0.669,0.165,0,1
TXN-005302,114983.2,WALLET,2041,976,12,0,0.614,0.751,0,1
TXN-005303,108833.37,UPI,1949,496,10,3,0.509,0.287,0,1
TXN-005304,38562.24,NETBANKING,1730,558,21,1,0.078,0.062,0,0
TXN-005305,34869.47,NETBANKING,1055,498,15,5,0.435,0.889,0,0
TXN-005306,82242.42,CARD,317,1272,14,5,0.278,0.341,1,1
TXN-005307,20875.56,CARD,382,279,22,5,0.879,0.149,0,0
TXN-005308,25343.38,CARD,86,978,18,0,0.267,0.128,0,1
TXN-005309,61943.19,UPI,1873,1021,27,4,0.703,0.73,0,1
TXN-005310,106960.41,NETBANKING,1231,961,11,5,0.602,0.438,0,0
TXN-005311,56142.16,WALLET,2157,997,7,0,0.674,0.131,0,0
TXN-005312,47662.25,WALLET,946,1172,9,3,0.528,0.371,0,0
TXN-005313,120067.39,UPI,788,710,18,5,0.345,0.712,0,1
TXN-005314,28198.08,WALLET,1434,71,27,1,0.491,0.071,0,0
TXN-005315,16655.45,UPI,709,482,18,3,0.814,0.929,1,1
TXN-005316,65261.39,WALLET,1260,1166,16,0,0.379,0.625,0,0
TXN-005317,102522.43,UPI,2307,829,22,5,0.817,0.221,0,1
TXN-005318,28417.08,NETBANKING,110,353,3,0,0.862,0.883,1,1
TXN-005319,6718.51,UPI,165,1101,28,1,0.179,0.988,0,1
TXN-005320,25104.91,CARD,2359,1472,12,3,0.986,0.049,1,1
TXN-005321,57507.55,WALLET,478,32,28,0,0.286,0.863,0,0
TXN-005322,123683.77,UPI,499,998,7,4,0.044,0.392,0,0
TXN-005323,77283.1,NETBANKING,1893,1469,14,0,0.183,0.948,0,0
TXN-005324,35869.8,NETBANKING,218,315,23,2,0.9,0.34,0,1
TXN-005325,69506.27,UPI,1432,317,28,2,0.915,0.661,0,0
TXN-005326,95392.89,NETBANKING,1767,614,13,4,0.416,0.467,0,0
TXN-005327,140693.93,NETBANKING,680,1463,17,2,0.008,0.005,0,1
TXN-005328,141122.62,WALLET,1078,392,15,4,0.271,0.732,0,1
TXN-005329,121778.15,CARD,740,302,11,5,0.942,0.685,0,1
TXN-005330,117081.01,CARD,579,429,24,1,0.269,0.044,0,1
TXN-005331,74122.35,NETBANKING,1892,1104,14,3,0.079,0.698,0,1
TXN-005332,52789.32,UPI,503,1085,29,3,0.163,0.732,0,0
TXN-005333,93861.87,CARD,1235,1041,22,4,0.085,0.056,0,0
TXN-005334,134316.15,UPI,1311,1433,12,5,0.351,0.526,0,1
TXN-005335,115871.34,WALLET,1346,202,23,1,0.11,0.929,0,0
TXN-005336,73731.51,NETBANKING,1125,525,13,4,0.933,0.32,0,0
TXN-005337,13237.18,NETBANKING,1222,224,18,2,0.177,0.226,0,0
TXN-005338,68090.21,UPI,1925,920,8,1,0.841,0.487,0,1
TXN-005339,54266.73,WALLET,182,709,10,5,0.826,0.486,0,0
TXN-005340,11944.21,UPI,2188,320,29,3,0.165,0.648,0,0
TXN-005341,116210.73,UPI,1779,1424,1,2,0.116,0.434,0,0
TXN-005342,53977.0,WALLET,411,174,27,5,0.86,0.187,1,0
TXN-005343,105950.93,WALLET,1283,1030,14,2,0.219,0.562,0,0
TXN-005344,48334.16,CARD,1546,406,4,2,0.578,0.982,0,0
TXN-005345,14257.44,WALLET,492,1351,16,2,0.647,0.545,0,0
TXN-005346,98971.39,WALLET,1146,1368,22,1,0.173,0.416,1,1
TXN-005347,51534.67,CARD,224,23,7,2,0.535,0.664,1,1
TXN-005348,93996.14,CARD,1041,594,20,0,0.719,0.862,1,0
TXN-005349,43610.08,CARD,350,1246,27,1,0.441,0.989,0,0
TXN-005350,31535.19,UPI,2035,1194,27,5,0.626,0.188,1,0
TXN-005351,13431.26,WALLET,353,1006,15,5,0.094,0.007,0,1
TXN-005352,144643.9,WALLET,897,895,3,3,0.311,0.455,0,0
TXN-005353,92040.11,NETBANKING,2165,12,1,0,0.028,0.015,0,0
TXN-005354,125043.95,CARD,482,566,27,4,0.589,0.255,0,1
TXN-005355,123161.6,CARD,2338,332,4,2,0.661,0.559,0,1
TXN-005356,73853.92,CARD,1092,592,8,5,0.448,0.421,0,0
TXN-005357,77704.44,NETBANKING,1747,1149,19,0,0.373,0.688,1,1
TXN-005358,59636.24,NETBANKING,1816,634,16,0,0.93,0.63,1,1
TXN-005359,69261.74,UPI,2471,380,23,5,0.609,0.015,1,1
TXN-005360,78373.52,CARD,1540,712,14,0,0.567,0.535,1,0
TXN-005361,10665.15,WALLET,1652,843,22,4,0.58,0.385,1,0
TXN-005362,146714.91,WALLET,110,1383,27,4,0.812,0.424,0,1
TXN-005363,135777.33,NETBANKING,2208,869,12,4,0.45,0.664,0,1
TXN-005364,72411.63,UPI,161,947,11,0,0.732,0.411,0,0
TXN-005365,37303.23,WALLET,963,459,19,1,0.279,0.772,0,0
TXN-005366,84402.17,WALLET,1384,920,2,3,0.246,0.819,0,0
TXN-005367,552.79,NETBANKING,637,167,15,1,0.135,0.249,0,0
TXN-005368,65878.19,CARD,2081,1076,29,0,0.983,0.983,0,1
TXN-005369,112800.38,WALLET,1632,1267,25,1,0.055,0.523,0,0
TXN-005370,4879.21,UPI,2463,1488,1,3,0.127,0.685,0,0
TXN-005371,33804.73,NETBANKING,1203,1280,3,4,0.827,0.31,0,0
TXN-005372,145739.09,NETBANKING,2217,814,16,0,0.112,0.44,0,0
TXN-005373,94722.92,WALLET,982,525,7,3,0.374,0.788,0,1
TXN-005374,140029.13,WALLET,1865,366,9,0,0.505,0.379,1,1
TXN-005375,133572.15,CARD,585,207,12,3,0.424,0.062,1,1
TXN-005376,17903.45,UPI,30,549,26,2,0.716,0.572,1,0
TXN-005377,6856.29,UPI,2113,1246,18,5,0.977,0.15,0,1
TXN-005378,83332.68,WALLET,133,642,2,1,0.919,0.385,0,1
TXN-005379,13575.62,WALLET,1052,181,9,3,0.835,0.345,0,1
TXN-005380,147913.29,CARD,846,697,12,4,0.075,0.794,0,1
TXN-005381,61658.44,CARD,97,1414,7,3,0.2,0.513,0,1
TXN-005382,8270.24,NETBANKING,1073,428,11,1,0.899,0.317,0,0
TXN-005383,13236.0,NETBANKING,947,815,9,3,0.02,0.393,0,0
TXN-005384,93835.36,WALLET,1989,1039,21,0,0.822,0.208,0,0
TXN-005385,22540.61,NETBANKING,2243,888,9,4,0.065,0.821,0,0
TXN-005386,85654.01,NETBANKING,805,720,24,0,0.833,0.277,0,0
TXN-005387,90197.39,NETBANKING,1655,746,4,1,0.145,0.456,0,0
TXN-005388,98357.66,UPI,709,880,25,2,0.979,0.236,1,0
TXN-005389,106727.7,UPI,2359,325,21,0,0.362,0.93,0,0
TXN-005390,35946.38,CARD,999,801,5,2,0.583,0.22,1,1
TXN-005391,112043.53,UPI,456,1423,28,4,0.169,0.293,1,1
TXN-005392,115418.2,CARD,11,55,14,1,0.871,0.758,0,0
TXN-005393,148922.06,CARD,1099,746,4,3,0.494,0.089,0,1
TXN-005394,107323.41,WALLET,33,1007,20,0,0.095,0.141,0,1
TXN-005395,147443.39,NETBANKING,2315,252,8,5,0.21,0.206,0,1
TXN-005396,25218.55,WALLET,563,1472,10,2,0.698,0.634,0,0
TXN-005397,15619.17,WALLET,2034,185,25,3,0.551,0.532,1,1
TXN-005398,97613.99,NETBANKING,1170,791,18,1,0.813,0.097,0,1
TXN-005399,73282.34,CARD,2143,884,28,5,0.285,0.867,0,1
TXN-005400,107524.25,CARD,570,283,9,1,0.856,0.2,1,1
TXN-005401,111943.16,CARD,1395,515,4,2,0.342,0.136,1,0
TXN-005402,81270.71,WALLET,1423,1252,1,2,0.258,0.283,0,0
TXN-005403,32303.0,NETBANKING,320,8,12,3,0.586,0.668,0,0
TXN-005404,27457.66,NETBANKING,889,362,19,1,0.632,0.268,0,0
TXN-005405,56193.98,NETBANKING,1308,11,25,4,0.652,0.604,0,0
TXN-005406,39649.18,CARD,2228,248,24,2,0.669,0.028,0,1
TXN-005407,118776.39,UPI,425,1446,14,1,0.187,0.301,0,0
TXN-005408,38931.35,NETBANKING,2245,975,6,2,0.518,0.584,0,1
TXN-005409,25867.41,CARD,24,661,25,3,0.55,0.728,1,1
TXN-005410,3297.4,WALLET,2058,9,20,4,0.514,0.182,0,0
TXN-005411,93954.68,UPI,2431,561,25,1,0.196,0.346,0,0
TXN-005412,31815.77,CARD,2007,1190,5,4,0.846,0.58,0,1
TXN-005413,2417.31,CARD,694,982,20,4,0.924,0.136,0,1
TXN-005414,118470.77,CARD,1364,1255,23,5,0.667,0.928,0,1
TXN-005415,34881.62,CARD,1228,101,18,0,0.856,0.468,0,1
TXN-005416,115852.13,UPI,2010,217,26,2,0.049,0.38,0,1
TXN-005417,2124.14,NETBANKING,2359,332,22,0,0.541,0.117,0,0
TXN-005418,21129.46,WALLET,1570,94,1,4,0.583,0.719,0,0
TXN-005419,15509.81,WALLET,451,765,19,0,0.235,0.296,1,1
TXN-005420,18962.2,NETBANKING,88,217,5,2,0.602,0.426,0,0
TXN-005421,34465.78,CARD,2312,1404,23,3,0.541,0.66,0,1
TXN-005422,146679.14,CARD,2323,1413,25,2,0.673,0.923,1,1
TXN-005423,12350.0,NETBANKING,1800,1376,28,5,0.497,0.044,0,0
TXN-005424,105744.1,UPI,952,751,7,1,0.402,0.223,0,1
TXN-005425,140023.02,CARD,828,545,1,2,0.753,0.087,0,1
TXN-005426,122722.26,UPI,1115,1366,8,4,0.466,0.375,0,1
TXN-005427,128752.89,UPI,461,1428,17,4,0.621,0.338,0,0
TXN-005428,108808.66,WALLET,1333,1376,19,2,0.118,0.205,0,1
TXN-005429,82352.67,NETBANKING,914,181,7,3,0.901,0.023,0,0
TXN-005430,8808.17,UPI,441,10,29,3,0.248,0.165,0,1
TXN-005431,57727.34,NETBANKING,2329,644,3,5,0.514,0.625,1,0
TXN-005432,73119.08,NETBANKING,1335,134,15,4,0.113,0.285,0,0
TXN-005433,135459.23,UPI,875,553,12,4,0.714,0.534,1,1
TXN-005434,149309.75,NETBANKING,203,1075,2,4,0.878,0.033,0,1
TXN-005435,60169.07,UPI,2470,1098,23,1,0.188,0.971,0,1
TXN-005436,88406.59,CARD,1595,789,10,0,0.762,0.836,0,1
TXN-005437,536.83,UPI,1764,570,1,4,0.115,0.376,0,0
TXN-005438,66297.7,WALLET,1514,201,1,2,0.605,0.83,0,1
TXN-005439,108676.05,NETBANKING,2373,557,12,5,0.357,0.533,1,1
TXN-005440,54711.58,WALLET,1578,1469,11,2,0.884,0.965,0,0
TXN-005441,15988.68,CARD,1681,1060,18,4,0.732,0.007,1,0
TXN-005442,105785.49,CARD,721,121,3,4,0.464,0.628,0,1
TXN-005443,116499.12,UPI,1902,868,5,1,0.965,0.173,0,1
TXN-005444,111118.16,UPI,678,901,15,3,0.099,0.363,0,1
TXN-005445,75479.48,NETBANKING,1275,260,9,3,0.468,0.783,0,1
TXN-005446,98802.15,CARD,1414,1246,15,3,0.316,0.092,0,1
TXN-005447,52574.38,NETBANKING,1805,1164,22,2,0.088,0.391,0,0
TXN-005448,10100.97,NETBANKING,115,1419,29,4,0.957,0.335,0,0
TXN-005449,63474.52,NETBANKING,593,225,14,2,0.246,0.903,1,0
TXN-005450,142636.17,CARD,2385,1379,2,3,0.901,0.39,0,1
TXN-005451,22846.28,NETBANKING,1219,373,1,1,0.104,0.977,0,0
TXN-005452,74125.22,WALLET,1422,1142,3,0,0.998,0.277,0,0
TXN-005453,35144.25,CARD,1341,88,22,4,0.422,0.512,0,0
TXN-005454,68982.17,WALLET,1701,351,7,4,0.646,0.358,0,1
TXN-005455,149608.35,WALLET,711,854,11,2,0.505,0.838,0,0
TXN-005456,65247.03,CARD,1375,1343,26,2,0.938,0.825,0,1
TXN-005457,148130.06,CARD,876,415,21,1,0.644,0.907,0,1
TXN-005458,137637.94,CARD,177,565,27,5,0.399,0.734,0,1
TXN-005459,138621.71,NETBANKING,902,477,4,0,0.34,0.295,1,1
TXN-005460,62266.3,WALLET,1391,396,22,0,0.777,0.259,0,1
TXN-005461,84450.57,UPI,1412,308,27,5,0.87,0.587,0,0
TXN-005462,70075.74,UPI,1550,787,7,5,0.612,0.719,0,1
TXN-005463,65163.12,UPI,1911,7,4,4,0.156,0.993,0,1
TXN-005464,145337.12,UPI,549,754,4,1,0.104,0.546,0,1
TXN-005465,97747.41,WALLET,2356,1461,3,4,0.902,0.266,0,0
TXN-005466,134336.21,WALLET,2384,1457,13,1,0.344,0.411,0,0
TXN-005467,112494.79,UPI,935,625,12,5,0.972,0.692,0,1
TXN-005468,51741.99,CARD,853,12,2,1,0.185,0.978,0,0
TXN-005469,67570.49,WALLET,1578,638,8,1,0.662,0.193,0,0
TXN-005470,93422.74,WALLET,655,135,3,0,0.317,0.959,1,0
TXN-005471,126706.27,CARD,228,864,26,3,0.429,0.257,0,0
TXN-005472,14105.5,CARD,308,83,3,0,0.613,0.115,0,1
TXN-005473,123125.63,CARD,192,638,19,2,0.828,0.898,1,1
TXN-005474,13433.03,CARD,2246,1224,12,1,0.472,0.633,0,0
TXN-005475,116850.51,CARD,2350,375,24,4,0.008,0.341,0,1
TXN-005476,79367.82,UPI,2015,839,20,5,0.711,0.357,0,1
TXN-005477,32079.42,NETBANKING,2442,337,18,4,0.1,0.424,0,0
TXN-005478,115703.84,NETBANKING,969,531,15,2,0.582,0.68,0,1
TXN-005479,109087.66,NETBANKING,1907,1115,22,0,0.558,0.145,0,0
TXN-005480,95189.68,NETBANKING,1141,930,26,5,0.797,0.536,1,0
TXN-005481,59322.55,NETBANKING,1234,673,3,5,0.262,0.118,0,1
TXN-005482,111466.42,UPI,1052,272,13,5,0.055,0.064,0,1
TXN-005483,135539.16,CARD,1806,826,26,2,0.663,0.115,0,0
TXN-005484,52804.3,NETBANKING,1503,1306,30,1,0.896,0.724,0,0
TXN-005485,125845.77,UPI,1693,960,15,5,0.861,0.218,1,1
TXN-005486,36255.41,CARD,1046,820,18,3,0.161,0.714,0,0
TXN-005487,122528.36,UPI,2385,390,18,1,0.517,0.684,0,0
TXN-005488,108530.97,UPI,1813,484,20,4,0.303,0.639,0,1
TXN-005489,5617.32,UPI,1417,193,22,0,0.265,0.133,1,0
TXN-005490,147044.33,WALLET,660,147,16,5,0.754,0.926,0,1
TXN-005491,122721.43,UPI,1250,552,28,2,0.41,0.826,0,1
TXN-005492,128878.49,WALLET,1405,417,21,0,0.07,0.26,0,0
TXN-005493,48284.7,NETBANKING,1367,7,3,1,0.655,0.14,1,0
TXN-005494,30750.62,CARD,220,733,29,4,0.245,0.554,1,1
TXN-005495,84925.3,CARD,760,311,23,0,0.165,0.955,0,0
TXN-005496,64065.87,WALLET,187,1393,13,4,0.201,0.547,1,1
TXN-005497,61373.26,NETBANKING,248,1401,30,0,0.666,0.598,0,1
TXN-005498,103651.45,NETBANKING,2378,1349,14,1,0.365,0.829,0,0
TXN-005499,21253.94,CARD,1492,681,30,1,0.052,0.162,0,0
TXN-005500,29860.81,NETBANKING,1593,880,19,1,0.465,0.426,0,0
TXN-005501,3528.29,UPI,1098,1055,6,1,0.12,0.62,0,0
TXN-005502,113220.14,WALLET,740,39,29,2,0.375,0.981,0,1
TXN-005503,145368.01,NETBANKING,1441,650,1,1,0.388,0.925,0,1
TXN-005504,145052.99,CARD,1605,111,15,1,0.149,0.561,0,0
TXN-005505,87037.5,WALLET,1590,1036,19,4,0.015,0.031,0,0
TXN-005506,42835.99,NETBANKING,802,66,11,1,0.66,0.747,0,0
TXN-005507,130233.38,UPI,1771,479,21,3,0.018,0.638,0,0
TXN-005508,134424.9,UPI,1432,109,6,5,0.621,0.804,0,1
TXN-005509,149364.82,WALLET,1941,1149,17,0,0.047,0.263,0,0
TXN-005510,115866.99,UPI,1470,544,6,2,0.556,0.447,0,1
TXN-005511,115180.23,WALLET,428,534,1,5,0.512,0.757,1,1
TXN-005512,86499.98,NETBANKING,318,663,23,3,0.61,0.83,0,0
TXN-005513,30009.38,UPI,259,816,18,4,0.282,0.014,0,0
TXN-005514,34540.63,NETBANKING,1929,1314,20,0,0.305,0.904,1,0
TXN-005515,133526.87,NETBANKING,568,957,29,3,0.49,0.842,0,1
TXN-005516,36377.52,WALLET,1147,836,24,3,0.763,0.441,0,1
TXN-005517,66547.2,WALLET,1215,485,13,0,0.653,0.706,0,0
TXN-005518,55421.19,NETBANKING,567,637,3,3,0.118,0.522,0,0
TXN-005519,47244.63,CARD,1118,1500,24,1,0.173,0.088,0,1
TXN-005520,98737.86,CARD,481,549,19,5,0.773,0.27,0,1
TXN-005521,19473.01,UPI,1857,626,15,2,0.7,0.093,0,0
TXN-005522,14561.52,NETBANKING,531,387,25,4,0.056,0.739,0,0
TXN-005523,104050.63,CARD,1076,979,24,0,0.509,0.025,0,0
TXN-005524,69255.28,NETBANKING,1838,552,24,1,0.41,0.288,0,1
TXN-005525,46507.54,WALLET,249,353,13,4,0.878,0.629,0,0
TXN-005526,91022.62,CARD,7,991,25,5,0.174,0.459,0,0
TXN-005527,108053.33,WALLET,105,1042,29,3,0.942,0.241,0,1
TXN-005528,87367.11,NETBANKING,192,1125,6,4,0.894,0.02,0,1
TXN-005529,128565.62,UPI,567,1141,10,2,0.002,0.923,0,1
TXN-005530,19868.58,WALLET,2262,1470,30,2,0.618,0.296,0,0
TXN-005531,39669.72,WALLET,1337,168,12,1,0.896,0.633,0,0
TXN-005532,2782.5,WALLET,87,1106,25,1,0.249,0.518,0,1
TXN-005533,95509.15,WALLET,2197,18,14,5,0.482,0.792,0,1
TXN-005534,94765.9,CARD,20,1249,5,1,0.181,0.17,0,0
TXN-005535,3229.71,NETBANKING,2198,445,25,1,0.717,0.149,0,1
TXN-005536,45815.0,CARD,1098,147,29,3,0.85,0.516,1,1
TXN-005537,81537.47,NETBANKING,2220,1371,6,5,0.164,0.686,0,1
TXN-005538,140921.52,NETBANKING,1741,810,4,4,0.584,0.445,0,0
TXN-005539,60063.16,CARD,455,492,21,1,0.446,0.753,0,1
TXN-005540,39068.52,NETBANKING,1237,528,15,1,0.154,0.028,0,0
TXN-005541,136229.15,WALLET,1079,521,6,1,0.658,0.613,0,1
TXN-005542,73793.57,NETBANKING,214,1075,7,3,0.84,0.847,0,0
TXN-005543,133282.35,UPI,1640,1350,1,5,0.782,0.247,0,1
TXN-005544,65262.98,WALLET,1979,745,17,2,0.582,0.442,0,0
TXN-005545,136764.86,NETBANKING,1917,480,8,1,0.332,0.222,0,0
TXN-005546,88514.71,UPI,756,506,18,5,0.93,0.748,0,1
TXN-005547,89162.02,NETBANKING,1879,778,25,0,0.952,0.169,1,1
TXN-005548,101512.23,UPI,1890,1241,21,3,0.155,0.541,1,1
TXN-005549,39401.09,CARD,1862,672,14,0,0.87,0.717,0,1
TXN-005550,71438.47,UPI,261,231,15,2,0.638,0.333,0,1
TXN-005551,44213.46,CARD,1509,230,2,3,0.453,0.304,0,0
TXN-005552,118447.4,UPI,2011,255,23,3,0.488,0.492,1,1
TXN-005553,121533.15,NETBANKING,2358,278,8,5,0.676,0.002,0,1
TXN-005554,18186.77,WALLET,494,656,23,2,0.79,0.018,0,1
TXN-005555,126040.47,UPI,780,757,9,1,0.105,0.922,0,1
TXN-005556,139761.21,NETBANKING,119,555,18,4,0.627,0.974,1,1
TXN-005557,81213.26,NETBANKING,2315,1160,15,1,0.138,0.177,1,0
TXN-005558,72198.36,UPI,2419,294,30,4,0.235,0.801,1,1
TXN-005559,86735.23,UPI,1719,366,1,2,0.951,0.83,1,0
TXN-005560,136178.88,CARD,2224,131,28,3,0.579,0.913,0,1
TXN-005561,70207.19,WALLET,2203,834,28,2,0.273,0.274,0,0
TXN-005562,12370.25,UPI,1406,539,22,1,0.44,0.972,0,0
TXN-005563,34360.39,UPI,2065,96,17,3,0.136,0.503,0,1
TXN-005564,24288.2,WALLET,737,993,23,2,0.158,0.687,0,0
TXN-005565,109480.94,CARD,989,142,28,0,0.701,0.222,0,1
TXN-005566,129561.01,CARD,1712,947,15,2,0.795,0.439,0,1
TXN-005567,98057.91,NETBANKING,1669,55,12,1,0.702,0.301,0,0
TXN-005568,66111.12,UPI,1561,1103,8,2,0.691,0.534,0,1
TXN-005569,104285.78,WALLET,649,1258,5,4,0.093,0.498,0,0
TXN-005570,48913.07,UPI,2228,132,3,0,0.023,0.482,0,0
TXN-005571,17625.25,CARD,1674,417,16,5,0.25,0.587,0,1
TXN-005572,27595.04,NETBANKING,232,1056,3,4,0.199,0.625,0,0
TXN-005573,131137.3,NETBANKING,1513,543,22,5,0.35,0.968,0,0
TXN-005574,66608.88,WALLET,2457,358,10,2,0.797,0.816,0,1
TXN-005575,3656.97,WALLET,2286,794,15,4,0.771,0.746,0,0
TXN-005576,56450.46,CARD,1935,879,20,4,0.869,0.191,0,0
TXN-005577,19723.77,CARD,122,1116,16,4,0.86,0.494,0,1
TXN-005578,147416.17,CARD,338,331,29,3,0.217,0.798,1,1
TXN-005579,71790.59,UPI,709,797,6,1,0.709,0.756,0,1
TXN-005580,62951.73,NETBANKING,1191,471,16,5,0.183,0.541,1,1
TXN-005581,134199.02,CARD,1454,1428,5,0,0.043,0.246,0,0
TXN-005582,75099.71,UPI,629,598,16,4,0.397,0.419,0,1
TXN-005583,145731.21,WALLET,695,1223,24,2,0.05,0.609,0,1
TXN-005584,73080.19,NETBANKING,2173,231,10,5,0.653,0.713,0,0
TXN-005585,128734.74,UPI,2280,596,27,2,0.068,0.153,1,0
TXN-005586,112421.83,NETBANKING,1023,1051,11,0,0.907,0.262,0,0
TXN-005587,113093.56,NETBANKING,2384,439,23,2,0.055,0.879,0,1
TXN-005588,26271.66,WALLET,2492,1265,16,1,0.139,0.965,0,0
TXN-005589,98810.45,NETBANKING,194,264,30,1,0.336,0.248,0,0
TXN-005590,27779.05,WALLET,692,764,9,2,0.677,0.57,0,0
TXN-005591,37166.26,UPI,1856,1181,11,4,0.133,0.251,0,0
TXN-005592,22361.75,WALLET,1810,1366,16,4,0.191,0.011,0,0
TXN-005593,61126.19,UPI,1642,873,6,3,0.755,0.622,0,0
TXN-005594,86794.36,UPI,1881,428,15,5,0.136,0.617,0,1
TXN-005595,79968.02,CARD,1639,142,10,5,0.668,0.356,0,0
TXN-005596,27427.76,UPI,1484,784,11,0,0.665,0.325,1,0
TXN-005597,10734.11,NETBANKING,2338,368,26,1,0.538,0.837,0,0
TXN-005598,20310.92,CARD,1461,132,3,5,0.488,0.3,1,1
TXN-005599,93284.84,UPI,1435,1104,9,3,0.964,0.475,0,1
TXN-005600,104730.74,WALLET,1535,1242,7,0,0.438,0.422,0,0
TXN-005601,123606.27,NETBANKING,1627,412,30,5,0.076,0.884,0,1
TXN-005602,27014.24,NETBANKING,206,1081,18,5,0.609,0.486,0,1
TXN-005603,70964.44,WALLET,2208,1048,27,0,0.426,0.419,0,1
TXN-005604,15822.69,WALLET,1171,1319,10,5,0.475,0.791,0,0
TXN-005605,149118.04,NETBANKING,1202,652,15,2,0.895,0.924,0,1
TXN-005606,78185.31,NETBANKING,1390,1131,24,4,0.67,0.312,0,1
TXN-005607,141619.97,CARD,683,956,23,2,0.308,0.974,0,1
TXN-005608,22635.33,WALLET,210,173,30,5,0.344,0.944,0,1
TXN-005609,133173.18,UPI,2212,117,27,2,0.126,0.987,1,1
TXN-005610,83783.27,NETBANKING,1631,488,27,0,0.422,0.762,0,1
TXN-005611,146320.03,WALLET,1266,1156,25,1,0.862,0.239,0,0
TXN-005612,80855.16,CARD,922,465,21,0,0.263,0.249,0,0
TXN-005613,76731.26,CARD,2055,1291,6,5,0.008,0.937,0,1
TXN-005614,31225.42,WALLET,1837,1430,25,0,0.035,0.021,0,1
TXN-005615,3035.75,CARD,1713,818,14,0,0.466,0.013,1,0
TXN-005616,46335.26,UPI,1604,295,16,5,0.486,0.414,0,0
TXN-005617,91376.17,NETBANKING,663,726,2,0,0.154,0.813,1,1
TXN-005618,30278.85,CARD,1870,672,19,1,0.976,0.073,1,0
TXN-005619,111822.08,UPI,1540,343,10,1,0.606,0.787,0,1
TXN-005620,100385.11,WALLET,183,237,15,3,0.755,0.907,0,1
TXN-005621,33235.24,WALLET,1087,1177,4,3,0.743,0.01,1,1
TXN-005622,19891.07,CARD,912,237,28,2,0.854,0.226,1,1
TXN-005623,15548.14,WALLET,1175,147,21,0,0.84,0.967,0,1
TXN-005624,44795.62,WALLET,1148,1150,24,5,0.408,0.385,1,0
TXN-005625,28520.95,WALLET,790,1327,5,3,0.529,0.032,1,0
TXN-005626,140836.15,WALLET,883,737,12,2,0.656,0.983,0,1
TXN-005627,90074.96,UPI,1076,1386,19,5,0.59,0.129,0,0
TXN-005628,35570.35,UPI,344,1173,13,2,0.272,0.73,0,0
TXN-005629,93570.51,NETBANKING,1050,739,22,5,0.587,0.1,0,0
TXN-005630,10640.54,CARD,154,1311,25,1,0.504,0.666,0,1
TXN-005631,125615.39,WALLET,91,590,5,0,0.141,0.918,0,1
TXN-005632,81245.73,WALLET,1449,296,3,0,0.898,0.526,1,1
TXN-005633,26377.28,NETBANKING,1776,1443,17,3,0.813,0.183,1,0
TXN-005634,96538.92,NETBANKING,1161,194,15,0,0.018,0.963,0,1
TXN-005635,109844.78,CARD,1686,1175,27,0,0.466,0.009,0,0
TXN-005636,96953.99,CARD,985,685,25,4,0.963,0.991,0,1
TXN-005637,131489.44,CARD,223,623,15,3,0.023,0.306,0,0
TXN-005638,67054.52,CARD,1893,510,29,1,0.362,0.213,0,0
TXN-005639,46114.81,CARD,639,1427,27,3,0.763,0.161,0,1
TXN-005640,130816.7,CARD,1246,1085,7,3,0.236,0.747,0,0
TXN-005641,10789.27,WALLET,1052,869,16,2,0.927,0.949,0,0
TXN-005642,146680.27,NETBANKING,349,1109,11,5,0.165,0.212,0,0
TXN-005643,122129.42,UPI,81,566,25,2,0.216,0.036,0,0
TXN-005644,88159.78,CARD,1042,85,22,4,0.839,0.697,0,0
TXN-005645,60686.01,NETBANKING,2158,804,12,2,0.521,0.303,0,1
TXN-005646,69711.97,WALLET,2141,721,15,2,0.366,0.435,0,0
TXN-005647,87239.33,WALLET,2023,699,1,0,0.603,0.146,0,0
TXN-005648,123726.47,NETBANKING,2498,573,5,1,0.763,0.173,0,1
TXN-005649,144140.96,NETBANKING,716,391,17,0,0.976,0.609,0,0
TXN-005650,27325.96,UPI,911,1361,11,3,0.881,0.449,0,1
TXN-005651,7703.39,CARD,2120,785,23,1,0.375,0.754,0,1
TXN-005652,52746.9,CARD,1913,410,21,2,0.913,0.983,0,1
TXN-005653,116120.28,WALLET,1312,1099,12,4,0.143,0.882,0,1
TXN-005654,121612.59,WALLET,2404,139,12,5,0.637,0.554,0,0
TXN-005655,96073.6,WALLET,2090,657,17,0,0.92,0.669,0,0
TXN-005656,78650.16,CARD,1673,1090,15,3,0.114,0.021,0,1
TXN-005657,11878.11,NETBANKING,1447,746,26,0,0.043,0.931,1,0
TXN-005658,60272.53,WALLET,428,177,12,4,0.528,0.028,0,0
TXN-005659,65813.17,CARD,2428,935,29,0,0.824,0.729,0,0
TXN-005660,53482.87,WALLET,691,1328,28,2,0.186,0.39,0,0
TXN-005661,60626.71,WALLET,1710,1250,1,2,0.266,0.334,0,0
TXN-005662,118106.89,UPI,2477,610,23,3,0.084,0.734,0,1
TXN-005663,105970.55,UPI,1941,505,5,2,0.95,0.365,0,0
TXN-005664,36089.98,UPI,831,613,17,4,0.564,0.823,0,1
TXN-005665,37765.63,CARD,335,907,5,0,0.737,0.646,0,0
TXN-005666,121970.62,UPI,2151,1418,13,5,0.455,0.016,0,0
TXN-005667,127646.52,NETBANKING,82,1398,11,2,0.922,0.362,0,1
TXN-005668,33429.68,UPI,609,736,10,3,0.004,0.931,1,1
TXN-005669,123480.5,CARD,1466,1334,28,0,0.932,0.278,0,0
TXN-005670,61823.89,WALLET,449,1331,18,5,0.385,0.13,1,1
TXN-005671,82294.3,UPI,777,181,10,2,0.905,0.943,1,1
TXN-005672,1349.01,WALLET,548,47,27,3,0.764,0.85,0,1
TXN-005673,45267.82,CARD,542,331,15,5,0.483,0.379,0,1
TXN-005674,147530.79,WALLET,1777,994,5,2,0.177,0.591,0,0
TXN-005675,52696.86,UPI,2412,79,13,3,0.489,0.641,0,0
TXN-005676,144974.93,CARD,61,852,7,5,0.277,0.2,0,1
TXN-005677,100568.96,NETBANKING,685,680,15,5,0.997,0.998,0,1
TXN-005678,35821.08,CARD,1058,1159,28,3,0.126,0.311,1,1
TXN-005679,144930.49,CARD,680,331,29,2,0.849,0.868,0,1
TXN-005680,143571.68,CARD,1833,914,9,5,0.396,0.579,0,0
TXN-005681,73873.47,UPI,900,977,29,0,0.339,0.882,0,1
TXN-005682,27445.67,UPI,657,1482,30,0,0.034,0.305,0,0
TXN-005683,42256.22,UPI,769,464,22,4,0.479,0.211,0,0
TXN-005684,126531.61,NETBANKING,135,112,5,0,0.314,0.728,0,0
TXN-005685,62383.73,NETBANKING,774,834,28,2,0.508,0.731,0,0
TXN-005686,71996.77,NETBANKING,468,451,23,5,0.896,0.294,0,1
TXN-005687,24325.46,WALLET,2040,1019,7,3,0.853,0.582,0,1
TXN-005688,97133.55,WALLET,446,815,14,3,0.23,0.814,0,0
TXN-005689,14700.72,NETBANKING,461,777,17,1,0.295,0.794,0,0
TXN-005690,101636.51,NETBANKING,2351,234,3,5,0.932,0.261,0,1
TXN-005691,40612.81,WALLET,1626,724,4,1,0.928,0.424,0,0
TXN-005692,120530.79,NETBANKING,416,411,17,1,0.261,0.366,0,1
TXN-005693,100039.84,NETBANKING,1729,678,4,2,0.692,0.154,0,0
TXN-005694,148174.51,WALLET,1643,75,11,4,0.427,0.408,0,1
TXN-005695,41046.88,CARD,943,612,9,0,0.312,0.486,1,0
TXN-005696,110774.73,CARD,2086,1203,5,2,0.672,0.848,0,1
TXN-005697,33636.5,WALLET,874,694,21,5,0.658,0.613,1,1
TXN-005698,110059.13,WALLET,2109,864,15,5,0.264,0.826,0,0
TXN-005699,137534.45,CARD,538,7,15,0,0.532,0.976,0,1
TXN-005700,17284.69,CARD,1614,1235,16,5,0.082,0.715,0,0
TXN-005701,51490.82,WALLET,1099,43,12,2,0.077,0.065,1,0
TXN-005702,104770.39,NETBANKING,498,251,30,3,0.289,0.39,0,1
TXN-005703,66638.9,UPI,1216,733,3,1,0.835,0.524,0,0
TXN-005704,4590.0,UPI,203,484,12,3,0.683,0.224,0,1
TXN-005705,46777.12,CARD,1046,824,2,0,0.889,0.963,1,1
TXN-005706,98250.77,WALLET,732,820,25,1,0.1,0.335,1,1
TXN-005707,65279.0,WALLET,217,550,30,5,0.774,0.737,0,1
TXN-005708,145887.89,NETBANKING,1142,1374,2,3,0.271,0.746,1,1
TXN-005709,54050.33,NETBANKING,2183,1030,30,3,0.398,0.623,0,1
TXN-005710,114775.97,NETBANKING,311,360,3,1,0.238,0.569,0,0
TXN-005711,96512.34,WALLET,174,1446,13,1,0.464,0.226,0,0
TXN-005712,144561.03,CARD,1563,183,4,1,0.846,0.986,1,1
TXN-005713,48116.52,UPI,1772,332,27,4,0.507,0.497,0,0
TXN-005714,144588.49,UPI,2330,882,9,3,0.118,0.375,1,1
TXN-005715,147597.12,NETBANKING,1659,1480,2,0,0.435,0.423,0,0
TXN-005716,117784.92,NETBANKING,946,281,10,4,0.451,0.336,0,1
TXN-005717,96251.23,UPI,2338,1154,7,1,0.378,0.022,1,0
TXN-005718,94893.93,WALLET,1169,272,28,5,0.189,0.393,0,0
TXN-005719,1381.77,CARD,1852,163,15,0,0.55,0.322,1,0
TXN-005720,143408.88,UPI,601,81,9,3,0.338,0.327,0,1
TXN-005721,103585.48,CARD,1601,400,23,4,0.667,0.113,1,0
TXN-005722,121655.55,CARD,864,120,29,2,0.968,0.183,0,1
TXN-005723,112459.34,CARD,126,619,21,4,0.446,0.938,0,1
TXN-005724,137325.79,UPI,715,475,7,2,0.772,0.834,1,1
TXN-005725,94507.33,NETBANKING,2446,15,3,1,0.6,0.59,1,0
TXN-005726,133210.42,UPI,960,429,15,0,0.744,0.321,0,0
TXN-005727,99343.0,NETBANKING,203,1483,30,3,0.706,0.602,0,0
TXN-005728,90637.12,CARD,805,843,19,3,0.749,0.623,1,0
TXN-005729,84188.83,UPI,978,1124,1,5,0.019,0.685,0,0
TXN-005730,137682.52,WALLET,814,1440,13,0,0.299,0.942,0,0
TXN-005731,11574.08,NETBANKING,1495,862,3,5,0.72,0.536,1,0
TXN-005732,1851.84,NETBANKING,620,1185,6,1,0.931,0.063,1,0
TXN-005733,86955.4,NETBANKING,2141,1190,7,5,0.65,0.042,0,0
TXN-005734,72168.64,CARD,606,1490,26,1,0.654,0.882,0,0
TXN-005735,66028.05,CARD,142,186,20,2,0.267,0.006,1,1
TXN-005736,141045.71,NETBANKING,621,695,8,3,0.292,0.267,0,0
TXN-005737,75225.27,NETBANKING,1948,1023,2,1,0.215,0.131,0,1
TXN-005738,9956.38,WALLET,281,1224,28,0,0.011,0.641,1,0
TXN-005739,105629.61,CARD,983,636,29,0,0.028,0.747,0,1
TXN-005740,7005.28,WALLET,833,218,2,3,0.763,0.424,1,1
TXN-005741,10029.08,WALLET,1918,885,27,5,0.921,0.611,0,0
TXN-005742,95098.13,WALLET,766,1154,14,1,0.724,0.02,0,0
TXN-005743,106442.13,UPI,238,192,23,2,0.063,0.722,1,1
TXN-005744,88886.83,CARD,867,97,13,2,0.097,0.479,1,0
TXN-005745,48819.2,UPI,1311,312,29,4,0.514,0.985,0,0
TXN-005746,123648.44,NETBANKING,1716,1155,1,2,0.843,0.506,1,1
TXN-005747,13159.18,UPI,1062,258,26,0,0.76,0.479,0,0
TXN-005748,123302.72,NETBANKING,520,792,8,1,0.165,0.748,0,1
TXN-005749,34686.09,CARD,1318,1131,21,0,0.862,0.683,0,1
TXN-005750,112255.88,UPI,116,291,8,1,0.318,0.139,0,0
TXN-005751,70320.22,UPI,1516,970,29,0,0.894,0.939,1,1
TXN-005752,149291.93,UPI,1081,197,13,0,0.312,0.342,0,0
TXN-005753,45731.95,UPI,2061,1173,5,2,0.825,0.664,0,0
TXN-005754,93966.85,CARD,803,473,2,2,0.817,0.217,0,0
TXN-005755,12291.46,UPI,1476,1358,17,2,0.236,0.003,0,0
TXN-005756,54165.01,UPI,2444,1223,9,4,0.063,0.569,0,0
TXN-005757,29454.83,CARD,276,361,27,4,0.872,0.697,0,1
TXN-005758,116382.94,NETBANKING,243,321,29,1,0.01,0.531,0,0
TXN-005759,44636.65,WALLET,2362,1426,5,3,0.594,0.065,0,0
TXN-005760,11494.81,CARD,1515,1217,4,2,0.435,0.629,0,0
TXN-005761,6190.53,WALLET,2416,1038,30,1,0.275,0.006,0,0
TXN-005762,97838.75,UPI,410,64,18,5,0.804,0.22,0,0
TXN-005763,46419.08,WALLET,832,359,4,2,0.359,0.651,0,0
TXN-005764,48136.59,UPI,2025,671,5,4,0.376,0.796,0,0
TXN-005765,134654.45,UPI,135,276,11,4,0.197,0.839,0,1
TXN-005766,51614.31,UPI,758,298,18,3,0.953,0.267,1,1
TXN-005767,96795.66,NETBANKING,559,469,12,0,0.628,0.937,0,0
TXN-005768,46687.72,UPI,1236,1199,5,4,0.709,0.297,0,0
TXN-005769,106449.67,NETBANKING,2012,960,21,4,0.93,0.485,1,1
TXN-005770,125920.6,CARD,618,12,12,2,0.829,0.836,0,1
TXN-005771,37726.18,NETBANKING,774,474,1,2,0.219,0.624,1,0
TXN-005772,85112.64,CARD,1594,1058,16,2,0.291,0.239,0,1
TXN-005773,39547.69,UPI,585,1248,1,1,0.98,0.051,0,0
TXN-005774,13712.24,UPI,1228,26,16,2,0.374,0.571,1,1
TXN-005775,127796.15,CARD,1034,1037,10,5,0.736,0.288,0,1
TXN-005776,138992.61,WALLET,1379,727,1,4,0.148,0.229,0,0
TXN-005777,12119.49,WALLET,350,1191,29,2,0.684,0.535,0,1
TXN-005778,124561.23,CARD,1985,250,10,3,0.223,0.343,0,1
TXN-005779,78013.0,WALLET,880,1294,23,4,0.444,0.053,0,0
TXN-005780,114671.13,CARD,1973,125,10,4,0.262,0.877,0,0
TXN-005781,43946.12,CARD,1556,723,11,4,0.324,0.181,0,1
TXN-005782,108200.94,CARD,495,60,17,0,0.504,0.648,1,0
TXN-005783,111967.7,UPI,1037,483,22,4,0.522,0.176,0,1
TXN-005784,125504.94,UPI,2402,1174,9,5,0.28,0.992,1,0
TXN-005785,124033.82,CARD,1214,79,14,1,0.884,0.722,0,1
TXN-005786,52729.43,WALLET,775,1483,8,3,0.059,0.862,0,1
TXN-005787,123300.56,WALLET,783,596,21,4,0.12,0.265,0,0
TXN-005788,99656.66,UPI,1844,516,19,1,0.144,0.662,0,0
TXN-005789,20579.57,NETBANKING,431,1309,9,0,0.593,0.512,0,0
TXN-005790,98687.68,NETBANKING,1529,843,12,4,0.65,0.604,0,0
TXN-005791,130614.75,CARD,1946,1413,26,1,0.415,0.847,0,0
TXN-005792,34667.02,UPI,741,201,10,3,0.244,0.499,0,0
TXN-005793,120883.83,NETBANKING,704,1105,30,3,0.217,0.24,0,1
TXN-005794,103230.28,WALLET,1153,978,9,5,0.291,0.2,0,1
TXN-005795,141850.02,UPI,1639,33,17,1,0.298,0.167,1,0
TXN-005796,117098.69,CARD,2397,417,9,4,0.691,0.688,0,0
TXN-005797,89954.59,CARD,1491,449,20,5,0.809,0.336,0,0
TXN-005798,111305.99,NETBANKING,613,1444,26,3,0.134,0.414,0,0
TXN-005799,110218.54,UPI,368,428,14,0,0.583,0.412,0,1
TXN-005800,21448.46,WALLET,1835,715,19,2,0.811,0.298,0,0
TXN-005801,3715.69,NETBANKING,1400,462,29,1,0.974,0.442,0,0
TXN-005802,104427.54,CARD,1885,817,5,2,0.245,0.409,0,1
TXN-005803,5888.3,WALLET,2415,1087,6,1,0.709,0.64,1,0
TXN-005804,73647.36,CARD,1495,858,8,4,0.185,0.108,0,0
TXN-005805,21381.67,WALLET,1794,451,11,5,0.672,0.929,0,1
TXN-005806,45084.58,WALLET,2144,703,26,0,0.037,0.294,1,0
TXN-005807,99899.96,CARD,2398,480,28,5,0.399,0.994,0,0
TXN-005808,129672.06,UPI,2231,912,19,1,0.57,0.54,0,0
TXN-005809,132329.08,WALLET,1856,876,8,4,0.375,0.23,0,0
TXN-005810,60513.76,UPI,1855,740,12,0,0.257,0.651,0,0
TXN-005811,143023.41,CARD,2051,1175,2,0,0.066,0.317,0,1
TXN-005812,147838.97,WALLET,2447,25,16,3,0.853,0.92,1,1
TXN-005813,77521.76,NETBANKING,1697,1447,3,3,0.426,0.04,0,1
TXN-005814,138452.04,UPI,593,350,29,1,0.679,0.294,0,1
TXN-005815,104512.88,NETBANKING,379,969,23,2,0.562,0.398,0,1
TXN-005816,74730.58,UPI,1224,448,18,4,0.201,0.754,0,0
TXN-005817,101064.83,NETBANKING,104,1276,19,5,0.118,0.774,1,1
TXN-005818,114955.52,NETBANKING,1835,911,29,2,0.167,0.21,0,0
TXN-005819,101895.2,WALLET,106,1480,27,2,0.3,0.154,1,1
TXN-005820,127228.98,WALLET,1341,291,19,3,0.459,0.594,0,1
TXN-005821,90668.38,UPI,1759,840,18,0,0.49,0.88,0,1
TXN-005822,11970.32,WALLET,2331,965,16,3,0.383,0.669,0,1
TXN-005823,3831.19,CARD,1762,631,25,1,0.217,0.167,0,0
TXN-005824,21237.4,NETBANKING,416,339,9,2,0.655,0.401,0,0
TXN-005825,134154.47,CARD,1479,529,27,5,0.82,0.577,0,0
TXN-005826,85421.49,WALLET,1366,535,12,1,0.329,0.313,0,0
TXN-005827,107492.98,CARD,1728,621,28,4,0.94,0.026,1,1
TXN-005828,76734.11,WALLET,1519,1386,16,1,0.059,0.729,0,1
TXN-005829,29552.94,UPI,1661,208,10,1,0.812,0.51,0,0
TXN-005830,89997.09,UPI,1698,1225,19,5,0.742,0.114,1,1
TXN-005831,126508.79,UPI,246,529,10,4,0.059,0.096,0,0
TXN-005832,38160.43,UPI,1577,1455,18,4,0.467,0.314,0,0
TXN-005833,21421.62,WALLET,1983,1266,26,0,0.336,0.962,1,1
TXN-005834,107866.66,NETBANKING,870,1496,25,2,0.961,0.99,1,1
TXN-005835,8169.39,WALLET,2022,416,8,4,0.003,0.031,0,0
TXN-005836,121939.84,CARD,1712,1493,22,5,0.94,0.887,0,1
TXN-005837,123385.01,CARD,841,289,30,0,0.034,0.969,1,1
TXN-005838,56334.44,CARD,915,532,18,3,0.524,0.615,0,0
TXN-005839,9634.19,NETBANKING,1794,1321,10,3,0.469,0.858,0,1
TXN-005840,47573.68,NETBANKING,447,683,29,3,0.07,0.929,0,1
TXN-005841,22530.39,WALLET,2345,316,9,3,0.81,0.7,0,1
TXN-005842,34340.82,CARD,154,81,25,2,0.91,0.521,0,0
TXN-005843,23491.71,CARD,1111,115,13,4,0.836,0.49,0,1
TXN-005844,148373.1,CARD,1573,398,23,5,0.006,0.854,0,0
TXN-005845,136637.38,CARD,539,1257,17,1,0.045,0.152,0,1
TXN-005846,69750.7,NETBANKING,1319,1434,2,1,0.648,0.514,0,1
TXN-005847,44879.34,UPI,1681,286,17,3,0.188,0.274,0,0
TXN-005848,123957.2,WALLET,598,1100,24,2,0.333,0.384,1,1
TXN-005849,135634.06,UPI,633,969,17,3,0.196,0.73,0,0
TXN-005850,116747.96,NETBANKING,1606,196,5,4,0.84,0.992,0,0
TXN-005851,117671.05,CARD,512,216,2,5,0.823,0.76,0,1
TXN-005852,16576.9,WALLET,1601,967,23,4,0.685,0.613,0,1
TXN-005853,17105.13,CARD,2489,302,21,4,0.685,0.52,0,1
TXN-005854,31942.63,NETBANKING,742,520,15,4,0.4,0.689,0,0
TXN-005855,6557.04,NETBANKING,1324,535,18,4,0.886,0.601,0,0
TXN-005856,45958.31,WALLET,2110,1082,18,4,0.579,0.289,1,0
TXN-005857,126744.6,WALLET,159,300,26,3,0.58,0.931,1,1
TXN-005858,7365.68,CARD,432,1159,17,4,0.617,0.187,0,0
TXN-005859,29179.82,UPI,1351,471,1,1,0.97,0.22,0,0
TXN-005860,69793.88,UPI,1416,289,19,3,0.578,0.353,1,1
TXN-005861,116767.09,WALLET,2409,1295,4,1,0.143,0.22,0,0
TXN-005862,78057.58,NETBANKING,72,623,25,0,0.422,0.486,0,1
TXN-005863,100792.41,UPI,362,668,10,5,0.272,0.647,1,1
TXN-005864,101622.73,WALLET,300,38,22,5,0.071,0.832,0,1
TXN-005865,37095.53,WALLET,1985,1390,19,5,0.49,0.015,1,0
TXN-005866,105863.08,WALLET,43,916,7,3,0.172,0.308,0,0
TXN-005867,118321.98,UPI,1163,622,30,0,0.103,0.075,1,0
TXN-005868,144429.79,CARD,1272,410,13,0,0.274,0.365,0,1
TXN-005869,2474.18,CARD,340,327,17,3,0.536,0.425,0,1
TXN-005870,44089.62,CARD,1568,496,7,1,0.035,0.282,0,0
TXN-005871,53264.7,UPI,2386,1186,22,4,0.002,0.525,0,0
TXN-005872,57122.74,WALLET,233,1287,23,1,0.476,0.822,1,1
TXN-005873,58550.82,CARD,366,625,23,3,0.28,0.334,0,1
TXN-005874,116098.09,CARD,1684,1170,14,5,0.723,0.974,0,1
TXN-005875,22362.23,WALLET,643,524,28,4,0.713,0.165,0,1
TXN-005876,20821.9,UPI,1612,148,17,3,0.685,0.646,0,0
TXN-005877,88314.57,CARD,1835,517,30,2,0.027,0.366,0,0
TXN-005878,25270.44,UPI,1760,1194,4,1,0.277,0.222,1,1
TXN-005879,50911.14,UPI,760,656,28,3,0.169,0.6,0,1
TXN-005880,45029.27,NETBANKING,239,609,5,2,0.109,0.146,0,0
TXN-005881,63418.07,WALLET,225,526,13,2,0.246,0.879,0,1
TXN-005882,69509.08,WALLET,1586,1413,1,2,0.775,0.218,0,0
TXN-005883,31544.61,NETBANKING,1957,771,13,5,0.603,0.224,0,0
TXN-005884,27896.92,CARD,1053,346,16,4,0.312,0.692,0,0
TXN-005885,115580.46,UPI,548,1034,5,3,0.975,0.159,1,1
TXN-005886,85129.34,NETBANKING,2069,151,19,2,0.693,0.037,1,1
TXN-005887,68769.84,WALLET,370,1482,1,2,0.913,0.559,0,1
TXN-005888,118697.64,WALLET,2062,546,17,0,0.03,0.851,0,1
TXN-005889,140988.51,NETBANKING,1605,1261,7,5,0.855,0.699,1,0
TXN-005890,10527.52,CARD,105,689,9,0,0.355,0.129,0,0
TXN-005891,132078.16,NETBANKING,1903,991,1,0,0.42,0.581,0,0
TXN-005892,22728.41,CARD,791,779,5,3,0.992,0.4,0,1
TXN-005893,70886.4,NETBANKING,1586,1413,5,1,0.328,0.863,0,1
TXN-005894,147275.27,NETBANKING,1473,1117,26,4,0.812,0.219,1,1
TXN-005895,139239.55,CARD,1189,99,11,0,0.057,0.828,0,0
TXN-005896,96430.37,WALLET,52,765,18,4,0.044,0.316,0,1
TXN-005897,95990.52,UPI,1380,1079,21,4,0.246,0.155,0,1
TXN-005898,16698.94,WALLET,2224,800,13,5,0.818,0.161,1,0
TXN-005899,127842.01,NETBANKING,2073,1242,13,2,0.889,0.86,1,1
TXN-005900,72385.9,UPI,1499,529,22,4,0.699,0.966,0,1
TXN-005901,83702.33,CARD,1548,796,25,5,0.848,0.306,1,1
TXN-005902,105168.96,CARD,215,477,10,5,0.142,0.943,0,0
TXN-005903,120216.8,WALLET,265,224,25,2,0.933,0.399,0,0
TXN-005904,89478.51,WALLET,1259,1376,2,2,0.439,0.493,0,1
TXN-005905,115971.7,UPI,1930,1116,6,5,0.95,0.381,0,0
TXN-005906,70713.58,UPI,1854,599,30,4,0.719,0.149,1,0
TXN-005907,105010.0,WALLET,829,26,4,4,0.898,0.427,1,1
TXN-005908,56006.15,CARD,433,974,10,2,0.652,0.314,1,1
TXN-005909,82991.89,NETBANKING,1243,464,23,4,0.023,0.392,1,1
TXN-005910,45618.4,WALLET,2358,725,12,5,0.812,0.722,0,0
TXN-005911,9937.6,WALLET,1852,1184,20,3,0.643,0.529,0,1
TXN-005912,97372.34,CARD,929,331,26,3,0.873,0.403,1,1
TXN-005913,94792.02,NETBANKING,2467,1023,7,4,0.451,0.523,0,0
TXN-005914,61338.51,WALLET,448,1093,26,0,0.674,0.482,0,1
TXN-005915,64896.55,WALLET,1410,233,3,3,0.316,0.951,0,1
TXN-005916,7574.49,UPI,143,1205,4,3,0.813,0.866,0,0
TXN-005917,63011.8,WALLET,666,932,26,4,0.697,0.833,0,1
TXN-005918,121605.97,WALLET,852,1008,7,0,0.564,0.797,0,1
TXN-005919,87279.26,UPI,518,95,2,3,0.473,0.688,0,0
TXN-005920,18177.22,NETBANKING,1729,1198,3,5,0.302,0.714,0,1
TXN-005921,124008.66,CARD,2405,524,22,2,0.293,0.878,0,1
TXN-005922,73171.76,UPI,1439,87,1,3,0.64,0.678,0,0
TXN-005923,135710.38,UPI,130,534,11,2,0.469,0.654,0,0
TXN-005924,22590.45,CARD,215,38,25,3,0.927,0.346,1,1
TXN-005925,45938.09,UPI,1217,558,5,5,0.056,0.508,0,0
TXN-005926,141804.62,UPI,1551,1126,15,1,0.068,0.5,0,1
TXN-005927,149151.15,UPI,2286,248,26,3,0.611,0.142,0,1
TXN-005928,22111.01,UPI,1087,798,23,2,0.507,0.98,0,0
TXN-005929,80953.47,UPI,1665,1373,14,2,0.546,0.684,0,0
TXN-005930,105404.72,CARD,628,79,18,3,0.864,0.685,0,1
TXN-005931,3235.17,NETBANKING,101,1170,30,3,0.83,0.602,0,0
TXN-005932,133952.72,UPI,1090,813,1,5,0.984,0.559,0,1
TXN-005933,148633.3,WALLET,2321,1415,28,2,0.925,0.311,0,1
TXN-005934,70117.78,NETBANKING,1543,880,28,3,0.089,0.962,0,1
TXN-005935,25619.92,CARD,2391,370,20,2,0.01,0.917,1,0
TXN-005936,12408.09,CARD,552,210,13,2,0.851,0.502,0,1
TXN-005937,100370.53,UPI,1360,1350,3,5,0.114,0.224,1,0
TXN-005938,9366.09,UPI,1109,700,21,4,0.088,0.665,0,0
TXN-005939,12459.75,CARD,41,556,5,0,0.088,0.561,1,0
TXN-005940,24095.7,CARD,455,161,25,4,0.439,0.394,0,0
TXN-005941,27946.49,UPI,642,1046,13,2,0.728,0.699,1,1
TXN-005942,14480.79,NETBANKING,2380,1238,21,5,0.187,0.181,1,0
TXN-005943,40774.97,NETBANKING,113,1469,24,3,0.432,0.904,0,0
TXN-005944,26598.65,CARD,550,108,29,4,0.491,0.385,0,1
TXN-005945,28299.4,CARD,1428,692,23,4,0.119,0.219,0,0
TXN-005946,25652.1,NETBANKING,1547,125,25,2,0.077,0.175,1,0
TXN-005947,17168.35,WALLET,2103,5,17,3,0.918,0.2,0,1
TXN-005948,29517.85,NETBANKING,635,122,29,5,0.992,0.464,0,1
TXN-005949,114988.19,CARD,1295,980,1,3,0.728,0.789,0,1
TXN-005950,104988.01,WALLET,2360,1261,18,0,0.897,0.889,0,1
TXN-005951,12979.47,CARD,1967,105,6,5,0.431,0.071,0,0
TXN-005952,103580.88,CARD,2038,110,5,1,0.731,0.079,0,1
TXN-005953,2581.63,CARD,55,1126,7,1,0.019,0.785,1,1
TXN-005954,34032.51,UPI,2365,487,18,2,0.843,0.782,0,0
TXN-005955,106049.79,CARD,942,110,16,1,0.08,0.588,0,0
TXN-005956,79416.8,WALLET,299,431,30,5,0.041,0.141,0,0
TXN-005957,75698.65,UPI,2407,15,1,5,0.938,0.813,0,1
TXN-005958,107731.65,WALLET,142,1242,29,3,0.53,0.368,0,0
TXN-005959,115277.73,UPI,771,1073,11,2,0.949,0.226,0,1
TXN-005960,100926.43,NETBANKING,498,1193,12,2,0.281,0.17,0,1
TXN-005961,6313.22,NETBANKING,2280,1337,17,2,0.793,0.914,0,0
TXN-005962,15603.94,UPI,6,1072,22,3,0.273,0.325,0,0
TXN-005963,94686.59,WALLET,1178,1381,27,3,0.698,0.559,0,0
TXN-005964,50872.48,WALLET,2032,1021,11,1,0.946,0.759,1,0
TXN-005965,119105.37,CARD,1510,389,5,2,0.472,0.08,0,0
TXN-005966,99578.49,UPI,1750,310,4,4,0.52,0.87,0,0
TXN-005967,42815.65,CARD,369,859,18,5,0.089,0.969,0,1
TXN-005968,92420.62,UPI,2022,97,21,2,0.904,0.341,1,1
TXN-005969,86431.03,CARD,978,52,13,5,0.955,0.065,1,1
TXN-005970,98018.21,NETBANKING,672,656,6,2,0.858,0.843,0,0
TXN-005971,9440.5,NETBANKING,1998,408,23,4,0.024,0.529,0,0
TXN-005972,98123.93,CARD,664,1487,9,1,0.329,0.602,0,0
TXN-005973,34041.62,WALLET,2448,764,30,2,0.196,0.245,0,0
TXN-005974,52676.52,UPI,1714,1264,16,4,0.516,0.195,0,1
TXN-005975,23765.42,UPI,1262,472,30,4,0.997,0.856,1,1
TXN-005976,126880.8,WALLET,1743,648,14,2,0.929,0.359,0,1
TXN-005977,2872.4,CARD,1091,998,14,4,0.401,0.741,0,1
TXN-005978,59019.36,NETBANKING,613,697,7,1,0.515,0.397,0,0
TXN-005979,142335.53,UPI,301,201,21,5,0.836,0.489,0,1
TXN-005980,109066.24,UPI,674,74,23,0,0.81,0.966,0,0
TXN-005981,24740.34,CARD,2200,879,22,0,0.408,0.048,1,1
TXN-005982,16294.14,CARD,1767,1387,9,0,0.69,0.593,1,0
TXN-005983,54251.72,UPI,2098,636,2,2,0.644,0.908,0,1
TXN-005984,121140.89,NETBANKING,2406,943,27,2,0.064,0.224,0,1
TXN-005985,128605.42,CARD,943,866,14,5,0.005,0.813,0,1
TXN-005986,130732.48,UPI,2040,1292,19,5,0.134,0.89,0,0
TXN-005987,86131.77,CARD,113,1435,11,0,0.02,0.453,1,1
TXN-005988,96194.18,UPI,1087,942,28,5,0.575,0.668,0,1
TXN-005989,146542.75,CARD,145,1210,9,3,0.577,0.913,0,0
TXN-005990,79047.51,NETBANKING,809,535,26,5,0.385,0.86,0,1
TXN-005991,91612.68,NETBANKING,1651,422,28,3,0.208,0.22,0,1
TXN-005992,1133.74,WALLET,406,781,22,3,0.812,0.152,0,1
TXN-005993,111756.74,UPI,496,258,21,4,0.807,0.804,1,1
TXN-005994,684.07,UPI,558,1204,12,1,0.052,0.664,1,0
TXN-005995,110094.24,NETBANKING,401,622,13,2,0.416,0.418,0,1
TXN-005996,5679.23,NETBANKING,966,1312,22,3,0.195,0.925,0,1
TXN-005997,56123.37,CARD,1316,720,24,2,0.428,0.165,0,1
TXN-005998,138629.48,WALLET,146,116,20,3,0.307,0.907,1,1
TXN-005999,137128.96,UPI,632,780,4,4,0.226,0.555,0,1
TXN-006000,81655.84,NETBANKING,1218,117,2,2,0.954,0.997,0,1
TXN-006001,82856.42,WALLET,2307,756,9,5,0.272,0.859,0,0
TXN-006002,54147.5,WALLET,273,329,8,2,0.017,0.984,0,1
TXN-006003,4041.87,NETBANKING,104,1289,3,2,0.026,0.43,1,1
TXN-006004,14826.61,UPI,1881,280,25,1,0.042,0.301,0,0
TXN-006005,77719.4,CARD,1217,174,22,4,0.548,0.359,0,1
TXN-006006,16646.59,CARD,1827,306,7,0,0.718,0.457,0,1
TXN-006007,31869.82,UPI,2053,911,15,2,0.578,0.514,1,1
TXN-006008,130059.09,NETBANKING,668,658,18,2,0.868,0.809,0,1
TXN-006009,40610.95,NETBANKING,1017,863,30,0,0.289,0.548,0,0
TXN-006010,147709.02,NETBANKING,2288,829,24,0,0.426,0.263,0,1
TXN-006011,23215.79,UPI,2326,1388,13,4,0.192,0.781,0,0
TXN-006012,7408.92,NETBANKING,1457,35,17,4,0.001,0.428,1,0
TXN-006013,49914.63,NETBANKING,28,1286,11,5,0.66,0.181,1,1
TXN-006014,72448.25,NETBANKING,1942,842,24,4,0.887,0.608,0,1
TXN-006015,136485.42,UPI,1456,201,27,4,0.237,0.308,0,1
TXN-006016,54481.78,WALLET,217,255,30,2,0.177,0.919,0,1
TXN-006017,30262.11,CARD,1560,1114,8,2,0.036,0.876,0,1
TXN-006018,44782.42,UPI,1179,797,1,3,0.359,0.907,1,1
TXN-006019,63505.55,WALLET,809,635,20,0,0.415,0.866,0,0
TXN-006020,144505.04,UPI,1069,735,11,5,0.296,0.416,0,1
TXN-006021,90121.53,CARD,303,1430,5,5,0.074,0.047,0,0
TXN-006022,149776.77,CARD,2223,1002,16,1,0.929,0.967,1,1
TXN-006023,142077.93,WALLET,2290,1232,26,4,0.094,0.571,0,0
TXN-006024,104068.11,WALLET,1580,881,17,5,0.507,0.931,0,1
TXN-006025,4968.58,CARD,923,1091,3,5,0.18,0.14,0,1
TXN-006026,136920.09,UPI,1475,625,7,4,0.23,0.377,1,1
TXN-006027,36858.67,NETBANKING,1017,1214,11,1,0.857,0.178,0,1
TXN-006028,137083.64,CARD,1511,1068,10,4,0.413,0.865,0,1
TXN-006029,33773.23,CARD,45,229,30,5,0.608,0.38,1,1
TXN-006030,16662.77,CARD,2079,727,11,5,0.364,0.354,0,0
TXN-006031,13887.28,WALLET,1544,188,10,1,0.386,0.419,0,0
TXN-006032,74221.9,UPI,1054,1290,25,5,0.09,0.016,0,0
TXN-006033,26883.52,WALLET,1129,1266,4,1,0.927,0.656,0,0
TXN-006034,149605.06,NETBANKING,1658,545,5,2,0.15,0.339,0,0
TXN-006035,113142.46,UPI,28,743,25,1,0.442,0.991,0,1
TXN-006036,134154.06,WALLET,811,528,7,2,0.547,0.608,1,1
TXN-006037,124683.3,UPI,101,346,9,1,0.022,0.79,0,1
TXN-006038,118809.43,WALLET,1630,273,12,5,0.582,0.976,0,1
TXN-006039,16765.95,CARD,2061,637,17,2,0.175,0.484,0,1
TXN-006040,135052.31,CARD,319,1454,20,2,0.055,0.742,0,1
TXN-006041,84542.11,UPI,830,886,16,0,0.437,0.631,1,0
TXN-006042,100286.03,UPI,626,787,28,1,0.69,0.688,0,0
TXN-006043,46350.21,NETBANKING,1436,1322,30,2,0.003,0.466,0,0
TXN-006044,90554.27,WALLET,191,455,28,4,0.162,0.274,0,0
TXN-006045,74482.86,NETBANKING,1827,1285,22,1,0.278,0.91,0,0
TXN-006046,44252.62,NETBANKING,1970,528,19,3,0.851,0.568,0,1
TXN-006047,10643.77,NETBANKING,521,339,24,0,0.979,0.625,0,0
TXN-006048,87774.46,UPI,672,401,14,5,0.561,0.412,0,1
TXN-006049,35651.8,NETBANKING,415,147,8,5,0.586,0.71,0,0
TXN-006050,86348.9,NETBANKING,1482,921,1,1,0.08,0.402,0,0
TXN-006051,123025.62,CARD,649,570,16,0,0.85,0.188,1,1
TXN-006052,41682.07,CARD,1798,734,15,2,0.709,0.681,0,0
TXN-006053,66294.58,CARD,794,11,3,3,0.339,0.984,1,1
TXN-006054,67362.26,UPI,1522,1154,3,3,0.391,0.972,0,0
TXN-006055,139265.48,WALLET,595,1143,13,2,0.154,0.768,0,0
TXN-006056,72077.41,UPI,1246,991,30,1,0.88,0.174,0,1
TXN-006057,141945.1,WALLET,1300,167,13,2,0.793,0.879,0,0
TXN-006058,40285.78,UPI,115,1063,11,5,0.225,0.736,0,0
TXN-006059,2949.35,WALLET,1630,1420,4,5,0.613,0.037,1,0
TXN-006060,119059.94,WALLET,1349,1180,23,0,0.226,0.105,0,0
TXN-006061,99564.73,WALLET,2128,157,11,3,0.908,0.694,0,0
TXN-006062,10194.36,NETBANKING,1776,967,2,5,0.575,0.899,0,0
TXN-006063,82069.63,NETBANKING,485,1499,14,4,0.178,0.201,1,1
TXN-006064,77430.84,WALLET,1225,124,3,2,0.948,0.288,0,0
TXN-006065,59904.96,NETBANKING,367,217,18,4,0.641,0.08,0,1
TXN-006066,76747.34,UPI,2292,657,4,5,0.252,0.895,0,1
TXN-006067,98861.94,WALLET,2341,649,10,0,0.141,0.094,0,0
TXN-006068,102985.55,CARD,1568,1204,20,2,0.462,0.966,1,1
TXN-006069,6910.95,WALLET,2241,599,12,0,0.626,0.168,0,0
TXN-006070,77923.86,WALLET,2196,1258,22,1,0.044,0.537,0,0
TXN-006071,123679.53,NETBANKING,11,1176,13,5,0.877,0.737,0,0
TXN-006072,144198.38,CARD,1432,1163,26,5,0.357,0.442,0,0
TXN-006073,108667.68,NETBANKING,817,372,23,3,0.129,0.802,0,1
TXN-006074,55353.41,NETBANKING,2384,1327,1,2,0.938,0.498,0,0
TXN-006075,99954.25,WALLET,1047,767,26,5,0.898,0.948,1,1
TXN-006076,60160.07,CARD,2309,534,17,0,0.855,0.923,0,0
TXN-006077,103396.4,WALLET,611,1196,10,1,0.446,0.62,0,0
TXN-006078,142109.99,CARD,1852,1421,20,4,0.781,0.029,0,1
TXN-006079,25073.47,CARD,875,1185,15,4,0.919,0.797,0,1
TXN-006080,129258.93,NETBANKING,689,615,22,1,0.985,0.284,0,0
TXN-006081,19037.07,CARD,585,194,1,1,0.997,0.472,0,1
TXN-006082,27739.18,NETBANKING,1080,302,16,0,0.793,0.515,0,0
TXN-006083,9190.08,NETBANKING,771,61,30,3,0.105,0.823,1,0
TXN-006084,139871.89,NETBANKING,1415,52,26,4,0.132,0.494,0,1
TXN-006085,149889.7,UPI,2437,1011,9,4,0.552,0.701,0,0
TXN-006086,38815.47,CARD,700,390,6,4,0.399,0.995,0,1
TXN-006087,61193.73,WALLET,384,1427,27,5,0.7,0.485,0,1
TXN-006088,122749.08,NETBANKING,219,835,14,0,0.912,0.27,0,1
TXN-006089,100296.76,UPI,643,1305,9,5,0.85,0.115,1,1
TXN-006090,61475.24,WALLET,1628,366,24,0,0.023,0.938,0,1
TXN-006091,27254.26,WALLET,2298,556,16,1,0.731,0.156,0,1
TXN-006092,46869.58,UPI,2423,268,9,2,0.214,0.585,0,0
TXN-006093,119626.64,WALLET,1169,304,19,3,0.745,0.708,0,0
TXN-006094,118720.14,WALLET,564,1008,22,1,0.068,0.861,1,1
TXN-006095,137175.37,NETBANKING,1095,798,5,0,0.211,0.282,0,0
TXN-006096,86557.07,UPI,1788,1393,16,1,0.282,0.148,0,1
TXN-006097,13817.38,NETBANKING,102,950,21,4,0.773,0.863,0,0
TXN-006098,89670.25,UPI,2026,118,7,4,0.812,0.849,0,1
TXN-006099,127596.47,CARD,1086,293,10,3,0.057,0.667,0,1
TXN-006100,19259.53,WALLET,399,863,24,2,0.05,0.028,1,0
TXN-006101,39614.45,NETBANKING,910,1305,9,5,0.714,0.364,0,0
TXN-006102,32809.16,WALLET,326,1026,2,0,0.139,0.92,0,0
TXN-006103,140109.76,WALLET,1462,1304,19,4,0.712,0.62,1,1
TXN-006104,60773.69,NETBANKING,1715,575,13,5,0.422,0.377,0,0
TXN-006105,107192.14,CARD,1240,1439,17,0,0.393,0.584,0,1
TXN-006106,45333.28,CARD,662,227,14,5,0.256,0.353,0,0
TXN-006107,43106.37,CARD,492,628,13,0,0.013,0.284,1,0
TXN-006108,93172.58,UPI,1370,1029,4,4,0.957,0.192,0,0
TXN-006109,60108.38,UPI,1322,1220,22,0,0.537,0.227,0,1
TXN-006110,68646.68,UPI,149,658,15,4,0.217,0.256,0,0
TXN-006111,5478.76,NETBANKING,242,1348,30,1,0.999,0.272,0,1
TXN-006112,64528.13,NETBANKING,154,258,24,5,0.608,0.298,0,0
TXN-006113,84184.66,NETBANKING,11,392,26,0,0.145,0.757,0,1
TXN-006114,86045.98,NETBANKING,2337,355,30,2,0.07,0.695,0,1
TXN-006115,48465.7,CARD,1553,95,4,4,0.086,0.646,0,1
TXN-006116,6730.06,CARD,620,1422,12,1,0.537,0.397,0,0
TXN-006117,104342.72,UPI,1925,1187,5,0,0.654,0.338,0,0
TXN-006118,15015.5,NETBANKING,1673,1133,16,1,0.379,0.118,0,1
TXN-006119,18405.03,CARD,2233,528,12,0,0.865,0.363,1,0
TXN-006120,33625.9,CARD,440,311,4,1,0.803,0.809,0,1
TXN-006121,38346.56,WALLET,1555,1428,13,1,0.828,0.111,0,0
TXN-006122,11832.56,CARD,2427,566,28,2,0.014,0.384,0,0
TXN-006123,17016.35,CARD,39,703,23,4,0.275,0.558,0,1
TXN-006124,92900.12,WALLET,253,58,16,2,0.516,0.921,0,1
TXN-006125,144109.2,CARD,1756,1274,9,0,0.871,0.35,1,0
TXN-006126,67308.95,NETBANKING,1584,753,18,1,0.336,0.328,1,0
TXN-006127,83831.08,WALLET,362,289,7,5,0.34,0.521,1,0
TXN-006128,779.33,CARD,172,1439,24,4,0.062,0.866,1,0
TXN-006129,100957.27,NETBANKING,1583,509,13,3,0.404,0.194,0,0
TXN-006130,103508.39,WALLET,1012,419,18,4,0.459,0.308,0,0
TXN-006131,27319.29,NETBANKING,807,1456,12,4,0.825,0.742,1,0
TXN-006132,24261.48,WALLET,698,1049,27,5,0.772,0.911,1,0
TXN-006133,132657.46,NETBANKING,1565,29,10,0,0.176,0.658,0,0
TXN-006134,137163.78,WALLET,1150,1112,3,1,0.24,0.5,0,1
TXN-006135,111935.79,CARD,950,666,25,0,0.406,0.517,0,0
TXN-006136,33514.4,WALLET,109,803,23,1,0.872,0.196,0,0
TXN-006137,89975.05,NETBANKING,1927,1431,24,4,0.687,0.471,0,0
TXN-006138,63002.3,UPI,787,1360,4,5,0.636,0.924,0,1
TXN-006139,27527.72,NETBANKING,2115,234,27,5,0.177,0.641,0,0
TXN-006140,42764.04,CARD,1887,1015,4,4,0.733,0.348,0,0
TXN-006141,88144.49,UPI,932,818,10,2,0.679,0.471,1,1
TXN-006142,75420.75,NETBANKING,1272,89,24,0,0.797,0.447,0,0
TXN-006143,13295.39,WALLET,452,967,21,1,0.353,0.856,0,0
TXN-006144,137279.22,CARD,1812,241,21,4,0.846,0.265,0,0
TXN-006145,138947.75,NETBANKING,475,331,4,5,0.827,0.991,0,0
TXN-006146,139466.36,WALLET,939,802,11,0,0.852,0.218,0,1
TXN-006147,6429.41,CARD,790,929,25,0,0.656,0.163,0,0
TXN-006148,27862.95,CARD,31,449,28,2,0.514,0.781,1,0
TXN-006149,92910.16,NETBANKING,340,1275,26,5,0.959,0.634,0,1
TXN-006150,4791.43,NETBANKING,2075,1160,15,1,0.233,0.765,1,0
TXN-006151,85288.61,NETBANKING,1467,321,28,1,0.6,0.611,0,1
TXN-006152,94641.52,NETBANKING,1455,1148,26,2,0.913,0.842,0,0
TXN-006153,48278.12,WALLET,729,1184,4,1,0.6,0.657,1,0
TXN-006154,37345.55,NETBANKING,966,934,1,5,0.428,0.216,0,1
TXN-006155,11233.97,UPI,2493,725,12,3,0.795,0.189,1,0
TXN-006156,17998.07,WALLET,518,145,29,2,0.691,0.635,0,0
TXN-006157,110882.6,CARD,2035,579,27,3,0.051,0.643,0,1
TXN-006158,143372.14,WALLET,221,262,13,5,0.511,0.828,0,0
TXN-006159,38750.87,UPI,1367,464,25,0,0.531,0.552,0,0
TXN-006160,76074.92,WALLET,1599,253,15,1,0.462,0.887,0,1
TXN-006161,44187.82,UPI,1531,1149,26,4,0.173,0.528,0,0
TXN-006162,71570.6,NETBANKING,2318,912,9,2,0.015,0.964,0,1
TXN-006163,40175.7,NETBANKING,207,1418,16,5,0.995,0.64,0,0
TXN-006164,145224.85,UPI,398,666,28,2,0.626,0.182,0,0
TXN-006165,142148.0,CARD,221,233,12,4,0.064,0.229,0,0
TXN-006166,28666.65,UPI,1777,1306,20,2,0.636,0.839,0,0
TXN-006167,22117.84,CARD,1077,671,26,0,0.832,0.551,0,0
TXN-006168,140013.78,UPI,889,1000,28,3,0.383,0.468,1,1
TXN-006169,1593.78,UPI,1407,1469,29,0,0.712,0.29,0,1
TXN-006170,34443.92,NETBANKING,91,1429,24,0,0.659,0.725,0,0
TXN-006171,41085.17,CARD,1316,462,4,3,0.19,0.146,0,1
TXN-006172,135345.82,NETBANKING,641,318,10,5,0.709,0.067,0,1
TXN-006173,82875.48,UPI,567,850,24,4,0.566,0.873,0,1
TXN-006174,32949.76,CARD,1933,492,18,1,0.85,0.726,1,0
TXN-006175,81971.5,WALLET,111,1467,30,3,0.969,0.993,0,0
TXN-006176,76658.06,NETBANKING,1799,106,20,1,0.878,0.62,0,1
TXN-006177,15651.69,CARD,2435,518,28,2,0.819,0.98,1,1
TXN-006178,841.9,NETBANKING,1348,931,28,4,0.262,0.596,0,0
TXN-006179,35155.85,WALLET,1943,235,29,2,0.656,0.824,0,0
TXN-006180,2062.7,UPI,313,1040,8,3,0.409,0.616,0,0
TXN-006181,117785.22,UPI,898,969,17,0,0.113,0.044,0,0
TXN-006182,96546.76,NETBANKING,1037,523,11,1,0.775,0.843,0,1
TXN-006183,20167.57,UPI,2306,1394,26,2,0.076,0.881,0,1
TXN-006184,102971.56,CARD,1647,725,29,4,0.64,0.133,0,1
TXN-006185,45076.45,WALLET,708,1394,29,0,0.85,0.007,1,0
TXN-006186,44826.51,UPI,1263,492,15,3,0.166,0.179,0,0
TXN-006187,64499.34,CARD,321,572,19,1,0.355,0.536,0,0
TXN-006188,73888.39,CARD,1899,853,28,5,0.851,0.591,1,1
TXN-006189,143618.62,WALLET,1012,182,4,0,0.793,0.818,0,0
TXN-006190,147564.91,NETBANKING,2378,450,7,2,0.939,0.314,0,0
TXN-006191,86232.91,UPI,82,1014,9,3,0.871,0.473,0,0
TXN-006192,121898.03,UPI,427,1075,17,1,0.096,0.932,0,1
TXN-006193,115908.89,UPI,1328,1365,25,4,0.921,0.892,1,0
TXN-006194,6857.09,CARD,1510,458,23,3,0.909,0.406,0,0
TXN-006195,19733.86,NETBANKING,1111,1204,13,3,0.03,0.819,0,1
TXN-006196,95171.64,CARD,2030,261,7,4,0.028,0.456,0,0
TXN-006197,126268.07,WALLET,737,1235,13,5,0.897,0.522,0,1
TXN-006198,25449.42,UPI,1088,349,13,4,0.325,0.686,0,0
TXN-006199,94609.54,WALLET,2074,1080,19,2,0.937,0.972,1,0
TXN-006200,10640.4,UPI,940,387,24,0,0.921,0.297,0,0
TXN-006201,149342.23,NETBANKING,2180,710,14,2,0.87,0.748,0,1
TXN-006202,38805.3,NETBANKING,1193,198,13,1,0.092,0.725,0,0
TXN-006203,73087.9,UPI,256,453,8,3,0.586,0.257,0,0
TXN-006204,17603.18,UPI,1744,1379,13,0,0.375,0.674,1,0
TXN-006205,80350.19,NETBANKING,1716,1216,30,0,0.753,0.724,1,0
TXN-006206,7914.4,UPI,1798,289,9,1,0.951,0.477,0,0
TXN-006207,84265.15,WALLET,1893,299,5,3,0.835,0.424,0,1
TXN-006208,92930.41,WALLET,255,183,24,2,0.715,0.045,0,0
TXN-006209,86340.8,NETBANKING,1593,718,3,3,0.897,0.788,1,0
TXN-006210,21533.03,UPI,2470,656,5,3,0.093,0.123,0,1
TXN-006211,87797.08,CARD,1944,288,29,0,0.998,0.772,0,0
TXN-006212,69444.29,CARD,897,275,22,2,0.554,0.701,0,1
TXN-006213,132212.21,CARD,75,73,10,5,0.968,0.242,0,0
TXN-006214,96313.26,WALLET,2323,236,22,2,0.246,0.747,1,1
TXN-006215,83535.55,UPI,2208,1024,23,3,0.165,0.282,0,1
TXN-006216,4255.05,UPI,144,891,22,5,0.065,0.348,1,0
TXN-006217,13825.58,CARD,609,1176,23,4,0.431,0.193,0,0
TXN-006218,44911.01,UPI,315,1134,3,4,0.48,0.363,0,0
TXN-006219,45191.87,CARD,1577,1324,3,1,0.339,0.285,0,0
TXN-006220,138013.83,UPI,535,639,3,2,0.815,0.16,0,0
TXN-006221,118548.1,CARD,870,1119,15,1,0.017,0.683,0,0
TXN-006222,122532.36,WALLET,2467,1422,12,3,0.227,0.743,0,1
TXN-006223,111323.77,NETBANKING,422,45,18,4,0.857,0.37,0,1
TXN-006224,115912.51,NETBANKING,26,396,16,3,0.262,0.299,0,0
TXN-006225,141132.82,NETBANKING,1309,740,5,5,0.917,0.823,0,0
TXN-006226,93286.09,NETBANKING,514,347,17,2,0.998,0.922,0,0
TXN-006227,112881.5,CARD,606,720,29,2,0.528,0.431,0,1
TXN-006228,28547.15,CARD,45,713,14,0,0.807,0.629,0,1
TXN-006229,100698.21,CARD,2018,287,7,5,0.985,0.831,0,1
TXN-006230,111395.51,UPI,866,759,24,5,0.176,0.924,0,1
TXN-006231,77532.2,UPI,2345,1125,7,5,0.731,0.507,1,0
TXN-006232,31070.93,UPI,772,1058,26,5,0.605,0.63,1,0
TXN-006233,3248.54,UPI,2090,314,18,4,0.407,0.92,1,1
TXN-006234,39968.43,CARD,1302,1320,26,4,0.422,0.984,0,1
TXN-006235,84202.56,NETBANKING,2224,1075,25,3,0.486,0.951,1,1
TXN-006236,68645.91,WALLET,2331,106,6,2,0.284,0.261,0,0
TXN-006237,140259.33,WALLET,1114,1054,9,0,0.691,0.947,1,0
TXN-006238,70822.57,CARD,2363,83,26,3,0.907,0.256,0,0
TXN-006239,96106.22,UPI,372,617,15,3,0.541,0.55,0,1
TXN-006240,101002.13,UPI,1376,1276,13,2,0.765,0.375,1,1
TXN-006241,117055.96,NETBANKING,2207,517,29,2,0.963,0.324,0,1
TXN-006242,132577.54,CARD,706,854,7,1,0.261,0.682,0,1
TXN-006243,71145.04,WALLET,1672,178,23,2,0.306,0.424,0,0
TXN-006244,8891.78,NETBANKING,1928,252,2,3,0.043,0.116,0,0
TXN-006245,25096.28,CARD,1391,1207,14,0,0.377,0.351,0,0
TXN-006246,133251.35,NETBANKING,94,1220,22,2,0.289,0.435,0,1
TXN-006247,105465.54,WALLET,272,1092,4,3,0.284,0.44,0,1
TXN-006248,142876.56,WALLET,875,889,20,5,0.679,0.635,1,0
TXN-006249,142805.45,UPI,905,869,12,4,0.7,0.763,0,1
TXN-006250,65694.35,NETBANKING,881,400,10,0,0.567,0.682,0,0
TXN-006251,118437.69,UPI,818,424,7,2,0.864,0.999,0,1
TXN-006252,146270.22,WALLET,1183,1275,14,5,0.224,0.501,1,1
TXN-006253,38673.18,CARD,1603,255,27,5,0.049,0.332,1,0
TXN-006254,22910.35,CARD,694,427,30,0,0.046,0.703,1,0
TXN-006255,77199.88,NETBANKING,1716,289,2,2,0.839,0.134,0,0
TXN-006256,58944.31,CARD,1925,338,13,1,0.743,0.046,1,1
TXN-006257,65817.58,WALLET,1050,222,18,0,0.822,0.689,0,1
TXN-006258,53437.64,UPI,793,226,19,2,0.526,0.74,1,1
TXN-006259,104823.28,NETBANKING,860,1221,9,3,0.233,0.447,0,0
TXN-006260,113881.54,NETBANKING,1148,968,8,3,0.286,0.461,0,1
TXN-006261,39692.42,WALLET,2440,414,4,5,0.651,0.6,0,1
TXN-006262,37240.8,WALLET,1816,1051,4,5,0.145,0.107,0,0
TXN-006263,114496.2,CARD,1798,503,19,5,0.592,0.452,0,0
TXN-006264,37647.73,NETBANKING,2214,1093,29,3,0.084,0.395,0,1
TXN-006265,84565.67,UPI,1633,497,5,4,0.458,0.321,0,0
TXN-006266,75199.57,UPI,64,580,5,0,0.805,0.977,1,1
TXN-006267,78019.92,NETBANKING,1881,835,23,0,0.069,0.571,0,0
TXN-006268,85888.4,CARD,2022,1101,22,1,0.389,0.715,0,0
TXN-006269,85094.73,CARD,68,1024,22,5,0.576,0.988,0,0
TXN-006270,16308.08,CARD,1655,267,9,0,0.507,0.191,1,0
TXN-006271,22569.31,WALLET,1069,810,16,2,0.875,0.926,0,0
TXN-006272,125965.16,CARD,1348,47,12,2,0.649,0.466,1,1
TXN-006273,83411.63,UPI,1534,1184,11,2,0.479,0.181,0,0
TXN-006274,85583.99,CARD,920,623,26,1,0.662,0.866,0,0
TXN-006275,127633.78,NETBANKING,789,1385,17,5,0.514,0.789,0,0
TXN-006276,26799.88,NETBANKING,2489,322,18,4,0.867,0.827,1,1
TXN-006277,62948.82,WALLET,913,1084,22,2,0.234,0.465,0,0
TXN-006278,1885.67,CARD,352,651,26,4,0.68,0.633,0,0
TXN-006279,26679.81,CARD,615,552,16,5,0.035,0.169,0,0
TXN-006280,109387.75,CARD,1901,1095,29,0,0.06,0.537,0,1
TXN-006281,149806.25,CARD,2296,742,11,2,0.039,0.627,0,0
TXN-006282,129956.57,UPI,156,1411,23,5,0.53,0.658,0,0
TXN-006283,107806.73,UPI,901,81,21,3,0.844,0.0,0,1
TXN-006284,72934.14,NETBANKING,497,1186,7,3,0.255,0.81,0,0
TXN-006285,56256.54,UPI,508,1043,5,1,0.17,0.113,0,1
TXN-006286,3923.87,CARD,733,399,29,5,0.158,0.972,0,0
TXN-006287,95668.33,CARD,2213,645,30,4,0.894,0.283,0,1
TXN-006288,5529.77,CARD,410,1461,9,4,0.085,0.848,0,0
TXN-006289,127084.5,NETBANKING,917,1398,5,0,0.0,0.611,1,0
TXN-006290,118588.18,UPI,1202,1338,28,1,0.636,0.841,1,1
TXN-006291,18412.51,WALLET,2484,1101,28,0,0.486,0.242,0,1
TXN-006292,41526.08,CARD,467,891,23,3,0.999,0.078,0,0
TXN-006293,284.57,NETBANKING,2294,1069,5,0,0.406,0.665,0,0
TXN-006294,4550.35,UPI,2241,386,21,1,0.706,0.19,0,0
TXN-006295,100281.1,CARD,2499,934,5,2,0.986,0.73,0,0
TXN-006296,95685.17,WALLET,1437,844,23,5,0.464,0.717,0,0
TXN-006297,10853.47,CARD,1901,1263,10,2,0.705,0.097,0,0
TXN-006298,67635.98,NETBANKING,828,509,21,5,0.165,0.772,1,0
TXN-006299,68779.64,CARD,67,812,18,3,0.867,0.51,1,1
TXN-006300,86197.06,UPI,559,1423,5,4,0.702,0.289,0,1
TXN-006301,112565.54,WALLET,1599,1065,22,2,0.32,0.061,0,0
TXN-006302,19586.95,NETBANKING,2215,537,17,0,0.623,0.018,0,0
TXN-006303,96768.02,CARD,1798,1125,3,2,0.9,0.976,0,1
TXN-006304,116397.56,UPI,1982,299,19,0,0.17,0.563,0,0
TXN-006305,33500.21,NETBANKING,923,394,18,2,0.818,0.021,0,0
TXN-006306,75811.62,CARD,858,242,2,5,0.176,0.769,0,0
TXN-006307,6588.73,NETBANKING,1639,530,11,4,0.524,0.982,0,1
TXN-006308,80613.23,NETBANKING,1791,731,24,4,0.814,0.079,0,0
TXN-006309,116461.22,NETBANKING,143,515,29,2,0.752,0.997,0,1
TXN-006310,2722.34,NETBANKING,1147,656,12,2,0.941,0.087,1,1
TXN-006311,14775.06,WALLET,2337,584,30,4,0.294,0.27,0,0
TXN-006312,35565.09,NETBANKING,2052,941,28,2,0.155,0.95,1,0
TXN-006313,626.48,NETBANKING,1314,1325,11,0,0.568,0.791,0,0
TXN-006314,101129.09,NETBANKING,276,890,7,4,0.553,0.168,0,0
TXN-006315,148359.52,CARD,1425,210,6,0,0.12,0.91,1,1
TXN-006316,36770.21,UPI,343,889,29,3,0.369,0.898,0,1
TXN-006317,94374.7,CARD,2,100,30,5,0.295,0.679,0,1
TXN-006318,127952.12,UPI,323,714,13,2,0.013,0.666,0,0
TXN-006319,85085.51,UPI,1084,799,24,3,0.998,0.34,0,0
TXN-006320,125120.44,WALLET,609,755,25,3,0.87,0.262,0,1
TXN-006321,122901.69,WALLET,1491,853,22,3,0.751,0.902,0,1
TXN-006322,31972.75,WALLET,1465,697,17,3,0.115,0.116,0,0
TXN-006323,61377.28,WALLET,2455,462,20,1,0.281,0.585,0,1
TXN-006324,42579.08,WALLET,2461,353,17,2,0.084,0.416,1,0
TXN-006325,89813.83,NETBANKING,1819,917,21,2,0.069,0.737,0,1
TXN-006326,141116.87,UPI,218,963,18,3,0.478,0.773,0,1
TXN-006327,112002.02,NETBANKING,150,420,11,4,0.84,0.78,0,1
TXN-006328,121118.77,NETBANKING,1268,1252,24,4,0.628,0.638,0,1
TXN-006329,46830.56,NETBANKING,2271,1012,13,0,0.966,0.668,0,0
TXN-006330,45951.34,UPI,835,770,29,1,0.661,0.881,0,0
TXN-006331,21632.37,UPI,581,179,15,1,0.41,0.748,0,0
TXN-006332,34826.29,UPI,1548,1394,25,0,0.931,0.903,0,0
TXN-006333,139068.02,CARD,1694,765,23,3,0.412,0.943,0,1
TXN-006334,103963.34,WALLET,485,854,9,0,0.898,0.158,0,0
TXN-006335,38384.29,NETBANKING,1390,1489,15,1,0.267,0.263,0,0
TXN-006336,80748.8,CARD,1732,198,10,4,0.636,0.026,1,0
TXN-006337,71800.4,UPI,2302,501,7,4,0.638,0.017,0,0
TXN-006338,112333.81,NETBANKING,1613,856,16,0,0.34,0.825,0,1
TXN-006339,80380.78,WALLET,236,814,19,3,0.69,0.308,1,1
TXN-006340,85843.01,UPI,176,398,1,4,0.831,0.588,0,1
TXN-006341,103936.12,UPI,1060,113,26,2,0.77,0.098,0,1
TXN-006342,95425.64,UPI,825,8,13,1,0.328,0.526,0,1
TXN-006343,121361.77,UPI,1191,1055,26,0,0.515,0.918,0,0
TXN-006344,149322.07,WALLET,1476,1086,23,2,0.782,0.85,0,1
TXN-006345,36649.56,WALLET,273,442,18,4,0.598,0.142,1,1
TXN-006346,42263.51,NETBANKING,1101,690,26,4,0.905,0.879,1,1
TXN-006347,110216.24,CARD,255,256,19,5,0.6,0.132,0,0
TXN-006348,119007.64,WALLET,2121,350,27,2,0.368,0.64,0,1
TXN-006349,7145.38,UPI,567,1059,30,0,0.411,0.831,1,1
TXN-006350,13480.6,WALLET,993,404,25,1,0.994,0.56,0,0
TXN-006351,37558.47,NETBANKING,1833,82,24,5,0.633,0.06,0,0
TXN-006352,126237.94,CARD,1108,419,4,3,0.154,0.177,0,1
TXN-006353,127963.53,NETBANKING,797,491,12,3,0.088,0.797,0,1
TXN-006354,92580.53,UPI,898,1311,18,3,0.003,0.504,1,0
TXN-006355,118219.08,WALLET,137,291,9,2,0.401,0.798,0,0
TXN-006356,101381.03,UPI,1927,816,21,4,0.702,0.478,0,1
TXN-006357,86148.39,WALLET,1254,541,8,5,0.91,0.984,1,1
TXN-006358,142966.0,WALLET,291,833,23,5,0.113,0.861,0,1
TXN-006359,2931.34,UPI,71,1427,22,0,0.844,0.685,0,1
TXN-006360,3327.84,WALLET,2036,327,14,4,0.283,0.229,0,0
TXN-006361,146794.37,CARD,1404,59,7,5,0.747,0.97,0,1
TXN-006362,107891.98,NETBANKING,2160,19,9,1,0.292,0.944,0,0
TXN-006363,98916.58,CARD,2396,328,3,0,0.877,0.79,0,1
TXN-006364,79261.55,CARD,795,1396,9,3,0.379,0.925,0,0
TXN-006365,59944.26,CARD,851,112,1,5,0.488,0.472,0,0
TXN-006366,43666.23,WALLET,1101,476,17,5,0.342,0.525,0,0
TXN-006367,4689.83,NETBANKING,1381,714,9,1,0.558,0.367,1,0
TXN-006368,25875.59,UPI,2382,546,8,4,0.045,0.776,0,0
TXN-006369,88550.77,CARD,28,246,17,3,0.822,0.91,0,1
TXN-006370,107249.56,CARD,2350,470,22,5,0.727,0.552,0,1
TXN-006371,114422.24,WALLET,37,60,28,5,0.252,0.479,1,1
TXN-006372,61738.3,NETBANKING,1195,1077,29,5,0.585,0.926,0,0
TXN-006373,77135.87,UPI,1504,445,30,3,0.231,0.444,0,1
TXN-006374,6204.78,WALLET,2270,127,12,5,0.685,0.703,0,0
TXN-006375,87903.07,NETBANKING,2109,382,9,4,0.108,0.546,1,1
TXN-006376,85814.75,UPI,2076,1174,7,0,0.775,0.04,1,1
TXN-006377,78130.84,NETBANKING,1557,135,18,2,0.846,0.384,0,1
TXN-006378,99320.18,WALLET,1279,1374,23,0,0.03,0.401,0,0
TXN-006379,26819.19,NETBANKING,1733,447,30,0,0.18,0.768,0,1
TXN-006380,34983.64,WALLET,2260,786,14,3,0.46,0.213,0,0
TXN-006381,129823.84,UPI,682,568,11,4,0.429,0.358,0,0
TXN-006382,143498.52,NETBANKING,1088,1412,23,0,0.545,0.348,1,1
TXN-006383,103609.94,WALLET,1717,290,26,4,0.589,0.058,0,1
TXN-006384,4242.35,WALLET,47,337,7,1,0.69,0.51,0,0
TXN-006385,36900.3,WALLET,752,264,9,1,0.699,0.756,0,1
TXN-006386,20183.02,WALLET,1828,133,17,2,0.071,0.268,0,0
TXN-006387,17968.56,CARD,477,1409,11,4,0.971,0.524,1,1
TXN-006388,110382.78,WALLET,2095,808,29,0,0.093,0.747,0,0
TXN-006389,102974.91,NETBANKING,1100,76,27,1,0.434,0.713,0,1
TXN-006390,83329.93,WALLET,1156,1299,21,1,0.375,0.305,1,0
TXN-006391,82333.87,CARD,6,614,20,2,0.629,0.924,0,1
TXN-006392,70197.94,NETBANKING,1776,925,11,1,0.75,0.409,1,1
TXN-006393,51443.89,CARD,2424,267,22,2,0.816,0.985,0,1
TXN-006394,28296.05,CARD,1619,1350,10,0,0.52,0.601,0,0
TXN-006395,85626.8,UPI,598,49,17,2,0.14,0.468,0,0
TXN-006396,19256.2,NETBANKING,1952,1369,17,3,0.817,0.257,0,0
TXN-006397,65039.26,CARD,52,642,5,5,0.885,0.447,0,0
TXN-006398,56562.92,NETBANKING,1748,764,5,0,0.628,0.786,0,0
TXN-006399,37938.55,CARD,1889,850,26,1,0.838,0.953,0,1
TXN-006400,52613.98,NETBANKING,1699,1317,30,5,0.421,0.495,0,0
TXN-006401,66032.93,UPI,210,1160,29,2,0.972,0.879,0,1
TXN-006402,76195.04,CARD,1404,1435,15,4,0.255,0.206,0,1
TXN-006403,115591.8,NETBANKING,1653,1266,4,5,0.063,0.719,1,1
TXN-006404,73206.02,NETBANKING,2069,182,12,4,0.59,0.12,0,1
TXN-006405,30887.23,NETBANKING,234,1032,21,3,0.068,0.364,0,0
TXN-006406,148015.51,CARD,435,20,2,0,0.258,0.487,0,1
TXN-006407,98383.3,WALLET,2114,695,26,4,0.038,0.055,0,0
TXN-006408,140038.03,UPI,1240,867,28,1,0.589,0.054,0,1
TXN-006409,70681.86,CARD,1828,1329,14,1,0.901,0.111,0,1
TXN-006410,14014.06,CARD,1613,1404,1,5,0.37,0.407,0,0
TXN-006411,88240.2,CARD,1589,275,2,0,0.992,0.232,0,1
TXN-006412,76465.1,WALLET,1791,470,1,1,0.705,0.501,0,1
TXN-006413,2773.36,UPI,2409,801,23,4,0.543,0.192,1,1
TXN-006414,52437.24,CARD,1755,512,16,5,0.282,0.525,1,1
TXN-006415,102862.43,UPI,2490,1067,16,4,0.113,0.217,1,0
TXN-006416,22372.38,CARD,2268,1063,6,5,0.762,0.619,0,1
TXN-006417,116499.99,WALLET,203,763,30,2,0.286,0.281,0,1
TXN-006418,52847.54,CARD,1209,231,30,1,0.421,0.834,0,1
TXN-006419,127477.95,NETBANKING,2392,1258,4,2,0.674,0.013,0,0
TXN-006420,82694.59,WALLET,2031,730,24,1,0.688,0.915,0,0
TXN-006421,142779.69,NETBANKING,1401,1021,20,2,0.14,0.862,0,1
TXN-006422,31225.04,WALLET,2358,708,7,3,0.147,0.312,1,0
TXN-006423,18148.62,CARD,1547,1212,11,0,0.29,0.888,0,0
TXN-006424,138686.5,UPI,247,1188,4,1,0.991,0.718,1,1
TXN-006425,46865.49,UPI,551,1232,16,0,0.508,0.576,0,1
TXN-006426,65348.76,NETBANKING,144,157,7,3,0.27,0.575,0,0
TXN-006427,33471.63,WALLET,1558,1247,5,2,0.398,0.006,1,1
TXN-006428,136188.93,NETBANKING,1230,993,20,2,0.987,0.328,0,1
TXN-006429,41053.38,UPI,1676,125,8,2,0.42,0.784,0,0
TXN-006430,133662.3,UPI,73,1346,12,0,0.058,0.771,0,0
TXN-006431,146001.42,NETBANKING,1003,903,5,4,0.886,0.461,0,1
TXN-006432,83710.5,NETBANKING,1940,1183,15,2,0.657,0.075,0,0
TXN-006433,43639.15,UPI,1725,613,7,5,0.244,0.641,1,0
TXN-006434,35311.45,WALLET,7,84,19,3,0.252,0.105,1,1
TXN-006435,20681.64,WALLET,1445,1003,30,0,0.588,0.999,1,0
TXN-006436,95119.38,CARD,213,1407,15,2,0.694,0.347,0,0
TXN-006437,14209.41,NETBANKING,2271,517,4,5,0.8,0.836,0,0
TXN-006438,24698.27,WALLET,1198,823,6,0,0.42,0.428,0,0
TXN-006439,12826.49,NETBANKING,338,1482,28,0,0.182,0.503,0,1
TXN-006440,112665.19,UPI,724,893,10,4,0.872,0.737,1,1
TXN-006441,52038.41,CARD,696,883,11,5,0.783,0.085,0,1
TXN-006442,143563.18,CARD,1413,959,17,1,0.424,0.979,1,1
TXN-006443,2700.84,CARD,609,671,5,3,0.049,0.068,0,0
TXN-006444,137683.72,CARD,68,984,7,4,0.526,0.825,1,0
TXN-006445,11561.35,CARD,682,179,5,2,0.626,0.746,0,0
TXN-006446,142467.53,UPI,247,159,2,3,0.803,0.273,0,0
TXN-006447,105610.93,UPI,2413,1181,3,0,0.608,0.724,0,0
TXN-006448,76646.19,NETBANKING,506,171,23,0,0.837,0.852,0,0
TXN-006449,45486.96,CARD,662,1486,28,2,0.06,0.076,0,0
TXN-006450,139935.12,UPI,2136,373,13,3,0.802,0.195,0,1
TXN-006451,1340.89,UPI,1165,1240,8,3,0.911,0.972,1,1
TXN-006452,55544.17,NETBANKING,501,524,13,5,0.538,0.793,0,1
TXN-006453,61490.27,UPI,2319,716,18,1,0.794,0.296,0,0
TXN-006454,9906.88,CARD,1916,688,29,1,0.961,0.745,0,0
TXN-006455,92688.45,UPI,1450,376,25,1,0.683,0.941,0,1
TXN-006456,120781.64,UPI,1983,1128,7,2,0.731,0.191,0,0
TXN-006457,147834.6,NETBANKING,2161,678,17,4,0.073,0.545,0,1
TXN-006458,70687.54,UPI,1813,925,12,3,0.426,0.897,0,1
TXN-006459,127650.24,WALLET,424,70,10,1,0.778,0.033,0,1
TXN-006460,105644.13,NETBANKING,959,1151,13,4,0.144,0.501,0,0
TXN-006461,1503.62,WALLET,2300,787,29,0,0.919,0.429,0,0
TXN-006462,47710.9,NETBANKING,1911,671,11,0,0.746,0.298,1,0
TXN-006463,138974.28,CARD,2420,537,9,3,0.745,0.168,0,1
TXN-006464,32579.27,NETBANKING,393,1199,23,4,0.108,0.824,1,1
TXN-006465,137127.25,NETBANKING,326,654,30,2,0.902,0.574,1,1
TXN-006466,70701.26,WALLET,365,390,12,4,0.617,0.964,0,0
TXN-006467,58902.8,UPI,332,420,4,0,0.243,0.968,0,1
TXN-006468,141509.47,WALLET,2481,945,22,5,0.524,0.847,0,1
TXN-006469,8721.29,WALLET,1934,289,27,2,0.554,0.049,0,0
TXN-006470,141636.75,NETBANKING,107,1200,25,2,0.408,0.384,0,1
TXN-006471,137217.86,UPI,1706,1059,19,0,0.936,0.898,0,0
TXN-006472,129261.54,WALLET,810,943,21,4,0.263,0.442,0,0
TXN-006473,87267.45,CARD,1099,248,14,5,0.777,0.104,0,1
TXN-006474,74808.0,WALLET,939,66,19,0,0.329,0.224,0,1
TXN-006475,88680.43,NETBANKING,510,1080,14,2,0.448,0.258,0,1
TXN-006476,30703.13,CARD,1843,1495,10,5,0.271,0.488,0,0
TXN-006477,32815.0,WALLET,406,663,24,5,0.908,0.011,0,0
TXN-006478,22429.56,CARD,227,168,5,0,0.144,0.98,0,0
TXN-006479,60738.7,CARD,197,991,22,5,0.778,0.685,1,1
TXN-006480,73909.29,WALLET,426,1496,25,4,0.433,0.6,0,1
TXN-006481,121067.72,WALLET,2439,955,8,3,0.343,0.788,0,0
TXN-006482,22286.67,CARD,490,1296,12,0,0.11,0.877,1,0
TXN-006483,76933.48,UPI,935,676,28,3,0.071,0.619,1,0
TXN-006484,61536.41,UPI,1983,839,12,4,0.977,0.086,1,0
TXN-006485,125124.51,UPI,1725,139,21,5,0.451,0.132,0,0
TXN-006486,133818.96,NETBANKING,2216,544,19,1,0.609,0.803,0,0
TXN-006487,133846.98,NETBANKING,239,1121,7,2,0.931,0.273,0,1
TXN-006488,132979.01,NETBANKING,1282,1216,20,0,0.056,0.457,0,1
TXN-006489,65562.99,CARD,1284,1004,19,0,0.843,0.828,1,1
TXN-006490,114134.0,CARD,662,125,1,3,0.962,0.204,0,0
TXN-006491,35076.94,UPI,433,251,5,3,0.812,0.585,1,0
TXN-006492,20099.31,WALLET,1670,185,20,5,0.219,0.816,0,0
TXN-006493,57297.82,UPI,909,209,1,5,0.625,0.923,0,1
TXN-006494,11992.58,UPI,1287,1009,4,4,0.945,0.772,0,1
TXN-006495,68452.51,UPI,1649,1086,9,3,0.423,0.866,0,0
TXN-006496,54989.75,NETBANKING,134,581,6,5,0.714,0.936,0,1
TXN-006497,66434.92,WALLET,793,869,10,2,0.415,0.976,0,0
TXN-006498,44979.61,WALLET,1772,1311,29,2,0.075,0.352,0,0
TXN-006499,143677.33,UPI,341,507,19,3,0.525,0.242,1,1
TXN-006500,119917.66,CARD,2363,925,14,3,0.725,0.179,0,0
TXN-006501,12728.52,UPI,883,750,1,5,0.712,0.189,0,0
TXN-006502,43274.12,CARD,2026,1148,7,3,0.476,0.279,0,1
TXN-006503,43553.39,WALLET,469,1173,30,2,0.952,0.366,1,1
TXN-006504,71395.16,WALLET,1647,87,9,0,0.92,0.174,1,0
TXN-006505,16644.71,UPI,1578,1200,19,2,0.272,0.185,1,0
TXN-006506,32056.76,CARD,1115,1010,2,0,0.31,0.585,0,0
TXN-006507,108542.08,NETBANKING,1923,237,6,0,0.036,0.232,0,0
TXN-006508,80562.44,WALLET,2297,372,9,1,0.245,0.634,0,0
TXN-006509,72332.99,NETBANKING,812,261,20,4,0.567,0.222,0,0
TXN-006510,51148.46,UPI,1486,1029,17,2,0.941,0.584,0,1
TXN-006511,123912.84,UPI,274,1084,17,0,0.841,0.725,0,1
TXN-006512,2796.32,UPI,1731,1233,7,4,0.794,0.49,1,1
TXN-006513,103686.92,CARD,2041,10,30,5,0.439,0.07,0,1
TXN-006514,20617.65,UPI,1637,509,10,0,0.344,0.39,1,0
TXN-006515,92260.51,UPI,1950,712,6,2,0.061,0.984,0,1
TXN-006516,3784.1,CARD,1334,922,18,0,0.289,0.151,0,1
TXN-006517,125918.52,NETBANKING,982,397,29,4,0.495,0.926,1,1
TXN-006518,25346.61,UPI,632,494,17,5,0.124,0.901,1,1
TXN-006519,97942.36,UPI,227,1016,9,1,0.754,0.387,1,1
TXN-006520,143872.4,WALLET,1575,85,24,5,0.85,0.319,0,1
TXN-006521,41088.43,CARD,1171,986,6,1,0.157,0.424,0,0
TXN-006522,37190.15,CARD,899,625,24,1,0.159,0.379,0,1
TXN-006523,98812.37,NETBANKING,1538,206,16,5,0.89,1.0,0,1
TXN-006524,40887.87,UPI,1870,449,1,4,0.813,0.507,0,0
TXN-006525,86188.51,CARD,1184,1499,30,5,0.142,0.109,0,0
TXN-006526,53494.7,WALLET,1518,330,5,4,0.696,0.228,0,0
TXN-006527,115273.13,UPI,109,1242,6,4,0.231,0.443,1,0
TXN-006528,41410.85,NETBANKING,1408,553,25,5,0.594,0.284,0,0
TXN-006529,90108.59,WALLET,912,1002,5,3,0.562,0.164,0,0
TXN-006530,38134.62,CARD,831,994,22,2,0.372,0.69,0,0
TXN-006531,13946.45,CARD,313,220,28,3,0.33,0.114,0,1
TXN-006532,57246.28,WALLET,1822,721,27,3,0.035,0.478,0,1
TXN-006533,96880.06,CARD,943,464,8,2,0.395,0.772,0,1
TXN-006534,30951.43,NETBANKING,464,113,23,5,0.243,0.26,0,0
TXN-006535,123285.31,CARD,97,1356,21,5,0.128,0.032,0,0
TXN-006536,81056.27,CARD,517,1292,14,0,0.962,0.397,0,1
TXN-006537,209.95,WALLET,68,1280,20,3,0.807,0.544,1,0
TXN-006538,138363.22,WALLET,1282,880,18,0,0.576,0.625,0,1
TXN-006539,2798.78,NETBANKING,2384,1331,7,4,0.86,0.32,1,1
TXN-006540,66545.99,CARD,527,1266,24,3,0.607,0.848,0,0
TXN-006541,99094.9,UPI,335,497,24,0,0.848,0.837,0,1
TXN-006542,90118.92,WALLET,2495,145,27,0,0.661,0.377,0,0
TXN-006543,50909.31,WALLET,1202,1438,25,5,0.822,0.924,0,1
TXN-006544,62361.38,NETBANKING,2437,968,18,1,0.433,0.019,1,1
TXN-006545,68352.98,CARD,768,329,14,0,0.743,0.827,1,0
TXN-006546,99048.67,UPI,825,1422,9,4,0.46,0.118,0,1
TXN-006547,77710.99,CARD,414,330,20,5,0.008,0.873,0,1
TXN-006548,124973.89,CARD,976,863,4,3,0.033,0.085,1,1
TXN-006549,148224.91,CARD,2178,352,3,1,0.846,0.818,0,1
TXN-006550,54347.75,UPI,24,850,2,5,0.6,0.808,0,0
TXN-006551,42298.04,CARD,138,1192,15,5,0.856,0.458,0,0
TXN-006552,36236.71,UPI,207,1236,10,2,0.201,0.597,0,1
TXN-006553,32285.19,NETBANKING,977,337,16,0,0.259,0.863,0,1
TXN-006554,141565.47,CARD,804,468,27,1,0.976,0.458,0,1
TXN-006555,41059.44,NETBANKING,1063,1054,8,0,0.496,0.923,0,0
TXN-006556,1461.65,UPI,1632,168,14,5,0.512,0.946,0,0
TXN-006557,138982.48,CARD,1906,334,5,5,0.316,0.372,0,1
TXN-006558,89997.85,WALLET,134,210,27,1,0.788,0.615,1,1
TXN-006559,85391.25,WALLET,2275,1065,5,1,0.989,0.209,0,0
TXN-006560,20528.46,NETBANKING,581,1345,5,1,0.824,0.909,0,0
TXN-006561,11513.02,UPI,1059,1303,9,1,0.192,0.005,0,0
TXN-006562,113263.24,WALLET,1726,26,24,3,0.108,0.638,0,1
TXN-006563,35790.95,CARD,511,58,18,2,0.235,0.617,1,0
TXN-006564,85109.4,CARD,411,892,20,3,0.261,0.432,1,0
TXN-006565,22586.31,WALLET,2273,974,10,5,0.559,0.111,0,0
TXN-006566,63684.84,WALLET,470,302,9,3,0.957,0.798,0,0
TXN-006567,87900.36,WALLET,1744,619,26,3,0.564,0.92,0,1
TXN-006568,143091.67,WALLET,1864,1431,10,3,0.615,0.753,1,1
TXN-006569,43713.5,NETBANKING,1917,777,8,2,0.295,0.452,1,1
TXN-006570,16451.94,WALLET,1583,1048,8,2,0.926,0.863,1,1
TXN-006571,19448.47,NETBANKING,709,95,10,3,0.748,0.227,0,1
TXN-006572,73926.13,UPI,1383,974,5,3,0.795,0.455,1,0
TXN-006573,121079.61,UPI,595,1478,24,0,0.192,0.268,0,0
TXN-006574,72923.45,UPI,115,1305,3,1,0.911,0.84,0,1
TXN-006575,81536.45,UPI,2335,1254,11,2,0.339,0.929,0,0
TXN-006576,83619.01,UPI,1574,410,3,4,0.534,0.285,1,1
TXN-006577,67549.15,WALLET,1110,1446,14,1,0.636,0.795,0,1
TXN-006578,59914.05,UPI,543,822,11,2,0.914,0.841,0,1
TXN-006579,117745.22,UPI,1243,245,12,1,0.236,0.45,1,0
TXN-006580,115102.12,UPI,2325,1085,11,2,0.912,0.056,1,0
TXN-006581,93861.72,WALLET,984,1369,7,4,0.862,0.117,0,0
TXN-006582,141884.81,CARD,878,881,2,3,0.155,0.207,0,1
TXN-006583,120463.7,WALLET,132,913,8,3,0.237,0.396,1,1
TXN-006584,65211.82,WALLET,1784,34,15,5,0.606,0.269,0,1
TXN-006585,50562.93,CARD,266,1196,19,2,0.574,0.188,0,0
TXN-006586,91189.35,WALLET,350,746,20,0,0.187,0.559,1,1
TXN-006587,26011.0,NETBANKING,1378,683,15,2,0.881,0.107,0,0
TXN-006588,143605.94,UPI,2136,1298,20,0,0.434,0.025,0,1
TXN-006589,87356.43,UPI,1560,161,30,3,0.566,0.123,0,1
TXN-006590,43793.28,CARD,2188,64,9,5,0.22,0.178,0,0
TXN-006591,122191.06,UPI,1660,619,19,2,0.416,0.096,0,0
TXN-006592,61575.15,UPI,1343,1254,4,2,0.413,0.302,0,0
TXN-006593,88183.92,UPI,1798,1340,23,4,0.978,0.029,0,1
TXN-006594,66003.53,UPI,1610,63,5,5,0.617,0.722,0,0
TXN-006595,87716.43,WALLET,275,640,16,0,0.991,0.488,1,0
TXN-006596,5034.69,UPI,78,374,27,0,0.679,0.745,1,0
TXN-006597,113232.35,WALLET,1243,1322,15,0,0.651,0.69,0,1
TXN-006598,51258.34,UPI,581,636,14,3,0.135,0.412,1,1
TXN-006599,126913.78,UPI,1729,278,17,5,0.63,0.175,0,1
TXN-006600,22906.49,NETBANKING,2045,588,13,4,0.487,0.344,0,0
TXN-006601,79181.1,NETBANKING,2211,45,21,2,0.267,0.376,0,0
TXN-006602,111798.01,CARD,1844,281,20,0,0.447,0.267,0,1
TXN-006603,27165.4,UPI,1420,1070,17,5,0.503,0.067,0,0
TXN-006604,108233.45,CARD,1537,1291,28,5,0.21,0.774,0,1
TXN-006605,69974.72,UPI,2093,328,20,2,0.944,0.93,0,1
TXN-006606,51448.82,CARD,681,1261,7,0,0.952,0.311,0,1
TXN-006607,54436.43,NETBANKING,1979,1192,23,3,0.63,0.871,0,0
TXN-006608,109855.81,CARD,321,1456,30,1,0.017,0.661,0,0
TXN-006609,130818.52,NETBANKING,1002,1452,6,4,0.277,0.842,0,0
TXN-006610,99719.43,CARD,2195,939,23,4,0.921,0.27,0,1
TXN-006611,85828.69,UPI,1077,1081,15,3,0.833,0.179,0,0
TXN-006612,87784.92,UPI,416,1092,18,3,0.061,0.778,1,1
TXN-006613,85654.74,NETBANKING,229,164,4,3,0.173,0.51,0,0
TXN-006614,81148.16,UPI,1902,496,6,4,0.105,0.574,0,0
TXN-006615,22631.53,UPI,1765,859,30,2,0.643,0.664,0,0
TXN-006616,35077.54,UPI,206,308,14,5,0.89,0.083,0,1
TXN-006617,68657.2,NETBANKING,959,1383,20,4,0.929,0.259,0,0
TXN-006618,94506.48,WALLET,385,151,18,3,0.591,0.111,0,0
TXN-006619,17417.19,NETBANKING,2362,370,19,1,0.052,0.025,0,0
TXN-006620,23600.42,NETBANKING,1691,1130,20,3,0.401,0.102,0,1
TXN-006621,55885.53,UPI,203,192,27,0,0.847,0.157,0,0
TXN-006622,137132.5,WALLET,1646,659,12,5,0.899,0.473,0,0
TXN-006623,49770.36,CARD,2323,88,7,2,0.069,0.23,0,1
TXN-006624,57774.36,WALLET,943,1329,16,1,0.797,0.17,1,1
TXN-006625,28781.26,CARD,496,321,25,0,0.698,0.074,0,0
TXN-006626,145705.67,UPI,716,1280,28,4,0.527,0.984,0,1
TXN-006627,102645.64,UPI,1,390,29,2,0.908,0.026,0,1
TXN-006628,88533.77,CARD,238,1405,9,5,0.341,0.672,0,0
TXN-006629,91439.33,WALLET,925,1069,22,2,0.322,0.326,0,0
TXN-006630,17112.52,WALLET,1574,355,27,1,0.892,0.722,0,1
TXN-006631,66610.91,WALLET,806,954,25,5,0.973,0.344,0,1
TXN-006632,104255.43,UPI,1866,1014,29,4,0.226,0.771,1,1
TXN-006633,43670.37,NETBANKING,1625,542,29,2,0.963,0.448,0,1
TXN-006634,6682.89,CARD,1681,877,18,4,0.705,0.31,0,1
TXN-006635,140236.63,NETBANKING,2144,1220,3,1,0.999,0.35,1,0
TXN-006636,51829.97,WALLET,2325,513,9,3,0.252,0.066,0,0
TXN-006637,62620.0,NETBANKING,2367,352,15,1,0.361,0.331,0,0
TXN-006638,108603.54,CARD,1124,60,27,1,0.188,0.976,1,1
TXN-006639,132197.71,NETBANKING,797,1261,15,0,0.97,0.993,0,1
TXN-006640,125774.65,CARD,2342,612,4,2,0.663,0.673,1,1
TXN-006641,85313.96,UPI,498,905,27,3,0.826,0.26,0,0
TXN-006642,30473.3,NETBANKING,2320,758,27,0,0.112,0.591,0,1
TXN-006643,120441.17,NETBANKING,262,151,25,3,0.578,0.609,0,1
TXN-006644,115142.65,WALLET,1697,293,20,3,0.273,0.915,0,0
TXN-006645,104265.69,WALLET,602,242,30,5,0.896,0.843,0,1
TXN-006646,105141.15,CARD,1982,1237,26,0,0.714,0.056,1,0
TXN-006647,59088.69,CARD,2183,1024,8,2,0.366,0.442,0,0
TXN-006648,54855.54,WALLET,791,199,3,0,0.871,0.366,1,1
TXN-006649,57455.56,NETBANKING,1310,836,26,2,0.312,0.224,0,0
TXN-006650,16654.65,NETBANKING,1582,160,7,3,0.5,0.219,0,0
TXN-006651,5238.13,NETBANKING,1764,8,28,4,0.971,0.386,0,1
TXN-006652,20080.29,UPI,446,1053,16,4,0.621,0.483,0,0
TXN-006653,38185.3,UPI,1306,1432,6,3,0.452,0.106,0,0
TXN-006654,105373.14,WALLET,838,872,3,1,0.187,0.304,0,0
TXN-006655,125959.69,CARD,1587,353,21,4,0.981,0.642,1,1
TXN-006656,140427.9,UPI,428,169,7,0,0.475,0.991,0,0
TXN-006657,116206.33,WALLET,1875,225,19,3,0.59,0.961,1,1
TXN-006658,57176.08,WALLET,1556,1003,4,2,0.064,0.795,0,0
TXN-006659,54600.97,WALLET,169,112,15,1,0.932,0.99,0,1
TXN-006660,100200.63,CARD,349,726,4,4,0.8,0.89,0,1
TXN-006661,68858.93,UPI,1757,973,7,2,0.964,0.621,1,1
TXN-006662,73282.95,WALLET,378,917,17,2,0.009,0.3,0,1
TXN-006663,61220.15,CARD,1547,1050,27,3,0.876,0.47,0,1
TXN-006664,101616.73,WALLET,1983,208,30,5,0.691,0.526,1,0
TXN-006665,136544.58,WALLET,2273,201,24,1,0.687,0.596,0,0
TXN-006666,84550.62,UPI,2421,1007,29,5,0.665,0.214,1,0
TXN-006667,39966.68,UPI,1295,139,3,5,0.134,0.806,0,0
TXN-006668,10026.87,CARD,2161,1458,5,3,0.487,0.378,0,0
TXN-006669,119592.79,CARD,2011,877,23,5,0.628,0.228,0,0
TXN-006670,122226.32,CARD,1785,1353,14,3,0.443,0.028,0,0
TXN-006671,51110.59,CARD,1990,1383,20,5,0.268,0.283,0,0
TXN-006672,134976.75,WALLET,581,1487,16,3,0.436,0.481,0,1
TXN-006673,47373.28,NETBANKING,483,470,3,5,0.023,0.402,0,0
TXN-006674,129123.52,CARD,1244,684,4,1,0.982,0.355,0,0
TXN-006675,7910.56,NETBANKING,2132,30,13,4,0.072,0.884,0,0
TXN-006676,144178.02,WALLET,891,1398,26,1,0.43,0.979,0,1
TXN-006677,149569.33,NETBANKING,859,316,6,5,0.419,0.973,0,0
TXN-006678,141627.43,CARD,1161,114,13,5,0.517,0.951,0,0
TXN-006679,78846.88,UPI,591,438,25,0,0.471,0.792,0,1
TXN-006680,6319.9,UPI,1691,922,10,0,0.373,0.385,1,0
TXN-006681,43107.48,UPI,2199,1015,23,2,0.836,0.316,0,0
TXN-006682,73831.61,WALLET,1060,628,19,3,0.626,0.866,1,1
TXN-006683,83284.05,UPI,2336,808,10,1,0.848,0.716,0,0
TXN-006684,60143.97,NETBANKING,1325,163,19,0,0.712,0.844,0,0
TXN-006685,106294.22,CARD,1750,1396,11,5,0.422,0.876,1,1
TXN-006686,20249.06,CARD,1139,1470,24,5,0.097,0.464,1,0
TXN-006687,78480.67,UPI,2201,1250,23,3,0.361,0.729,1,1
TXN-006688,61164.54,CARD,478,1418,3,4,0.222,0.68,1,0
TXN-006689,71888.3,UPI,699,356,23,4,0.473,0.486,0,1
TXN-006690,71191.23,UPI,2207,793,19,2,0.659,0.227,1,1
TXN-006691,81022.69,WALLET,576,1461,24,4,0.76,0.714,0,0
TXN-006692,15239.42,CARD,1913,65,19,1,0.924,0.596,0,1
TXN-006693,117899.22,NETBANKING,939,687,7,5,0.135,0.982,0,0
TXN-006694,62232.97,CARD,186,872,18,2,0.392,0.782,0,0
TXN-006695,77302.22,NETBANKING,1245,141,3,0,0.715,0.636,0,0
TXN-006696,23290.36,WALLET,369,687,12,2,0.72,0.464,0,0
TXN-006697,9786.37,UPI,1277,733,5,4,0.536,0.406,0,0
TXN-006698,129323.16,UPI,1034,1279,23,2,0.156,0.028,0,0
TXN-006699,110082.77,WALLET,1133,193,28,1,0.486,0.815,1,1
TXN-006700,25204.78,UPI,1241,537,18,4,0.406,0.229,0,1
TXN-006701,47712.02,NETBANKING,2231,704,25,4,0.704,0.743,1,1
TXN-006702,121329.43,CARD,1688,710,28,3,0.038,0.057,0,1
TXN-006703,43523.93,CARD,599,1274,21,0,0.711,0.899,0,0
TXN-006704,106987.99,WALLET,730,1260,22,1,0.565,0.327,0,1
TXN-006705,14049.76,UPI,35,15,7,3,0.258,0.635,1,1
TXN-006706,22607.2,UPI,1718,1260,30,4,0.779,0.036,0,0
TXN-006707,49253.61,UPI,1483,742,26,2,0.386,0.995,0,0
TXN-006708,46371.48,WALLET,258,578,27,2,0.457,0.795,1,1
TXN-006709,18102.89,UPI,2403,641,20,4,0.773,0.061,0,0
TXN-006710,123231.48,WALLET,1663,275,24,5,0.34,0.097,0,1
TXN-006711,37286.42,WALLET,138,490,8,0,0.848,0.162,0,0
TXN-006712,62894.96,WALLET,2268,1337,18,3,0.732,0.425,0,1
TXN-006713,8112.79,UPI,32,963,21,1,0.897,0.614,0,1
TXN-006714,42637.97,NETBANKING,1439,237,11,5,0.448,0.939,0,0
TXN-006715,118966.93,UPI,1799,158,22,0,0.053,0.653,0,0
TXN-006716,6213.69,CARD,899,1327,26,2,0.838,0.977,0,1
TXN-006717,56293.9,WALLET,853,824,29,4,0.958,0.209,1,1
TXN-006718,108271.53,WALLET,2386,1336,22,1,0.252,0.674,0,1
TXN-006719,62841.46,UPI,1636,725,2,3,0.949,0.297,0,1
TXN-006720,9241.34,WALLET,2335,872,12,0,0.276,0.141,1,0
TXN-006721,50919.42,CARD,1015,76,2,4,0.807,0.148,0,0
TXN-006722,10980.99,WALLET,1941,243,12,2,0.704,0.429,0,1
TXN-006723,72579.22,NETBANKING,643,136,4,2,0.132,0.766,1,0
TXN-006724,111891.46,CARD,1720,15,19,4,0.495,0.47,1,1
TXN-006725,34967.91,UPI,986,1291,28,4,0.539,0.77,1,1
TXN-006726,89301.25,UPI,577,462,1,5,0.796,0.868,0,1
TXN-006727,37461.08,WALLET,148,1245,13,2,0.996,0.137,0,0
TXN-006728,54645.98,WALLET,117,407,4,1,0.064,0.619,0,0
TXN-006729,110718.71,UPI,1277,679,27,2,0.057,0.138,0,1
TXN-006730,65029.11,CARD,636,746,12,4,0.139,0.136,0,0
TXN-006731,1514.85,NETBANKING,1126,161,22,0,0.294,0.518,0,0
TXN-006732,28453.25,CARD,2065,586,11,1,0.521,0.758,1,0
TXN-006733,65160.88,UPI,1104,1427,1,5,0.868,0.806,0,0
TXN-006734,81346.11,WALLET,172,136,16,1,0.076,0.368,0,0
TXN-006735,133002.22,WALLET,1160,531,26,0,0.062,0.318,0,0
TXN-006736,100660.07,CARD,670,1460,27,3,0.299,0.968,0,1
TXN-006737,44630.61,NETBANKING,1471,71,29,1,0.504,0.898,0,0
TXN-006738,42073.78,NETBANKING,751,1455,29,1,0.151,0.319,0,0
TXN-006739,116363.86,CARD,1685,906,3,3,0.288,0.256,0,1
TXN-006740,136630.09,WALLET,551,799,2,2,0.343,0.503,0,1
TXN-006741,75075.33,UPI,2169,1160,25,0,0.22,0.268,0,1
TXN-006742,92559.46,NETBANKING,2273,685,7,5,0.608,0.773,0,0
TXN-006743,119546.43,UPI,914,112,26,4,0.82,0.145,0,1
TXN-006744,125266.99,WALLET,415,1328,29,3,0.42,0.356,0,1
TXN-006745,101861.97,UPI,607,1307,22,4,0.517,0.815,0,1
TXN-006746,48945.14,CARD,2051,196,1,0,0.903,0.283,1,1
TXN-006747,1533.2,NETBANKING,2142,598,2,2,0.783,0.872,1,1
TXN-006748,139868.16,WALLET,1682,678,17,5,0.077,0.848,1,0
TXN-006749,56765.56,CARD,990,494,30,4,0.976,0.385,0,1
TXN-006750,102018.89,WALLET,1474,1425,30,4,0.905,0.144,0,1
TXN-006751,78654.18,UPI,1915,435,5,2,0.463,0.088,0,0
TXN-006752,134950.85,CARD,1701,1242,5,2,0.186,0.922,0,1
TXN-006753,67871.31,CARD,1393,69,16,0,0.069,0.773,0,1
TXN-006754,54865.16,CARD,534,299,16,1,0.679,0.513,1,0
TXN-006755,74293.05,NETBANKING,2069,965,17,5,0.93,0.205,0,1
TXN-006756,59450.85,WALLET,1656,900,15,0,0.676,0.875,0,0
TXN-006757,60792.23,WALLET,580,1138,27,0,0.203,0.443,0,0
TXN-006758,111229.73,UPI,362,382,7,2,0.483,0.146,0,0
TXN-006759,40843.28,WALLET,150,1111,8,2,0.049,0.152,0,0
TXN-006760,59527.77,NETBANKING,300,556,18,3,0.795,0.44,0,1
TXN-006761,84973.66,UPI,2054,1099,8,3,0.515,0.722,1,0
TXN-006762,29035.99,UPI,1798,1226,13,2,0.292,0.527,0,0
TXN-006763,142638.01,NETBANKING,531,688,27,5,0.23,0.965,0,1
TXN-006764,137349.25,UPI,113,395,2,4,0.576,0.795,0,0
TXN-006765,7701.12,CARD,1927,1062,16,0,0.954,0.961,0,0
TXN-006766,17134.9,NETBANKING,2052,429,21,3,0.208,0.197,1,0
TXN-006767,51796.75,WALLET,1907,556,8,5,0.385,0.292,1,1
TXN-006768,20701.76,UPI,1798,1500,30,2,0.006,0.937,0,0
TXN-006769,69762.23,UPI,2189,1047,17,0,0.675,0.39,1,1
TXN-006770,146017.12,UPI,2398,250,29,2,0.163,0.406,0,1
TXN-006771,58719.26,WALLET,837,1104,13,2,0.389,0.077,0,1
TXN-006772,68588.49,NETBANKING,502,965,14,2,0.851,0.32,1,1
TXN-006773,89962.07,WALLET,594,989,2,2,0.625,0.285,0,0
TXN-006774,19265.27,CARD,846,1090,27,5,0.237,0.401,0,1
TXN-006775,67899.05,NETBANKING,2013,121,24,5,0.585,0.254,1,0
TXN-006776,29420.64,WALLET,1219,671,12,1,0.938,0.035,0,0
TXN-006777,130209.09,UPI,1502,980,21,0,0.854,0.196,0,1
TXN-006778,119643.17,UPI,843,111,16,4,0.856,0.234,0,0
TXN-006779,61477.87,NETBANKING,605,1490,20,2,0.779,0.403,0,0
TXN-006780,73320.6,UPI,680,387,7,0,0.685,0.979,0,0
TXN-006781,91859.28,CARD,1523,825,8,5,0.08,0.087,0,0
TXN-006782,52522.14,UPI,2085,31,26,2,0.055,0.459,0,0
TXN-006783,73374.37,UPI,692,1416,30,4,0.589,0.245,0,0
TXN-006784,38560.5,CARD,842,1371,22,0,0.748,0.68,1,0
TXN-006785,26736.08,UPI,1124,328,16,3,0.363,0.432,0,0
TXN-006786,22715.18,NETBANKING,495,837,7,2,0.055,0.139,0,1
TXN-006787,3520.95,UPI,500,540,29,0,0.981,0.748,0,0
TXN-006788,142503.21,CARD,27,51,22,4,0.255,0.064,0,1
TXN-006789,18752.29,UPI,2444,630,27,3,0.333,0.783,0,1
TXN-006790,76786.77,WALLET,2491,1062,27,1,0.804,0.183,0,0
TXN-006791,125979.41,WALLET,1807,901,27,0,0.598,0.568,0,0
TXN-006792,147895.25,NETBANKING,272,1017,2,0,0.192,0.708,1,0
TXN-006793,18200.97,NETBANKING,1435,276,9,4,0.576,0.25,0,1
TXN-006794,2068.35,UPI,1656,188,28,4,0.523,0.027,0,0
TXN-006795,27284.82,UPI,535,789,4,0,0.59,0.698,0,0
TXN-006796,7374.16,CARD,2341,799,16,2,0.94,0.86,1,1
TXN-006797,3883.09,NETBANKING,2341,399,4,3,0.799,0.722,0,0
TXN-006798,55029.03,WALLET,1278,1181,1,4,0.342,0.3,0,0
TXN-006799,16170.9,NETBANKING,1680,598,17,4,0.691,0.253,0,0
TXN-006800,116910.23,WALLET,954,219,26,4,0.94,0.101,1,1
TXN-006801,92518.92,CARD,1590,415,9,1,0.052,0.15,0,0
TXN-006802,76909.72,NETBANKING,82,229,26,2,0.145,0.45,0,1
TXN-006803,98838.35,WALLET,977,422,23,5,0.183,0.789,0,0
TXN-006804,51306.73,WALLET,1948,480,20,0,0.19,0.755,1,0
TXN-006805,125851.4,UPI,2210,1045,12,5,0.865,0.25,0,0
TXN-006806,43439.04,UPI,2342,42,30,5,0.549,0.628,0,0
TXN-006807,145322.73,WALLET,1890,696,22,4,0.816,0.474,0,1
TXN-006808,109451.05,CARD,546,1355,21,3,0.04,0.96,0,1
TXN-006809,131606.38,CARD,143,97,24,2,0.695,0.415,1,1
TXN-006810,64877.53,CARD,1284,1464,25,1,0.842,0.176,0,1
TXN-006811,67828.9,UPI,671,1171,9,5,0.98,0.73,0,1
TXN-006812,412.72,UPI,614,1439,16,5,0.056,0.445,0,1
TXN-006813,145892.17,WALLET,620,1018,5,2,0.957,0.279,0,1
TXN-006814,54763.73,WALLET,266,885,5,1,0.591,0.894,0,0
TXN-006815,52156.83,NETBANKING,1363,1417,21,3,0.946,0.932,0,1
TXN-006816,125744.42,UPI,149,733,14,2,0.686,0.346,0,0
TXN-006817,37880.46,WALLET,1140,408,21,4,0.204,0.459,0,0
TXN-006818,135613.91,CARD,931,721,20,5,0.813,0.286,0,1
TXN-006819,135290.81,CARD,1012,1410,5,4,0.59,0.097,0,1
TXN-006820,30277.5,UPI,501,1118,14,4,0.81,0.81,1,0
TXN-006821,105643.95,NETBANKING,1067,392,9,5,0.333,0.772,0,0
TXN-006822,42795.68,CARD,2078,539,25,0,0.869,0.553,1,0
TXN-006823,37824.04,UPI,2325,407,26,0,0.547,0.461,0,0
TXN-006824,49066.58,NETBANKING,213,1261,14,1,0.189,0.246,0,0
TXN-006825,145106.68,CARD,2265,1499,20,4,0.234,0.967,0,1
TXN-006826,73049.62,CARD,1338,1074,2,2,0.833,0.549,1,1
TXN-006827,75616.37,NETBANKING,2120,1099,1,2,0.945,0.334,0,1
TXN-006828,41199.76,NETBANKING,547,375,15,1,0.052,0.415,0,0
TXN-006829,41754.63,WALLET,246,602,27,1,0.53,0.626,0,0
TXN-006830,93118.12,NETBANKING,1815,865,7,1,0.636,0.455,1,0
TXN-006831,139474.87,WALLET,167,233,8,0,0.199,0.454,0,0
TXN-006832,87981.05,UPI,2020,1219,19,3,0.021,0.332,1,1
TXN-006833,3166.35,UPI,710,1000,24,0,0.978,0.951,0,0
TXN-006834,55186.09,NETBANKING,295,1155,1,1,0.149,0.134,0,0
TXN-006835,76076.64,WALLET,279,1137,13,3,0.865,0.881,0,1
TXN-006836,113067.72,NETBANKING,2032,327,25,2,0.089,0.411,0,1
TXN-006837,119319.75,WALLET,2321,1042,22,0,0.626,0.972,0,0
TXN-006838,46438.78,NETBANKING,910,602,16,2,0.57,0.897,0,0
TXN-006839,9993.91,UPI,1930,1486,20,4,0.902,0.847,0,1
TXN-006840,10821.54,CARD,2416,1365,1,3,0.964,0.168,0,0
TXN-006841,125881.46,CARD,923,1260,13,1,0.317,0.574,1,1
TXN-006842,82578.67,UPI,747,985,4,2,0.186,0.139,0,0
TXN-006843,105219.29,CARD,1695,409,29,4,0.951,0.112,0,1
TXN-006844,9584.35,CARD,1390,1077,4,3,0.507,0.029,0,0
TXN-006845,147248.0,UPI,770,644,15,5,0.535,0.366,0,0
TXN-006846,140254.38,CARD,1385,970,20,3,0.092,0.962,0,1
TXN-006847,68713.82,WALLET,2477,1124,10,1,0.083,0.341,0,0
TXN-006848,93322.8,UPI,54,1390,15,2,0.435,0.341,0,1
TXN-006849,124139.45,UPI,736,1340,28,0,0.026,0.537,0,0
TXN-006850,28386.58,UPI,1243,279,27,0,0.642,0.16,0,0
TXN-006851,1539.74,CARD,2138,607,17,2,0.049,0.075,0,1
TXN-006852,50497.31,CARD,577,1480,2,0,0.528,0.895,1,1
TXN-006853,9828.3,CARD,656,785,20,2,0.277,0.375,0,1
TXN-006854,88317.01,CARD,111,1156,16,3,0.653,0.918,0,1
TXN-006855,96624.73,WALLET,2135,868,5,0,0.521,0.595,0,0
TXN-006856,37687.71,CARD,714,1168,9,4,0.016,0.265,0,1
TXN-006857,52894.4,UPI,1910,979,12,2,0.451,0.348,0,0
TXN-006858,132701.46,UPI,1466,938,7,3,0.428,0.726,1,1
TXN-006859,17449.78,UPI,78,431,19,0,0.962,0.53,0,0
TXN-006860,100682.66,WALLET,1663,694,20,2,0.297,0.952,0,0
TXN-006861,29655.96,WALLET,666,139,30,4,0.205,0.307,0,0
TXN-006862,44834.33,CARD,2401,836,1,5,0.711,0.42,0,1
TXN-006863,82617.9,CARD,569,344,4,2,0.765,0.231,0,0
TXN-006864,132205.18,WALLET,1724,1032,5,5,0.351,0.823,1,1
TXN-006865,42320.59,NETBANKING,859,1442,6,5,0.607,0.356,0,0
TXN-006866,35755.19,CARD,1485,64,14,2,0.695,0.252,0,0
TXN-006867,70770.36,NETBANKING,1030,509,5,4,0.485,0.132,0,0
TXN-006868,145670.14,CARD,506,296,8,5,0.745,0.893,0,1
TXN-006869,122234.2,CARD,2152,1028,18,4,0.725,0.795,0,1
TXN-006870,95291.3,CARD,251,868,28,0,0.03,0.837,0,0
TXN-006871,121443.79,WALLET,2390,1349,23,3,0.474,0.643,0,0
TXN-006872,36409.78,WALLET,786,1362,21,3,0.471,0.924,0,1
TXN-006873,82008.73,WALLET,658,347,17,5,0.665,0.019,0,1
TXN-006874,13556.34,NETBANKING,767,435,18,0,0.758,0.649,0,0
TXN-006875,12486.07,UPI,2349,1104,4,3,0.299,0.329,0,0
TXN-006876,95747.31,WALLET,40,50,9,0,0.917,0.173,0,0
TXN-006877,115987.82,WALLET,1174,162,3,3,0.881,0.126,0,1
TXN-006878,82818.82,CARD,291,1373,8,5,0.66,0.968,0,0
TXN-006879,64830.03,NETBANKING,1846,155,14,4,0.519,0.489,1,1
TXN-006880,4603.12,UPI,342,1111,12,2,0.272,0.375,0,0
TXN-006881,72959.01,UPI,904,1138,3,5,0.897,0.098,0,1
TXN-006882,132410.99,UPI,1943,1255,6,1,0.143,0.37,0,1
TXN-006883,22046.6,UPI,1355,911,13,1,0.927,0.797,0,1
TXN-006884,137241.23,CARD,501,1092,23,2,0.8,0.774,0,0
TXN-006885,65365.74,NETBANKING,909,1232,12,3,0.214,0.264,1,1
TXN-006886,20152.19,CARD,1197,1200,2,4,0.833,0.862,0,1
TXN-006887,115132.94,CARD,1677,454,29,2,0.255,0.561,0,1
TXN-006888,2827.53,NETBANKING,1263,691,21,4,0.611,0.011,1,0
TXN-006889,73601.54,CARD,2258,798,16,2,0.642,0.434,1,0
TXN-006890,29278.03,NETBANKING,1882,255,1,3,0.105,0.513,0,0
TXN-006891,5717.56,WALLET,1243,976,5,1,0.202,0.261,0,0
TXN-006892,7014.14,UPI,1827,809,12,3,0.574,0.958,0,0
TXN-006893,103646.22,NETBANKING,935,607,23,2,0.464,0.857,0,1
TXN-006894,105947.21,WALLET,1671,1379,8,3,0.55,0.968,0,0
TXN-006895,883.63,NETBANKING,1448,1275,16,3,0.774,0.482,0,1
TXN-006896,52358.12,UPI,1622,1317,20,1,0.349,0.085,1,1
TXN-006897,99076.81,WALLET,1407,364,20,1,0.455,0.555,0,1
TXN-006898,102215.5,UPI,1091,888,16,3,0.919,0.219,0,1
TXN-006899,118167.19,UPI,619,1281,15,4,0.386,0.662,0,1
TXN-006900,101441.77,UPI,1083,184,8,2,0.743,0.034,1,1
TXN-006901,127016.45,UPI,1228,146,6,0,0.843,0.067,1,1
TXN-006902,142373.17,CARD,1712,1116,11,1,0.677,0.455,0,1
TXN-006903,17428.43,NETBANKING,2177,580,19,5,0.761,0.768,1,1
TXN-006904,77952.84,UPI,255,731,28,1,0.091,0.265,0,0
TXN-006905,72329.07,WALLET,416,1258,18,3,0.76,0.381,0,1
TXN-006906,29994.38,CARD,836,252,2,3,0.823,0.827,0,1
TXN-006907,29046.9,UPI,1924,909,15,1,0.645,0.247,1,1
TXN-006908,40586.65,NETBANKING,371,338,16,2,0.48,0.832,1,1
TXN-006909,113064.49,UPI,2496,1402,7,2,0.164,0.364,0,0
TXN-006910,79623.47,NETBANKING,1396,640,30,5,0.4,0.87,0,1
TXN-006911,53134.09,WALLET,178,204,5,5,0.519,0.984,0,1
TXN-006912,15051.94,UPI,1606,402,18,3,0.074,0.091,1,1
TXN-006913,55784.81,NETBANKING,566,920,18,0,0.045,0.727,0,0
TXN-006914,61235.84,NETBANKING,351,1232,13,1,0.869,0.312,0,1
TXN-006915,42308.92,UPI,1474,1015,19,1,0.249,0.663,0,0
TXN-006916,72182.82,NETBANKING,805,1084,20,1,0.19,0.375,0,0
TXN-006917,12500.88,WALLET,962,204,18,5,0.582,0.18,1,0
TXN-006918,83940.59,NETBANKING,1690,1050,16,5,0.858,0.384,0,1
TXN-006919,89525.92,NETBANKING,1569,1095,17,0,0.731,0.518,1,1
TXN-006920,21543.19,WALLET,895,1410,21,5,0.304,0.476,0,0
TXN-006921,138225.73,UPI,512,106,11,0,0.65,0.506,0,0
TXN-006922,18637.77,UPI,643,300,26,0,0.366,0.239,1,0
TXN-006923,115793.29,UPI,2183,458,12,1,0.376,0.173,0,0
TXN-006924,99675.56,CARD,1810,812,27,0,0.436,0.694,0,1
TXN-006925,149684.87,UPI,1931,1495,21,4,0.168,0.403,0,0
TXN-006926,106098.12,UPI,2495,668,30,3,0.703,0.787,1,1
TXN-006927,36838.85,CARD,1767,1005,23,1,0.4,0.34,0,1
TXN-006928,84463.46,WALLET,877,245,3,0,0.77,0.023,0,1
TXN-006929,17120.89,CARD,276,1001,10,5,0.677,0.096,1,0
TXN-006930,85346.94,WALLET,994,459,9,0,0.606,0.335,0,0
TXN-006931,65538.16,CARD,1023,286,13,3,0.139,0.152,1,0
TXN-006932,145756.87,CARD,2421,36,28,3,0.277,0.662,0,1
TXN-006933,139009.23,UPI,715,304,17,0,0.009,0.824,0,0
TXN-006934,124126.18,WALLET,88,1279,26,5,0.195,0.286,0,0
TXN-006935,37412.03,UPI,656,480,19,1,0.202,0.091,1,0
TXN-006936,94781.79,WALLET,1439,167,23,5,0.879,0.158,1,1
TXN-006937,65964.78,NETBANKING,87,784,15,5,0.076,0.142,0,0
TXN-006938,105637.87,UPI,2374,34,29,1,0.105,0.309,0,1
TXN-006939,34192.8,UPI,343,674,22,1,0.222,0.893,1,0
TXN-006940,140271.56,CARD,1736,739,2,4,0.013,0.174,1,1
TXN-006941,97854.04,CARD,1588,614,11,4,0.869,0.062,0,1
TXN-006942,139337.51,UPI,832,582,14,4,0.737,0.382,0,1
TXN-006943,9780.38,UPI,2020,638,16,1,0.998,0.485,0,0
TXN-006944,147228.94,WALLET,2033,306,16,2,0.921,0.64,1,1
TXN-006945,89319.94,WALLET,227,911,7,5,0.3,0.997,0,0
TXN-006946,76607.02,CARD,446,814,30,4,0.505,0.884,0,1
TXN-006947,115882.1,NETBANKING,1002,1464,10,1,0.68,0.922,0,1
TXN-006948,3544.82,WALLET,919,735,26,1,0.396,0.317,0,0
TXN-006949,93230.3,UPI,1533,498,21,0,0.799,0.397,0,0
TXN-006950,94073.6,UPI,1362,224,1,0,0.097,0.564,1,1
TXN-006951,93694.39,WALLET,695,810,9,3,0.143,0.102,0,0
TXN-006952,127194.44,NETBANKING,2350,502,30,5,0.838,0.333,0,1
TXN-006953,74651.24,CARD,963,1187,16,2,0.185,0.795,0,0
TXN-006954,81170.12,UPI,2381,1450,11,4,0.891,0.492,0,0
TXN-006955,13533.35,NETBANKING,1735,1396,27,2,0.379,0.912,0,1
TXN-006956,30636.3,NETBANKING,2191,1173,16,4,0.828,0.612,0,1
TXN-006957,114791.95,NETBANKING,548,1064,18,1,0.876,0.502,1,0
TXN-006958,14701.28,CARD,157,1358,5,2,0.149,0.012,0,0
TXN-006959,100569.74,UPI,2222,980,18,1,0.885,0.236,0,0
TXN-006960,88023.66,WALLET,2066,675,21,0,0.754,0.071,0,1
TXN-006961,22789.89,UPI,1882,1081,18,5,0.722,0.535,1,1
TXN-006962,27648.63,WALLET,1649,1253,17,3,0.269,0.888,0,0
TXN-006963,128382.49,NETBANKING,1248,639,13,0,0.091,0.568,0,0
TXN-006964,55264.99,WALLET,276,1394,27,0,0.441,0.01,1,0
TXN-006965,46483.77,UPI,1489,395,13,0,0.258,0.855,1,1
TXN-006966,124277.92,CARD,388,1403,17,0,0.7,0.803,0,0
TXN-006967,15680.29,NETBANKING,1611,223,1,0,0.924,0.128,0,0
TXN-006968,76923.47,NETBANKING,290,863,29,2,0.996,0.886,0,1
TXN-006969,149701.49,UPI,1379,1129,25,5,0.971,0.288,0,1
TXN-006970,120366.72,CARD,1976,287,20,2,0.793,0.894,1,1
TXN-006971,63467.66,WALLET,1163,1224,16,1,0.671,0.525,0,0
TXN-006972,90198.58,WALLET,1230,1432,18,2,0.622,0.753,0,0
TXN-006973,52818.78,CARD,916,524,12,4,0.187,0.973,1,1
TXN-006974,16856.87,NETBANKING,1570,900,25,2,0.432,0.887,1,0
TXN-006975,94279.68,CARD,1270,1325,26,3,0.407,0.032,0,1
TXN-006976,85625.6,NETBANKING,299,389,3,2,0.746,0.418,0,0
TXN-006977,143294.76,UPI,890,1405,14,0,0.433,0.616,1,0
TXN-006978,69817.69,CARD,2043,277,10,2,0.322,0.486,1,1
TXN-006979,15792.4,NETBANKING,2165,1213,28,1,0.674,0.718,0,0
TXN-006980,122517.89,WALLET,124,138,10,2,0.493,0.364,1,1
TXN-006981,124064.6,NETBANKING,1120,673,20,2,0.997,0.617,0,1
TXN-006982,92043.02,WALLET,1859,633,3,4,0.281,0.829,0,1
TXN-006983,4425.81,CARD,1483,277,20,1,0.843,0.135,0,0
TXN-006984,72906.3,UPI,1334,932,6,0,0.51,0.279,0,0
TXN-006985,13930.0,WALLET,314,960,26,2,0.573,0.222,1,1
TXN-006986,24519.4,WALLET,2432,205,17,0,0.354,0.786,0,1
TXN-006987,129116.19,WALLET,970,1472,1,5,0.141,0.563,0,0
TXN-006988,110479.86,CARD,953,801,28,2,0.048,0.579,0,0
TXN-006989,130525.4,WALLET,349,1353,6,5,0.793,0.55,0,1
TXN-006990,109830.23,WALLET,2237,934,30,1,0.374,0.995,0,1
TXN-006991,110208.1,UPI,1702,1040,5,0,0.279,0.163,1,1
TXN-006992,69309.7,CARD,464,933,25,3,0.296,0.877,0,1
TXN-006993,146482.06,NETBANKING,776,980,18,5,0.558,0.16,0,1
TXN-006994,117230.16,NETBANKING,103,1421,13,2,0.833,0.724,1,0
TXN-006995,139421.57,NETBANKING,879,221,14,2,0.441,0.374,0,1
TXN-006996,105293.68,UPI,1979,1322,21,5,0.939,0.18,0,1
TXN-006997,81494.7,CARD,589,284,27,4,0.065,0.909,0,1
TXN-006998,21539.54,UPI,2317,549,2,1,0.203,0.569,0,0
TXN-006999,95728.6,CARD,865,787,15,4,0.232,0.514,0,1
TXN-007000,4947.21,WALLET,2000,1298,28,4,0.094,0.503,0,0
TXN-007001,15779.71,UPI,1669,1463,16,5,0.397,0.281,0,0
TXN-007002,53480.48,WALLET,1009,1062,17,5,0.899,0.765,1,1
TXN-007003,1420.48,WALLET,2378,967,16,3,0.486,0.033,0,0
TXN-007004,75907.29,UPI,1846,897,2,5,0.14,0.432,0,0
TXN-007005,38959.75,WALLET,948,793,22,1,0.141,0.019,0,0
TXN-007006,19680.8,NETBANKING,2402,187,24,1,0.64,0.537,0,1
TXN-007007,99574.57,NETBANKING,495,1312,21,4,0.873,0.815,0,0
TXN-007008,101050.26,UPI,484,1089,11,5,0.941,0.504,0,1
TXN-007009,31961.02,NETBANKING,682,208,22,5,0.742,0.546,1,1
TXN-007010,46640.29,CARD,253,230,18,5,0.813,0.298,0,0
TXN-007011,89247.94,CARD,50,1271,17,0,0.41,0.471,0,0
TXN-007012,15600.51,NETBANKING,2264,629,28,2,0.418,0.182,0,1
TXN-007013,1134.16,NETBANKING,927,885,1,3,0.327,0.507,0,0
TXN-007014,124586.37,NETBANKING,646,198,15,5,0.472,0.633,1,1
TXN-007015,22436.94,CARD,930,1480,22,2,0.747,0.412,0,1
TXN-007016,11229.93,WALLET,777,288,15,2,0.243,0.659,0,0
TXN-007017,98098.92,UPI,53,204,21,4,0.72,0.714,0,0
TXN-007018,87916.7,NETBANKING,783,706,19,3,0.023,0.961,0,0
TXN-007019,136711.33,UPI,2253,515,22,3,0.383,0.701,0,1
TXN-007020,27744.84,NETBANKING,1860,256,18,0,0.188,0.637,1,0
TXN-007021,126054.14,CARD,1869,212,2,2,0.717,0.317,1,1
TXN-007022,88806.61,UPI,108,1491,15,2,0.055,0.692,1,1
TXN-007023,130506.06,CARD,660,152,15,4,0.009,0.409,0,0
TXN-007024,10630.93,CARD,47,1448,21,0,0.399,0.69,0,1
TXN-007025,126586.23,WALLET,989,434,14,0,0.547,0.586,0,0
TXN-007026,89436.97,WALLET,1491,937,6,3,0.145,0.492,1,0
TXN-007027,75675.99,NETBANKING,469,1483,10,3,0.38,0.807,0,1
TXN-007028,122043.14,WALLET,238,1218,10,3,0.07,0.426,0,0
TXN-007029,61121.54,NETBANKING,298,1063,4,2,0.92,0.052,1,1
TXN-007030,99169.8,CARD,1759,410,25,1,0.147,0.03,0,0
TXN-007031,76643.16,UPI,871,609,16,1,0.748,0.042,1,1
TXN-007032,36745.82,WALLET,1587,989,12,0,0.624,0.374,0,0
TXN-007033,148906.55,CARD,709,986,10,4,0.955,0.086,0,1
TXN-007034,66418.5,NETBANKING,4,703,29,1,0.014,0.924,0,0
TXN-007035,114267.23,UPI,422,601,14,3,0.918,0.35,0,0
TXN-007036,7961.01,CARD,696,608,24,4,0.612,0.237,0,0
TXN-007037,67427.18,NETBANKING,1513,920,21,3,0.436,0.998,0,1
TXN-007038,12859.35,CARD,2035,680,17,2,0.709,0.916,0,1
TXN-007039,45570.5,WALLET,2473,381,28,1,0.464,0.884,0,0
TXN-007040,22710.07,WALLET,1898,728,20,2,0.484,0.616,0,1
TXN-007041,18072.83,UPI,2461,412,11,0,0.867,0.031,1,0
TXN-007042,62505.03,UPI,2164,225,15,0,0.204,0.68,0,1
TXN-007043,49139.84,NETBANKING,626,1129,4,3,0.58,0.275,0,0
TXN-007044,44693.0,WALLET,547,571,9,5,0.866,0.346,0,0
TXN-007045,87437.44,CARD,139,184,10,4,0.148,0.897,0,0
TXN-007046,91593.35,CARD,1504,1388,19,5,0.876,0.601,1,0
TXN-007047,48322.41,WALLET,1710,53,4,0,0.402,0.337,0,0
TXN-007048,52005.18,UPI,975,664,12,2,0.552,0.802,1,0
TXN-007049,102846.7,UPI,1704,819,21,0,0.355,0.849,0,0
TXN-007050,27949.81,UPI,770,894,1,0,0.538,0.273,0,0
TXN-007051,135665.67,WALLET,1007,1476,20,4,0.895,0.494,0,1
TXN-007052,105305.23,UPI,55,1236,22,4,0.725,0.499,1,1
TXN-007053,131368.51,UPI,1571,406,22,0,0.688,0.76,0,1
TXN-007054,62906.84,UPI,128,553,27,3,0.184,0.327,0,0
TXN-007055,4880.85,CARD,1354,1042,15,0,0.485,0.059,0,1
TXN-007056,109085.44,NETBANKING,1495,30,21,0,0.75,0.451,1,0
TXN-007057,8639.02,NETBANKING,767,1208,20,2,0.145,0.131,0,0
TXN-007058,30378.0,CARD,1056,1248,6,5,0.774,0.174,0,0
TXN-007059,29945.37,UPI,578,678,17,5,0.636,0.203,0,0
TXN-007060,11043.12,CARD,573,1007,29,3,0.734,0.015,0,0
TXN-007061,39620.37,WALLET,942,25,20,5,0.721,0.102,0,0
TXN-007062,108202.31,UPI,2288,1000,14,3,0.48,0.305,0,1
TXN-007063,97630.7,CARD,1437,1389,25,3,0.512,0.219,0,0
TXN-007064,76165.91,UPI,816,406,24,3,0.868,0.205,0,0
TXN-007065,48993.71,WALLET,90,641,2,1,0.243,0.722,0,0
TXN-007066,118036.96,UPI,1619,484,26,5,0.66,0.479,0,0
TXN-007067,67704.15,CARD,1690,345,12,1,0.013,0.267,0,0
TXN-007068,658.55,WALLET,968,383,30,1,0.401,0.617,0,1
TXN-007069,77682.39,UPI,533,378,20,2,0.745,0.016,0,1
TXN-007070,134321.68,UPI,764,1165,8,4,0.63,0.703,0,1
TXN-007071,70230.89,NETBANKING,1556,563,29,5,0.355,0.972,1,0
TXN-007072,66311.39,CARD,155,456,6,4,0.145,0.561,0,0
TXN-007073,16188.63,NETBANKING,836,446,5,0,0.771,0.878,0,0
TXN-007074,97012.88,NETBANKING,679,1273,11,3,0.001,0.029,0,0
TXN-007075,87242.64,WALLET,749,55,6,0,0.77,0.356,0,0
TXN-007076,25916.77,NETBANKING,1610,1217,7,0,0.511,0.432,0,0
TXN-007077,95705.48,UPI,1089,496,17,3,0.281,0.231,0,1
TXN-007078,146259.08,WALLET,542,1000,14,1,0.014,0.736,0,0
TXN-007079,139548.65,CARD,1333,281,15,5,0.244,0.44,0,0
TXN-007080,38888.73,UPI,949,1185,4,2,0.146,0.008,0,0
TXN-007081,92432.02,NETBANKING,257,634,8,0,0.836,0.029,0,0
TXN-007082,46375.28,NETBANKING,987,1455,25,1,0.721,0.462,1,0
TXN-007083,112957.66,NETBANKING,49,1100,23,5,0.533,0.777,1,1
TXN-007084,33339.26,UPI,750,1350,18,2,0.149,0.152,0,0
TXN-007085,96283.63,WALLET,1094,1136,29,5,0.36,0.093,0,0
TXN-007086,60853.96,WALLET,130,386,28,1,0.931,0.518,0,0
TXN-007087,109171.38,NETBANKING,675,475,22,2,0.618,0.009,0,1
TXN-007088,104161.23,WALLET,2261,143,8,2,0.628,0.204,0,1
TXN-007089,102786.46,WALLET,753,879,11,2,0.412,0.365,0,1
TXN-007090,121687.61,CARD,1385,1351,12,0,0.976,0.132,0,1
TXN-007091,89306.07,CARD,1914,88,29,2,0.579,0.265,0,1
TXN-007092,33634.08,CARD,1645,115,14,5,0.5,0.944,0,0
TXN-007093,104446.62,NETBANKING,20,1247,24,0,0.684,0.386,0,0
TXN-007094,8285.32,WALLET,267,221,1,3,0.943,0.509,0,1
TXN-007095,53595.54,WALLET,2307,1273,26,5,0.903,0.937,0,1
TXN-007096,45179.45,NETBANKING,1587,1407,27,2,0.262,0.7,0,0
TXN-007097,26257.71,CARD,2452,843,2,3,0.766,0.082,1,0
TXN-007098,18063.06,CARD,1282,296,23,0,0.558,0.431,1,1
TXN-007099,133957.85,WALLET,1979,662,14,5,0.454,0.708,1,0
TXN-007100,83537.09,CARD,1843,1141,16,5,0.66,0.35,1,0
TXN-007101,133869.35,UPI,2137,1271,29,3,0.695,0.282,1,1
TXN-007102,66603.29,WALLET,816,446,16,5,0.537,0.456,0,0
TXN-007103,115155.89,WALLET,868,337,27,3,0.747,0.109,0,1
TXN-007104,98662.8,CARD,1635,632,2,3,0.692,0.133,0,0
TXN-007105,106953.7,WALLET,1260,1289,19,2,0.71,0.409,0,0
TXN-007106,138226.72,CARD,1146,704,20,5,0.109,0.129,0,0
TXN-007107,12684.16,CARD,336,720,17,1,0.343,0.855,0,1
TXN-007108,45961.37,CARD,1415,125,2,4,0.926,0.382,1,0
TXN-007109,52362.39,UPI,792,515,23,0,0.36,0.303,1,0
TXN-007110,81555.31,NETBANKING,2376,581,5,4,0.247,0.832,0,1
TXN-007111,1721.69,WALLET,305,564,20,3,0.396,0.143,0,0
TXN-007112,125455.72,UPI,961,270,10,1,0.182,0.283,0,0
TXN-007113,107164.45,CARD,327,1384,4,3,0.059,0.365,0,0
TXN-007114,59074.85,UPI,388,327,25,3,0.85,0.481,0,0
TXN-007115,23547.93,UPI,2356,556,7,0,0.351,0.117,1,1
TXN-007116,147659.19,WALLET,750,707,29,5,0.972,0.695,0,1
TXN-007117,63470.33,WALLET,1117,1371,13,5,0.664,0.647,0,0
TXN-007118,58133.41,WALLET,656,1061,12,1,0.386,0.818,0,0
TXN-007119,83847.93,UPI,2166,963,3,0,0.815,0.202,0,0
TXN-007120,43408.85,UPI,953,499,4,0,0.695,0.687,0,0
TXN-007121,118578.9,NETBANKING,1269,984,29,4,0.789,0.205,1,1
TXN-007122,86834.74,UPI,75,490,2,5,0.21,0.829,1,1
TXN-007123,145922.2,NETBANKING,7,330,20,3,0.399,0.052,0,1
TXN-007124,1011.32,CARD,122,1438,25,2,0.481,0.426,0,0
TXN-007125,57543.03,CARD,1605,46,2,2,0.284,0.558,0,0
TXN-007126,42190.71,NETBANKING,438,908,10,2,0.297,0.961,0,0
TXN-007127,97355.03,CARD,1440,704,5,3,0.228,0.206,1,0
TXN-007128,57561.69,UPI,2029,981,20,4,0.512,0.045,0,0
TXN-007129,1646.09,CARD,441,6,11,4,0.632,0.815,0,1
TXN-007130,60492.61,NETBANKING,20,1375,9,4,0.429,0.468,0,0
TXN-007131,117706.08,CARD,2279,300,26,0,0.057,0.182,0,1
TXN-007132,90478.17,CARD,480,1406,13,4,0.349,0.023,1,1
TXN-007133,29020.05,CARD,1577,527,29,3,0.602,0.629,0,1
TXN-007134,64161.43,CARD,959,1065,24,1,0.92,0.762,0,1
TXN-007135,56163.12,WALLET,1298,668,22,3,0.982,0.465,0,0
TXN-007136,113192.62,NETBANKING,116,1333,3,4,0.853,0.63,1,1
TXN-007137,61439.13,WALLET,1475,904,16,3,0.487,0.728,0,1
TXN-007138,128056.57,NETBANKING,2059,432,20,3,0.131,0.916,0,1
TXN-007139,92625.11,WALLET,2082,1154,18,3,0.354,0.31,1,1
TXN-007140,128252.56,UPI,1768,135,19,5,0.849,0.494,0,1
TXN-007141,78645.53,NETBANKING,230,528,7,4,0.541,0.088,0,0
TXN-007142,137585.68,UPI,1477,1421,18,1,0.371,0.19,1,0
TXN-007143,83255.81,CARD,1354,673,13,0,0.275,0.916,0,0
TXN-007144,45312.38,WALLET,1598,58,4,4,0.744,0.198,0,0
TXN-007145,76773.11,UPI,1575,1222,12,5,0.667,0.231,0,1
TXN-007146,108944.05,CARD,1752,106,9,5,0.184,0.573,1,1
TXN-007147,120419.56,UPI,283,1259,30,1,0.921,0.795,1,1
TXN-007148,76391.07,NETBANKING,967,1465,6,2,0.816,0.308,0,0
TXN-007149,124036.49,NETBANKING,750,646,19,2,0.63,0.158,0,0
TXN-007150,50137.66,CARD,2054,329,4,0,0.435,0.539,1,1
TXN-007151,102540.17,UPI,1873,459,11,4,0.032,0.202,0,1
TXN-007152,114584.16,NETBANKING,347,532,17,1,0.149,0.756,0,0
TXN-007153,92209.12,NETBANKING,1335,909,7,4,0.846,0.606,0,0
TXN-007154,59858.28,NETBANKING,1454,92,5,5,0.393,0.761,0,1
TXN-007155,101524.9,CARD,1298,446,26,4,0.818,0.947,0,1
TXN-007156,18336.08,CARD,60,966,2,1,0.435,0.486,1,0
TXN-007157,58390.52,UPI,395,707,29,5,0.183,0.917,0,1
TXN-007158,81393.88,UPI,504,1089,10,2,0.546,0.534,0,1
TXN-007159,15209.52,NETBANKING,1186,103,19,0,0.061,0.963,0,0
TXN-007160,68591.82,CARD,1328,950,7,0,0.985,0.022,0,0
TXN-007161,67964.35,CARD,1418,618,2,2,0.64,0.201,0,0
TXN-007162,14479.2,NETBANKING,1885,1113,24,2,0.664,0.82,0,0
TXN-007163,108089.58,CARD,2046,142,20,4,0.381,0.506,0,1
TXN-007164,106533.97,UPI,1184,821,11,2,0.538,0.105,0,0
TXN-007165,25096.27,UPI,1604,138,12,1,0.684,0.86,0,0
TXN-007166,90331.37,WALLET,2311,643,1,2,0.466,0.701,0,1
TXN-007167,48435.36,UPI,312,925,27,3,0.333,0.078,0,0
TXN-007168,139299.52,CARD,2306,453,14,0,0.701,0.641,0,0
TXN-007169,109007.26,UPI,1719,888,2,5,0.359,0.617,0,0
TXN-007170,86687.17,CARD,290,1497,4,1,0.732,0.325,1,1
TXN-007171,122457.53,WALLET,35,226,14,1,0.683,0.684,0,1
TXN-007172,91283.43,WALLET,338,441,16,0,0.244,0.03,1,0
TXN-007173,78179.81,CARD,500,651,23,0,0.8,0.139,0,1
TXN-007174,36650.29,UPI,2305,208,22,5,0.38,0.277,1,0
TXN-007175,3667.6,CARD,225,1184,22,2,0.799,0.737,0,1
TXN-007176,95118.25,WALLET,244,920,6,2,0.061,0.861,1,1
TXN-007177,149238.75,CARD,89,304,2,3,0.77,0.186,0,1
TXN-007178,117878.09,NETBANKING,1380,332,18,0,0.207,0.573,1,0
TXN-007179,67097.27,NETBANKING,614,458,5,3,0.377,0.976,0,1
TXN-007180,78717.66,CARD,31,655,26,0,0.672,0.372,0,1
TXN-007181,131987.16,WALLET,707,1248,10,1,0.783,0.666,0,0
TXN-007182,74780.86,WALLET,68,973,1,1,0.292,0.378,0,0
TXN-007183,20588.66,NETBANKING,628,226,13,4,0.924,0.584,0,1
TXN-007184,85137.14,NETBANKING,470,1358,19,5,0.015,0.323,1,1
TXN-007185,45232.66,WALLET,2155,301,20,1,0.301,0.655,1,0
TXN-007186,60536.25,UPI,2164,910,28,0,0.845,0.438,1,1
TXN-007187,13796.72,UPI,627,67,30,1,0.115,0.37,0,0
TXN-007188,47615.02,UPI,1683,401,12,4,0.8,0.157,0,0
TXN-007189,117143.22,UPI,1846,890,11,2,0.456,0.996,1,0
TXN-007190,118976.99,CARD,2193,1198,15,3,0.944,0.942,0,1
TXN-007191,139168.27,UPI,2037,606,5,1,0.114,0.001,0,0
TXN-007192,119733.83,UPI,46,218,10,2,0.187,0.242,0,0
TXN-007193,16463.44,NETBANKING,548,1306,29,0,0.264,0.101,1,0
TXN-007194,49271.45,NETBANKING,788,31,29,3,0.071,0.511,0,1
TXN-007195,3918.62,NETBANKING,451,1330,9,4,0.051,0.208,0,0
TXN-007196,29350.13,WALLET,146,729,23,3,0.148,0.76,0,1
TXN-007197,54246.12,WALLET,2006,845,22,1,0.933,0.503,0,0
TXN-007198,60819.47,UPI,396,1450,13,0,0.504,0.189,0,0
TXN-007199,114258.77,NETBANKING,646,815,7,5,0.925,0.008,0,0
TXN-007200,53725.39,UPI,1363,1357,13,4,0.52,0.998,0,0
TXN-007201,86798.62,UPI,668,1039,29,5,0.007,0.97,1,1
TXN-007202,104681.53,UPI,2357,1409,17,1,0.837,0.463,0,1
TXN-007203,60716.45,NETBANKING,2298,897,27,3,0.437,0.155,0,0
TXN-007204,111223.39,NETBANKING,1273,222,12,3,0.36,0.286,0,0
TXN-007205,130690.48,CARD,1201,1092,3,1,0.145,0.539,0,0
TXN-007206,144086.33,NETBANKING,1441,1029,9,5,0.275,0.447,0,1
TXN-007207,39615.2,WALLET,443,1430,24,2,0.851,0.928,0,1
TXN-007208,39777.93,NETBANKING,587,1021,10,0,0.972,0.262,0,0
TXN-007209,119163.13,UPI,729,1178,2,1,0.528,0.176,0,1
TXN-007210,88062.94,WALLET,760,1174,19,1,0.405,0.224,0,0
TXN-007211,143828.34,UPI,2454,715,4,0,0.218,0.683,0,0
TXN-007212,23500.43,WALLET,405,720,18,2,0.779,0.347,0,0
TXN-007213,81244.17,WALLET,1213,372,6,1,0.12,0.328,0,0
TXN-007214,113498.78,CARD,1977,719,16,0,0.2,0.921,0,0
TXN-007215,109424.59,UPI,1097,1096,12,2,0.229,0.402,0,0
TXN-007216,143379.49,UPI,2299,952,7,0,0.479,0.554,0,0
TXN-007217,64868.88,CARD,2083,519,21,3,0.55,0.124,0,1
TXN-007218,103580.39,NETBANKING,2212,817,27,4,0.149,0.702,0,0
TXN-007219,7593.93,UPI,920,1270,28,0,0.392,0.041,1,1
TXN-007220,16004.74,UPI,2007,69,10,0,0.29,0.895,1,1
TXN-007221,44957.62,UPI,1531,278,4,5,0.687,0.728,0,0
TXN-007222,36370.89,WALLET,231,1288,3,3,0.679,0.966,0,0
TXN-007223,77216.34,UPI,213,925,16,0,0.582,0.657,0,0
TXN-007224,112137.05,NETBANKING,272,1406,13,3,0.991,0.051,0,0
TXN-007225,146944.23,NETBANKING,1279,545,22,1,0.287,0.058,0,1
TXN-007226,53170.09,WALLET,2290,600,11,0,0.172,0.33,0,0
TXN-007227,63296.35,WALLET,973,223,11,2,0.172,0.838,0,0
TXN-007228,148864.21,CARD,363,162,5,3,0.952,0.952,1,1
TXN-007229,3680.35,WALLET,879,611,11,4,0.676,0.417,1,0
TXN-007230,9601.3,NETBANKING,1505,1337,13,4,0.986,0.749,1,1
TXN-007231,104844.85,NETBANKING,724,623,6,1,0.36,0.185,1,1
TXN-007232,2565.45,CARD,1431,169,26,1,0.394,0.476,0,0
TXN-007233,130796.64,UPI,2076,377,4,0,0.627,0.01,1,0
TXN-007234,109120.99,WALLET,1060,318,14,0,0.347,0.783,0,0
TXN-007235,10381.31,WALLET,515,968,12,3,0.631,0.241,0,1
TXN-007236,14365.23,CARD,1781,1134,20,2,0.934,0.614,0,0
TXN-007237,116870.5,UPI,692,1472,7,1,0.635,0.359,0,0
TXN-007238,94535.02,NETBANKING,2448,888,8,4,0.215,0.666,1,1
TXN-007239,67612.87,UPI,1611,1251,17,0,0.317,0.323,0,0
TXN-007240,64327.45,UPI,1274,968,21,2,0.911,0.116,0,1
TXN-007241,118883.51,NETBANKING,2280,533,13,2,0.518,0.592,0,1
TXN-007242,119916.17,WALLET,379,918,30,3,0.547,0.713,0,0
TXN-007243,119175.72,UPI,2144,554,24,3,0.465,0.148,1,1
TXN-007244,3740.29,CARD,2038,937,24,0,0.297,0.991,0,0
TXN-007245,7975.49,WALLET,2464,1110,4,3,0.236,0.11,1,0
TXN-007246,51599.75,NETBANKING,1489,331,30,0,0.391,0.899,0,1
TXN-007247,77645.55,CARD,2476,668,9,5,0.562,0.649,0,0
TXN-007248,137324.79,CARD,461,1421,12,4,0.887,0.787,0,1
TXN-007249,16182.51,WALLET,2332,1373,18,2,0.148,0.977,1,1
TXN-007250,70130.45,WALLET,213,1415,26,2,0.937,0.908,0,1
TXN-007251,89953.89,CARD,1554,466,20,5,0.61,0.806,0,0
TXN-007252,133883.01,CARD,1672,514,14,1,0.568,0.713,1,1
TXN-007253,107738.31,CARD,306,1207,2,4,0.166,0.474,0,0
TXN-007254,125627.96,NETBANKING,47,605,26,3,0.415,0.058,0,1
TXN-007255,49539.82,NETBANKING,1722,99,1,5,0.488,0.46,0,0
TXN-007256,137784.97,WALLET,2114,718,25,3,0.27,0.837,1,1
TXN-007257,51036.8,CARD,1012,519,18,4,0.381,0.319,0,1
TXN-007258,26648.78,UPI,1816,865,9,3,0.363,0.069,0,0
TXN-007259,92480.17,WALLET,546,1406,22,5,0.474,0.128,0,1
TXN-007260,98887.8,CARD,2236,1416,8,2,0.821,0.238,0,1
TXN-007261,51160.8,WALLET,1708,1050,12,3,0.356,0.94,0,0
TXN-007262,15647.15,NETBANKING,1556,1129,26,4,0.231,0.128,0,0
TXN-007263,13318.03,CARD,2056,576,17,0,0.787,0.459,0,1
TXN-007264,120068.76,WALLET,1249,1062,4,2,0.783,0.18,0,0
TXN-007265,128363.54,UPI,2148,12,17,2,0.351,0.172,0,0
TXN-007266,90871.5,CARD,2500,1281,28,3,0.053,0.705,1,1
TXN-007267,114083.27,NETBANKING,27,822,4,3,0.453,0.94,1,1
TXN-007268,52780.35,UPI,982,615,18,3,0.339,0.451,0,1
TXN-007269,28039.11,CARD,669,531,1,0,0.487,0.679,1,0
TXN-007270,103227.04,NETBANKING,1263,429,3,1,0.26,0.408,0,0
TXN-007271,129290.03,NETBANKING,27,616,8,3,0.549,0.868,0,1
TXN-007272,79361.54,CARD,1718,103,29,3,0.698,0.982,0,1
TXN-007273,121118.02,UPI,828,75,2,2,0.463,0.233,0,1
TXN-007274,146414.0,UPI,2080,350,8,1,0.819,0.409,0,0
TXN-007275,89708.02,WALLET,2255,135,22,3,0.774,0.308,0,1
TXN-007276,19484.05,CARD,900,705,27,1,0.666,0.315,0,1
TXN-007277,95107.99,CARD,1233,1016,10,3,0.95,0.527,0,0
TXN-007278,12931.83,NETBANKING,1452,147,8,3,0.054,0.703,1,0
TXN-007279,89957.7,UPI,2289,1013,17,5,0.879,0.1,1,0
TXN-007280,70747.18,CARD,884,892,20,1,0.571,0.738,1,0
TXN-007281,27857.76,CARD,211,422,29,2,0.163,0.062,1,1
TXN-007282,122820.71,WALLET,2167,1296,3,1,0.884,0.848,1,1
TXN-007283,31826.77,WALLET,815,1404,22,2,0.575,0.215,0,0
TXN-007284,91123.58,WALLET,458,91,30,2,0.099,0.398,1,0
TXN-007285,133628.66,UPI,27,512,21,0,0.937,0.879,0,1
TXN-007286,6376.32,NETBANKING,105,467,20,5,0.468,0.972,0,1
TXN-007287,79291.05,UPI,1789,1256,2,2,0.245,0.915,1,1
TXN-007288,97047.44,CARD,287,1247,29,4,0.81,0.17,0,0
TXN-007289,38139.92,NETBANKING,262,1082,11,0,0.069,0.904,0,0
TXN-007290,11951.6,UPI,2480,1255,12,3,0.742,0.91,0,1
TXN-007291,34376.04,CARD,316,693,8,1,0.601,0.843,0,0
TXN-007292,134204.09,CARD,641,426,12,5,0.61,0.401,0,0
TXN-007293,25159.75,WALLET,682,1496,9,3,0.104,0.594,0,0
TXN-007294,133798.84,CARD,1818,1381,29,3,0.857,0.93,0,1
TXN-007295,101341.29,UPI,958,812,10,4,0.751,0.04,0,0
TXN-007296,99288.05,UPI,1768,1453,9,5,0.956,0.955,0,1
TXN-007297,141912.56,WALLET,598,992,24,3,0.915,0.313,0,1
TXN-007298,147936.48,CARD,1571,665,24,2,0.435,0.259,0,1
TXN-007299,10945.88,NETBANKING,5,448,30,4,0.182,0.949,0,0
TXN-007300,20806.37,CARD,1268,413,13,2,0.964,0.37,0,1
TXN-007301,119067.83,UPI,1552,874,19,2,0.549,0.932,0,1
TXN-007302,58762.18,WALLET,1235,638,14,2,0.067,0.463,0,0
TXN-007303,147376.01,UPI,562,1077,17,1,0.94,0.278,0,0
TXN-007304,49819.53,UPI,1947,636,27,5,0.815,0.818,1,0
TXN-007305,3136.27,WALLET,2378,1402,9,2,0.03,0.052,0,0
TXN-007306,49413.12,WALLET,1942,1224,2,1,0.939,0.723,0,0
TXN-007307,20238.26,CARD,472,825,19,3,0.83,0.523,0,1
TXN-007308,87561.45,WALLET,2379,480,27,2,0.5,0.937,1,0
TXN-007309,28239.31,NETBANKING,1941,257,5,5,0.2,0.085,0,1
TXN-007310,103264.34,WALLET,2432,586,18,0,0.313,0.319,0,1
TXN-007311,112124.58,NETBANKING,1264,941,12,0,0.18,0.985,0,0
TXN-007312,85554.83,NETBANKING,2094,78,23,0,0.147,0.004,0,0
TXN-007313,77823.4,UPI,1810,1070,25,4,0.858,0.714,0,0
TXN-007314,99483.19,CARD,1529,1363,2,4,0.705,0.787,0,1
TXN-007315,26742.82,CARD,755,497,23,1,0.402,0.037,0,0
TXN-007316,59058.73,CARD,685,124,30,4,0.575,0.631,0,1
TXN-007317,46699.49,CARD,155,1473,14,0,0.704,0.271,0,0
TXN-007318,72621.29,WALLET,2094,718,16,1,0.023,0.707,0,0
TXN-007319,72062.47,WALLET,326,551,13,3,0.234,0.645,0,1
TXN-007320,112174.21,UPI,461,1070,7,1,0.486,0.011,0,0
TXN-007321,43422.56,WALLET,1099,496,9,0,0.538,0.11,0,0
TXN-007322,124962.71,NETBANKING,341,766,29,0,0.142,0.512,0,0
TXN-007323,20911.94,NETBANKING,480,748,3,3,0.408,0.967,1,1
TXN-007324,98158.73,UPI,2248,717,10,0,0.631,0.223,0,1
TXN-007325,53866.43,NETBANKING,1322,676,19,4,0.724,0.196,0,1
TXN-007326,132539.86,NETBANKING,1696,33,1,5,0.418,0.753,0,1
TXN-007327,26102.82,CARD,1485,1163,16,1,0.618,0.415,0,0
TXN-007328,128759.99,UPI,175,797,23,0,0.937,0.743,0,0
TXN-007329,749.19,CARD,665,433,22,1,0.25,0.71,0,0
TXN-007330,108140.77,NETBANKING,1306,426,27,3,0.702,0.335,0,1
TXN-007331,105746.79,UPI,706,166,28,3,0.22,0.508,0,0
TXN-007332,57474.42,CARD,687,465,30,4,0.636,0.143,1,1
TXN-007333,64204.28,UPI,2447,1206,13,5,0.054,0.459,0,1
TXN-007334,142774.72,NETBANKING,127,942,3,5,0.863,0.937,1,1
TXN-007335,124058.66,NETBANKING,820,1416,28,2,0.575,0.661,0,0
TXN-007336,96541.71,CARD,635,127,23,4,0.171,0.228,0,1
TXN-007337,97611.38,NETBANKING,37,1443,3,2,0.954,0.17,1,1
TXN-007338,121861.35,NETBANKING,2160,838,4,5,0.314,0.658,1,0
TXN-007339,101467.63,NETBANKING,1651,1452,20,5,0.4,0.266,0,1
TXN-007340,79268.59,WALLET,2085,23,4,1,0.71,0.377,1,0
TXN-007341,5186.9,NETBANKING,1828,825,9,1,0.739,0.618,0,0
TXN-007342,26830.08,UPI,2108,393,5,2,0.364,0.822,0,0
TXN-007343,109752.09,UPI,1984,1328,18,1,0.842,0.157,0,1
TXN-007344,65119.13,UPI,2282,808,14,0,0.168,0.129,0,1
TXN-007345,53411.12,UPI,480,1458,6,2,0.829,0.296,0,1
TXN-007346,134833.23,WALLET,1711,9,22,5,0.617,0.114,0,1
TXN-007347,93552.82,WALLET,1220,46,9,3,0.821,0.272,0,0
TXN-007348,141778.75,WALLET,1656,1477,10,3,0.743,0.419,0,1
TXN-007349,105411.89,UPI,609,266,13,4,0.301,0.324,0,0
TXN-007350,18345.4,WALLET,53,1324,21,2,0.753,0.621,0,1
TXN-007351,61059.55,CARD,1536,1272,28,1,0.174,0.181,0,0
TXN-007352,133432.57,WALLET,1207,1176,7,4,0.243,0.888,0,0
TXN-007353,127134.96,CARD,1313,1325,25,1,0.51,0.276,0,0
TXN-007354,142231.13,CARD,558,311,16,3,0.857,0.861,1,1
TXN-007355,84448.98,WALLET,1339,1026,25,0,0.388,0.939,1,0
TXN-007356,111069.77,CARD,2384,1039,14,3,0.702,0.855,1,1
TXN-007357,146511.89,UPI,1850,801,19,0,0.786,0.296,0,0
TXN-007358,3559.44,WALLET,953,224,18,4,0.338,0.621,0,1
TXN-007359,32787.63,NETBANKING,183,1168,26,2,0.996,0.654,0,0
TXN-007360,96780.52,CARD,808,1474,11,0,0.393,0.751,0,1
TXN-007361,109726.84,UPI,658,664,29,2,0.499,0.089,0,0
TXN-007362,816.59,WALLET,1547,515,25,2,0.552,0.99,0,0
TXN-007363,103481.83,WALLET,2111,1224,6,3,0.749,0.5,0,1
TXN-007364,115017.37,UPI,391,212,17,5,0.204,0.056,0,1
TXN-007365,104848.67,NETBANKING,1380,631,12,3,0.711,0.104,0,0
TXN-007366,26469.73,CARD,2205,857,3,2,0.315,0.608,0,0
TXN-007367,83295.71,CARD,1454,1055,3,2,0.711,0.085,0,0
TXN-007368,86609.74,NETBANKING,143,1360,10,5,0.308,0.171,1,1
TXN-007369,143018.54,UPI,2162,224,2,5,0.734,0.7,0,1
TXN-007370,73668.41,CARD,1634,390,10,5,0.273,0.318,0,1
TXN-007371,62709.58,CARD,1296,1095,28,2,0.357,0.499,0,1
TXN-007372,18248.42,UPI,1571,45,1,1,0.428,0.302,1,0
TXN-007373,131697.89,WALLET,498,1197,6,0,0.133,0.817,0,1
TXN-007374,51278.43,NETBANKING,1814,1276,28,2,0.724,0.104,1,0
TXN-007375,146985.99,WALLET,378,188,13,1,0.809,0.203,0,0
TXN-007376,123178.73,WALLET,684,1177,21,0,0.536,0.638,0,1
TXN-007377,115766.41,WALLET,538,980,12,0,0.217,0.78,0,1
TXN-007378,3582.73,UPI,842,1074,19,2,0.476,0.466,1,1
TXN-007379,95227.22,WALLET,2398,533,30,2,0.246,0.212,0,1
TXN-007380,32824.73,WALLET,1228,833,23,1,0.647,0.543,0,0
TXN-007381,68494.5,CARD,26,814,25,2,0.461,0.005,0,0
TXN-007382,33631.25,NETBANKING,51,255,29,5,0.409,0.323,0,1
TXN-007383,72115.05,WALLET,259,272,8,3,0.73,0.176,0,0
TXN-007384,60124.64,NETBANKING,1778,519,5,4,0.413,0.212,1,0
TXN-007385,42657.47,UPI,2035,1413,15,2,0.879,0.096,1,1
TXN-007386,103358.05,WALLET,488,1413,30,2,0.846,0.657,0,1
TXN-007387,1862.76,NETBANKING,835,745,24,4,0.228,0.343,0,1
TXN-007388,100420.41,WALLET,137,1479,15,5,0.432,0.246,0,1
TXN-007389,4824.02,WALLET,776,576,3,2,0.155,0.276,0,0
TXN-007390,80658.77,CARD,823,122,20,2,0.241,0.938,0,0
TXN-007391,129895.5,WALLET,1441,387,15,2,0.107,0.971,0,1
TXN-007392,24297.83,WALLET,1800,546,11,5,0.752,0.386,1,1
TXN-007393,4510.19,CARD,1206,1098,18,3,0.502,0.887,0,0
TXN-007394,21564.19,CARD,1760,713,26,2,0.149,0.022,0,0
TXN-007395,9416.14,UPI,713,723,4,2,0.466,0.116,0,0
TXN-007396,61576.39,CARD,777,1224,1,5,0.881,0.957,0,0
TXN-007397,66687.88,UPI,850,1030,7,5,0.67,0.067,0,0
TXN-007398,149679.39,WALLET,1506,1098,9,4,0.694,0.736,0,0
TXN-007399,109110.76,WALLET,730,4,14,4,0.826,0.707,0,0
TXN-007400,31867.48,UPI,758,223,23,4,0.477,0.795,0,1
TXN-007401,118952.33,NETBANKING,343,985,6,5,0.185,0.362,0,0
TXN-007402,138123.44,NETBANKING,92,255,18,1,0.585,0.57,0,1
TXN-007403,16453.49,CARD,1551,503,28,4,0.68,0.013,0,0
TXN-007404,35027.0,NETBANKING,2298,1141,8,2,0.0,0.212,0,0
TXN-007405,67948.38,WALLET,269,1092,30,3,0.176,0.879,0,1
TXN-007406,47229.74,NETBANKING,2234,1290,17,5,0.169,0.043,0,0
TXN-007407,100564.14,NETBANKING,850,1257,21,3,0.291,0.149,0,1
TXN-007408,109261.63,CARD,40,634,28,5,0.131,0.274,0,0
TXN-007409,29616.92,CARD,372,443,23,0,0.069,0.594,1,0
TXN-007410,95513.54,CARD,560,814,15,1,0.247,0.42,0,1
TXN-007411,14815.79,WALLET,1342,795,5,4,0.448,0.543,0,0
TXN-007412,145371.98,UPI,2179,1313,23,5,0.257,0.874,0,1
TXN-007413,78875.62,NETBANKING,1606,409,10,3,0.099,0.925,1,1
TXN-007414,124282.48,WALLET,353,119,18,5,0.432,0.594,0,1
TXN-007415,54398.21,UPI,212,299,7,2,0.403,0.303,0,0
TXN-007416,70764.93,UPI,1034,294,3,5,0.991,0.318,0,0
TXN-007417,122347.53,CARD,1813,206,17,1,0.71,0.891,1,1
TXN-007418,85993.23,CARD,418,121,23,4,0.873,0.441,1,0
TXN-007419,76129.0,NETBANKING,2497,1287,20,0,0.678,0.174,1,1
TXN-007420,129007.88,WALLET,2407,879,26,0,0.937,0.227,1,1
TXN-007421,144932.29,WALLET,611,839,9,3,0.786,0.721,0,0
TXN-007422,7915.47,WALLET,89,692,1,1,0.327,0.034,1,0
TXN-007423,74874.55,WALLET,281,198,23,2,0.022,0.464,0,1
TXN-007424,143903.63,WALLET,85,70,17,1,0.395,0.191,0,0
TXN-007425,56333.57,CARD,1424,89,21,3,0.26,0.435,0,0
TXN-007426,81544.58,CARD,1308,1169,8,0,0.075,0.507,0,1
TXN-007427,10000.83,CARD,1481,990,11,0,0.103,0.077,0,0
TXN-007428,42888.53,WALLET,1308,1295,13,3,0.201,0.695,0,1
TXN-007429,57688.21,UPI,747,902,20,0,0.682,0.997,0,1
TXN-007430,142085.3,NETBANKING,1642,1233,28,0,0.005,0.59,0,0
TXN-007431,8767.45,CARD,784,640,21,2,0.21,0.574,0,1
TXN-007432,19546.42,UPI,1776,742,19,4,0.097,0.361,0,0
TXN-007433,58112.96,WALLET,2140,1339,20,2,0.247,0.848,0,0
TXN-007434,9018.3,CARD,1566,1372,18,1,0.261,0.074,0,1
TXN-007435,10253.87,NETBANKING,2110,346,11,0,0.539,0.799,0,1
TXN-007436,110030.68,CARD,389,1419,18,5,0.183,0.525,0,1
TXN-007437,46668.24,WALLET,180,1322,22,2,0.921,0.282,0,1
TXN-007438,23161.45,NETBANKING,1202,394,5,5,0.276,0.708,1,1
TXN-007439,148397.12,UPI,101,677,24,0,0.839,0.584,1,0
TXN-007440,7989.63,UPI,1661,1287,15,1,0.244,0.765,0,0
TXN-007441,55893.55,UPI,1901,445,17,2,0.063,0.81,0,0
TXN-007442,54278.53,WALLET,2427,585,3,2,0.288,0.671,1,1
TXN-007443,66713.32,NETBANKING,1308,840,7,3,0.556,0.039,1,0
TXN-007444,107800.02,UPI,930,18,1,3,0.189,0.035,0,1
TXN-007445,96856.07,CARD,1545,305,22,1,0.764,0.387,1,1
TXN-007446,89084.1,WALLET,1666,589,30,1,0.202,0.531,1,1
TXN-007447,137134.58,UPI,1260,944,12,2,0.157,0.756,0,0
TXN-007448,103869.55,NETBANKING,82,216,6,1,0.167,0.006,0,0
TXN-007449,105819.0,NETBANKING,966,574,4,5,0.961,0.686,0,1
TXN-007450,25107.27,UPI,1519,156,4,0,0.552,0.89,0,0
TXN-007451,58245.19,NETBANKING,2463,1443,27,1,0.342,0.833,0,1
TXN-007452,108611.49,NETBANKING,1435,265,29,5,0.888,0.812,0,1
TXN-007453,88940.9,UPI,1981,629,9,3,0.723,0.926,0,1
TXN-007454,44565.3,NETBANKING,2483,1326,18,4,0.443,0.89,1,1
TXN-007455,7199.31,WALLET,2330,592,3,5,0.418,0.679,0,0
TXN-007456,11038.61,CARD,1426,108,25,3,0.245,0.863,0,0
TXN-007457,149088.19,WALLET,1817,1077,21,2,0.223,0.277,0,1
TXN-007458,132465.73,NETBANKING,2371,1051,30,5,0.931,0.555,0,0
TXN-007459,96026.31,CARD,815,653,1,4,0.929,0.98,0,1
TXN-007460,69758.94,UPI,1571,293,14,5,0.782,0.53,0,1
TXN-007461,99918.35,UPI,1367,1422,19,4,0.571,0.738,0,0
TXN-007462,115168.42,WALLET,1535,808,7,5,0.531,0.372,1,1
TXN-007463,78930.28,WALLET,376,1432,20,3,0.979,0.413,1,1
TXN-007464,84591.43,UPI,89,267,21,0,0.545,0.716,0,0
TXN-007465,88461.1,CARD,1719,682,21,5,0.018,0.737,0,0
TXN-007466,79846.87,WALLET,2280,1139,6,2,0.524,0.866,0,0
TXN-007467,96129.41,NETBANKING,517,109,15,3,0.293,0.523,0,1
TXN-007468,112629.86,CARD,1946,1042,3,0,0.831,0.661,0,0
TXN-007469,65730.59,WALLET,996,353,21,4,0.371,0.842,0,1
TXN-007470,71400.68,NETBANKING,3,1070,12,1,0.75,0.18,0,0
TXN-007471,79238.11,WALLET,604,837,26,0,0.377,0.478,1,0
TXN-007472,92877.86,WALLET,1928,301,17,1,0.819,0.307,1,1
TXN-007473,122754.55,UPI,1078,346,17,4,0.49,0.682,0,0
TXN-007474,78789.28,WALLET,633,1421,10,0,0.902,0.358,0,0
TXN-007475,71325.06,CARD,1656,1167,13,3,0.838,0.807,1,1
TXN-007476,64264.79,NETBANKING,1361,689,29,0,0.263,0.912,1,1
TXN-007477,30080.64,UPI,2436,1218,12,1,0.158,0.542,0,0
TXN-007478,149418.25,CARD,192,670,22,4,0.722,0.381,0,1
TXN-007479,121929.13,UPI,1742,1023,4,4,0.104,0.285,0,0
TXN-007480,98901.37,WALLET,1345,1366,14,3,0.668,0.882,0,0
TXN-007481,129994.36,CARD,1230,1379,2,4,0.457,0.351,0,0
TXN-007482,37054.67,CARD,1121,964,9,5,0.665,0.364,0,0
TXN-007483,129489.42,NETBANKING,230,20,24,3,0.036,0.008,0,1
TXN-007484,56528.79,NETBANKING,2156,819,3,2,0.72,0.32,1,0
TXN-007485,121712.31,NETBANKING,127,1288,9,4,0.394,0.925,0,1
TXN-007486,146994.2,WALLET,68,907,17,3,0.029,0.864,0,0
TXN-007487,13205.77,UPI,460,1038,5,3,0.632,0.431,0,0
TXN-007488,139335.19,UPI,1941,1269,15,3,0.273,0.937,0,1
TXN-007489,141694.69,WALLET,1223,346,1,2,0.033,0.061,0,0
TXN-007490,9492.35,CARD,1714,9,23,3,0.185,0.954,0,0
TXN-007491,124937.41,WALLET,20,1498,20,0,0.582,0.797,0,1
TXN-007492,61380.45,WALLET,916,1442,9,2,0.401,0.339,0,0
TXN-007493,88818.07,NETBANKING,604,1320,12,4,0.141,0.015,0,0
TXN-007494,125574.16,CARD,107,968,27,3,0.901,0.952,0,1
TXN-007495,22886.46,WALLET,501,1320,17,1,0.689,0.47,0,0
TXN-007496,121871.6,NETBANKING,1274,175,21,3,0.915,0.424,0,1
TXN-007497,109031.54,NETBANKING,2119,1432,21,2,0.48,0.079,1,1
TXN-007498,109331.07,WALLET,1319,770,18,1,0.672,0.637,1,0
TXN-007499,38810.89,UPI,1500,673,22,0,0.918,0.635,0,1
TXN-007500,42366.57,UPI,385,994,7,5,0.227,0.334,0,0
TXN-007501,79128.49,WALLET,319,469,4,4,0.516,0.611,0,1
TXN-007502,63052.09,UPI,1750,177,22,4,0.62,0.714,0,0
TXN-007503,52190.85,CARD,1331,282,28,2,0.237,0.014,0,1
TXN-007504,106228.77,NETBANKING,2398,1202,29,2,0.651,0.28,0,1
TXN-007505,1902.56,NETBANKING,2293,1242,5,5,0.663,0.14,0,0
TXN-007506,128625.03,WALLET,775,24,17,1,0.608,0.695,0,0
TXN-007507,50902.28,CARD,793,1149,21,4,0.336,0.302,1,0
TXN-007508,26835.82,WALLET,921,1224,18,5,0.418,0.592,0,1
TXN-007509,92896.75,WALLET,50,917,11,2,0.29,0.191,1,1
TXN-007510,97146.18,NETBANKING,124,1158,4,3,0.033,0.502,1,0
TXN-007511,72840.95,NETBANKING,871,1078,5,3,0.497,0.15,0,1
TXN-007512,148949.96,WALLET,1542,1075,29,0,0.466,0.554,0,0
TXN-007513,18375.16,CARD,447,629,14,4,0.813,0.581,1,1
TXN-007514,94080.5,WALLET,888,543,12,4,0.485,0.224,0,1
TXN-007515,49732.38,NETBANKING,2407,1116,3,0,0.821,0.258,0,0
TXN-007516,107920.06,CARD,2178,837,18,4,0.03,0.048,0,1
TXN-007517,18578.15,CARD,1202,948,27,0,0.972,0.741,0,0
TXN-007518,3723.84,CARD,5,108,8,2,0.66,0.858,0,0
TXN-007519,69623.09,CARD,2171,805,8,1,0.279,0.306,1,0
TXN-007520,104623.03,CARD,1738,77,23,5,0.042,0.148,1,1
TXN-007521,104949.87,NETBANKING,2230,377,26,4,0.071,0.752,0,0
TXN-007522,110332.62,WALLET,128,171,18,4,0.117,0.514,0,1
TXN-007523,101206.26,CARD,1650,5,14,4,0.38,0.849,1,1
TXN-007524,81872.23,NETBANKING,2498,497,3,3,0.193,0.929,0,1
TXN-007525,26441.05,UPI,1899,329,29,3,0.284,0.336,1,1
TXN-007526,31793.19,CARD,2059,1002,24,2,0.956,0.246,0,0
TXN-007527,7927.49,NETBANKING,69,334,10,0,0.815,0.831,0,0
TXN-007528,31699.57,NETBANKING,1425,117,7,3,0.811,0.373,1,0
TXN-007529,97850.68,CARD,1405,1429,30,5,0.723,0.646,0,1
TXN-007530,12637.16,NETBANKING,356,1072,30,4,0.651,0.885,0,1
TXN-007531,21504.03,CARD,1759,1334,3,1,0.603,0.568,0,0
TXN-007532,32527.45,WALLET,1148,1388,21,2,0.328,0.93,0,0
TXN-007533,97699.22,UPI,1847,1095,14,3,0.007,0.447,0,1
TXN-007534,100445.35,UPI,1860,77,16,3,0.103,0.938,0,0
TXN-007535,136263.12,UPI,717,1121,20,4,0.5,0.117,1,1
TXN-007536,145707.21,UPI,1423,551,5,1,0.997,0.878,0,0
TXN-007537,53081.51,WALLET,1109,1051,20,2,0.395,0.706,0,0
TXN-007538,51380.88,NETBANKING,1849,642,22,0,0.569,0.232,0,1
TXN-007539,21207.17,NETBANKING,37,1098,12,5,0.751,0.063,0,0
TXN-007540,137704.76,WALLET,1531,18,22,2,0.423,0.957,0,1
TXN-007541,25723.94,NETBANKING,626,309,25,4,0.562,0.654,0,1
TXN-007542,85485.5,NETBANKING,2298,50,27,2,0.456,0.424,1,0
TXN-007543,29729.08,CARD,1412,334,2,0,0.52,0.605,0,1
TXN-007544,102681.9,WALLET,1774,411,2,1,0.823,0.895,0,0
TXN-007545,107945.0,NETBANKING,999,747,23,5,0.556,0.55,1,0
TXN-007546,136166.73,UPI,1815,325,3,2,0.52,0.557,0,0
TXN-007547,118676.06,NETBANKING,495,1371,12,0,0.029,0.669,1,0
TXN-007548,60682.21,WALLET,967,101,17,4,0.941,0.26,0,1
TXN-007549,72719.52,CARD,2019,1426,9,3,0.014,0.08,0,1
TXN-007550,138413.67,WALLET,965,1294,4,5,0.797,0.026,1,1
TXN-007551,51219.37,CARD,2469,1405,26,1,0.833,0.518,0,1
TXN-007552,119509.06,WALLET,1663,791,19,3,0.276,0.264,0,0
TXN-007553,4185.4,NETBANKING,1311,345,30,4,0.929,0.656,0,0
TXN-007554,110894.8,NETBANKING,769,1380,30,0,0.929,0.878,0,0
TXN-007555,1161.81,CARD,299,1304,1,5,0.411,0.883,0,1
TXN-007556,105382.2,WALLET,503,980,16,3,0.157,0.114,0,1
TXN-007557,118983.72,WALLET,729,657,19,2,0.196,0.255,0,1
TXN-007558,71020.55,UPI,2056,1223,25,1,0.495,0.321,0,1
TXN-007559,108224.33,CARD,2033,1372,11,0,0.106,0.554,0,0
TXN-007560,25448.31,UPI,979,814,28,2,0.715,0.352,0,1
TXN-007561,94447.47,UPI,1475,287,27,3,0.173,0.683,0,1
TXN-007562,29531.09,NETBANKING,1253,968,16,4,0.956,0.056,0,1
TXN-007563,98566.85,WALLET,1216,1093,13,4,0.715,0.216,1,0
TXN-007564,107891.11,NETBANKING,1834,1227,4,5,0.684,0.9,0,1
TXN-007565,38904.83,UPI,928,367,23,1,0.123,0.263,1,0
TXN-007566,123485.34,WALLET,1084,263,29,5,0.328,0.564,0,1
TXN-007567,49678.78,CARD,1976,445,15,5,0.184,0.258,0,0
TXN-007568,40092.45,NETBANKING,489,1073,28,2,0.933,0.29,1,1
TXN-007569,3077.7,WALLET,54,1077,23,3,0.987,0.979,0,1
TXN-007570,19204.14,CARD,884,1296,30,0,0.031,0.578,0,0
TXN-007571,48375.79,CARD,1299,1012,1,1,0.713,0.4,0,1
TXN-007572,25262.28,WALLET,309,738,15,3,0.232,0.123,0,1
TXN-007573,60958.48,WALLET,2208,784,21,4,0.043,0.393,1,1
TXN-007574,108506.68,CARD,655,1198,17,5,0.188,0.208,1,1
TXN-007575,66253.62,WALLET,2245,426,1,0,0.692,0.028,0,0
TXN-007576,12320.25,WALLET,2247,1188,22,3,0.846,0.521,1,1
TXN-007577,96622.9,CARD,787,200,18,5,0.244,0.619,0,1
TXN-007578,73862.84,CARD,27,1095,7,5,0.41,0.1,0,1
TXN-007579,70422.72,NETBANKING,1936,478,3,0,0.859,0.593,0,0
TXN-007580,78147.35,UPI,1665,196,3,1,0.25,0.989,1,0
TXN-007581,96280.33,UPI,1527,1114,24,4,0.99,0.408,0,1
TXN-007582,96657.32,CARD,39,340,22,3,0.9,0.421,1,0
TXN-007583,20886.66,WALLET,857,1153,24,5,0.927,0.758,0,1
TXN-007584,3188.16,UPI,833,936,30,2,0.067,0.159,0,0
TXN-007585,51792.85,WALLET,1989,438,25,2,0.046,0.533,0,0
TXN-007586,41217.36,CARD,91,195,19,1,0.263,0.673,0,0
TXN-007587,146467.26,CARD,1140,203,28,4,0.979,0.641,0,1
TXN-007588,22149.99,WALLET,259,1322,19,0,0.109,0.709,0,0
TXN-007589,21044.32,CARD,710,102,17,4,0.811,0.538,0,0
TXN-007590,54178.55,UPI,1900,581,22,4,0.958,0.593,0,1
TXN-007591,149242.0,WALLET,1969,501,14,2,0.239,0.534,0,0
TXN-007592,24568.34,NETBANKING,2411,1067,25,1,0.982,0.97,0,0
TXN-007593,85798.02,UPI,288,808,23,3,0.368,0.106,0,1
TXN-007594,66210.07,CARD,995,1374,10,1,0.986,0.43,0,0
TXN-007595,78910.94,NETBANKING,1767,688,26,5,0.008,0.24,0,1
TXN-007596,116652.87,UPI,419,657,23,1,0.448,0.962,0,0
TXN-007597,59006.48,CARD,152,931,27,2,0.877,0.501,0,0
TXN-007598,112676.52,WALLET,955,271,27,1,0.588,0.963,1,0
TXN-007599,95204.15,WALLET,1543,483,21,2,0.219,0.248,1,1
TXN-007600,36780.89,CARD,153,894,4,4,0.224,0.814,0,0
TXN-007601,92102.75,WALLET,2191,1491,2,5,0.08,0.466,0,0
TXN-007602,98223.91,CARD,1094,1331,3,0,0.33,0.917,0,0
TXN-007603,24780.19,CARD,1846,561,5,0,0.936,0.65,1,1
TXN-007604,69396.33,WALLET,260,394,15,2,0.881,0.4,0,0
TXN-007605,111966.6,UPI,1080,454,14,2,0.932,0.574,0,1
TXN-007606,69205.43,UPI,2051,1051,21,3,0.69,0.967,0,1
TXN-007607,138852.33,CARD,2286,228,28,3,0.045,0.752,0,1
TXN-007608,10456.69,UPI,5,352,6,0,0.074,0.563,0,1
TXN-007609,132238.72,CARD,610,1081,28,4,0.933,0.459,1,1
TXN-007610,139710.24,CARD,987,305,19,1,0.915,0.222,0,1
TXN-007611,30642.77,NETBANKING,668,246,5,2,0.008,0.389,0,0
TXN-007612,72534.33,NETBANKING,2163,830,2,0,0.401,0.8,1,1
TXN-007613,103651.44,UPI,695,1213,1,5,0.175,0.401,1,0
TXN-007614,123122.47,NETBANKING,192,1378,18,1,0.016,0.636,0,0
TXN-007615,149509.43,CARD,1873,1129,6,5,0.618,0.161,0,0
TXN-007616,28468.89,WALLET,1187,648,8,3,0.267,0.075,0,0
TXN-007617,113035.53,UPI,2197,705,14,2,0.198,0.648,0,0
TXN-007618,144651.04,CARD,482,299,9,4,0.239,0.768,0,1
TXN-007619,58618.73,NETBANKING,1247,691,15,1,0.264,0.559,0,1
TXN-007620,125944.09,CARD,956,893,13,0,0.417,0.836,0,1
TXN-007621,99238.46,UPI,2447,1371,15,1,0.685,0.192,0,0
TXN-007622,115880.11,NETBANKING,1457,303,9,1,0.656,0.059,0,0
TXN-007623,30342.28,UPI,1850,776,24,0,0.249,0.632,1,0
TXN-007624,34351.8,NETBANKING,1190,1470,2,0,0.812,0.901,0,0
TXN-007625,131671.34,WALLET,1868,1145,18,3,0.585,0.103,0,0
TXN-007626,73407.66,CARD,1979,391,21,0,0.771,0.989,1,0
TXN-007627,8890.04,UPI,155,447,19,0,0.841,0.109,1,1
TXN-007628,142541.33,CARD,461,8,7,4,0.844,0.53,1,1
TXN-007629,133620.48,UPI,1907,1032,19,1,0.425,0.285,0,0
TXN-007630,135787.15,CARD,1153,286,20,2,0.922,0.897,0,1
TXN-007631,7503.31,WALLET,2381,183,11,5,0.303,0.973,0,0
TXN-007632,99327.89,CARD,2131,465,16,0,0.697,0.935,0,1
TXN-007633,118579.48,WALLET,879,372,9,1,0.998,0.923,0,1
TXN-007634,72852.85,NETBANKING,2092,547,5,1,0.897,0.837,0,1
TXN-007635,43856.91,UPI,163,139,14,5,0.061,0.441,0,0
TXN-007636,6842.87,CARD,46,329,9,0,0.949,0.906,1,0
TXN-007637,4793.02,UPI,1520,547,27,1,0.205,0.775,0,1
TXN-007638,18233.5,UPI,962,513,6,5,0.542,0.514,0,0
TXN-007639,66295.89,CARD,2324,1179,1,2,0.224,0.58,1,0
TXN-007640,98822.88,NETBANKING,2026,307,18,5,0.483,0.55,0,1
TXN-007641,108633.82,CARD,1589,236,26,5,0.199,0.394,0,1
TXN-007642,99559.39,UPI,1898,1374,21,1,0.702,0.574,1,1
TXN-007643,54135.56,NETBANKING,1091,1486,30,5,0.028,0.728,0,1
TXN-007644,21105.93,CARD,1817,43,1,3,0.776,0.976,0,1
TXN-007645,63299.27,UPI,2287,613,10,3,0.419,0.038,0,0
TXN-007646,125728.6,WALLET,645,1067,14,3,0.94,0.218,0,0
TXN-007647,116083.84,NETBANKING,2278,1049,2,2,0.571,0.398,0,1
TXN-007648,149829.1,NETBANKING,2282,61,28,1,0.704,0.785,0,0
TXN-007649,9807.46,CARD,303,435,12,1,0.067,0.723,0,0
TXN-007650,11484.02,NETBANKING,962,131,20,1,0.93,0.63,0,0
TXN-007651,141196.36,CARD,429,612,12,3,0.181,0.65,0,1
TXN-007652,77179.27,WALLET,1609,7,27,0,0.57,0.923,0,0
TXN-007653,15513.31,WALLET,3,1103,4,0,0.485,0.667,0,0
TXN-007654,126159.04,WALLET,483,1321,28,5,0.95,0.959,0,1
TXN-007655,13947.93,UPI,798,31,13,5,0.116,0.296,0,0
TXN-007656,69492.67,WALLET,249,508,21,3,0.105,0.753,0,0
TXN-007657,136298.48,WALLET,316,92,2,1,0.419,0.385,0,0
TXN-007658,22874.92,WALLET,2146,1142,3,2,0.584,0.712,0,0
TXN-007659,110945.95,WALLET,2344,1301,28,2,0.953,0.65,1,1
TXN-007660,112979.98,NETBANKING,739,971,23,2,0.666,0.608,0,0
TXN-007661,15721.88,CARD,1603,525,9,1,0.764,0.381,0,0
TXN-007662,125864.68,UPI,122,631,22,2,0.776,0.17,0,1
TXN-007663,598.88,WALLET,2101,1096,24,4,0.686,0.548,0,1
TXN-007664,88894.13,CARD,2085,844,16,3,0.542,0.911,0,1
TXN-007665,116325.17,CARD,461,1220,26,0,0.483,0.051,0,0
TXN-007666,75000.34,NETBANKING,518,846,24,0,0.197,0.014,0,1
TXN-007667,130927.34,NETBANKING,1268,280,12,4,0.311,0.152,0,1
TXN-007668,17349.04,NETBANKING,2419,1010,28,0,0.9,0.086,0,0
TXN-007669,105447.7,CARD,1625,15,23,1,0.319,0.49,0,0
TXN-007670,67787.48,CARD,1023,1494,6,0,0.879,0.598,0,0
TXN-007671,372.53,CARD,1146,470,29,3,0.716,0.64,1,1
TXN-007672,42012.85,UPI,881,57,13,3,0.372,0.803,1,1
TXN-007673,4159.98,UPI,1015,1041,22,3,0.32,0.331,0,0
TXN-007674,35216.55,CARD,2280,268,8,1,0.968,0.846,0,0
TXN-007675,104193.57,WALLET,370,631,6,3,0.133,0.805,0,0
TXN-007676,29046.07,NETBANKING,1168,201,10,4,0.873,0.757,0,1
TXN-007677,79252.27,CARD,1305,843,21,0,0.964,0.395,0,0
TXN-007678,95334.31,WALLET,584,753,3,1,0.468,0.143,0,0
TXN-007679,53680.3,UPI,2102,578,22,4,0.206,0.015,0,1
TXN-007680,40067.64,UPI,1846,578,30,4,0.939,0.502,0,0
TXN-007681,142604.54,WALLET,2058,153,5,3,0.513,0.516,1,0
TXN-007682,10264.65,CARD,602,831,29,4,0.565,0.088,1,0
TXN-007683,63015.86,NETBANKING,1239,292,1,2,0.173,0.022,0,0
TXN-007684,50666.29,WALLET,419,297,18,3,0.354,0.207,0,0
TXN-007685,116090.63,UPI,304,403,14,0,0.819,0.309,1,1
TXN-007686,107353.74,CARD,492,567,6,2,0.263,0.693,1,1
TXN-007687,84013.83,UPI,1206,655,15,3,0.584,0.17,0,1
TXN-007688,84292.42,NETBANKING,1947,1306,1,3,0.685,0.116,0,0
TXN-007689,52816.09,UPI,1075,549,26,1,0.77,0.086,1,1
TXN-007690,8528.77,CARD,1477,1272,2,3,1.0,0.878,1,0
TXN-007691,9351.5,CARD,982,1165,16,1,0.327,0.115,0,0
TXN-007692,87111.08,CARD,367,1067,14,5,0.514,0.24,1,0
TXN-007693,130064.15,WALLET,998,805,13,5,0.714,0.231,0,1
TXN-007694,17728.66,UPI,1954,480,21,1,0.768,0.519,0,1
TXN-007695,136856.64,WALLET,840,569,29,4,0.392,0.452,0,0
TXN-007696,73070.89,NETBANKING,1500,38,16,5,0.729,0.363,0,0
TXN-007697,44288.35,WALLET,2033,1429,30,4,0.053,0.714,0,0
TXN-007698,104238.52,NETBANKING,2361,911,22,4,0.461,0.072,0,0
TXN-007699,9731.61,WALLET,226,667,19,2,0.389,0.59,0,0
TXN-007700,71176.87,WALLET,2318,408,29,4,0.581,0.391,0,1
TXN-007701,37177.81,NETBANKING,528,1208,22,2,0.738,0.82,0,1
TXN-007702,43636.92,CARD,114,634,5,0,0.285,0.919,0,0
TXN-007703,62832.58,WALLET,1430,235,18,4,0.882,0.773,1,1
TXN-007704,59699.08,NETBANKING,185,286,19,4,0.828,0.433,0,1
TXN-007705,57014.91,UPI,75,48,8,5,0.858,0.337,1,1
TXN-007706,84891.15,NETBANKING,1520,206,11,5,0.173,0.588,0,0
TXN-007707,32153.41,UPI,2195,165,25,5,0.462,0.71,0,0
TXN-007708,18899.87,CARD,206,633,9,0,0.333,0.542,0,0
TXN-007709,23252.53,NETBANKING,2342,1417,20,2,0.859,0.629,0,1
TXN-007710,27326.28,CARD,1562,922,9,0,0.507,0.415,0,1
TXN-007711,24817.28,CARD,2387,701,25,5,0.91,0.491,0,0
TXN-007712,142979.09,NETBANKING,1536,435,9,0,0.475,0.059,1,1
TXN-007713,89327.68,CARD,1716,1489,18,4,0.124,0.6,0,0
TXN-007714,79470.86,WALLET,1003,583,16,3,0.468,0.105,0,0
TXN-007715,93869.75,CARD,1240,1393,10,5,0.123,0.036,0,0
TXN-007716,86981.83,NETBANKING,824,1179,9,1,0.768,0.896,0,1
TXN-007717,54020.12,WALLET,680,117,12,3,0.314,0.171,0,0
TXN-007718,94499.47,UPI,1901,762,2,5,0.054,0.99,0,0
TXN-007719,133945.96,UPI,1757,1153,26,3,0.928,0.774,0,0
TXN-007720,72504.03,UPI,1812,310,7,2,0.969,0.559,1,1
TXN-007721,128415.5,CARD,1774,1221,25,4,0.17,0.499,0,1
TXN-007722,126728.0,WALLET,1853,33,9,1,0.067,0.292,0,0
TXN-007723,79543.04,CARD,731,1033,20,4,0.442,0.786,0,1
TXN-007724,48315.66,UPI,474,155,25,4,0.014,0.559,0,0
TXN-007725,131318.06,UPI,482,319,17,0,0.3,0.483,0,0
TXN-007726,44521.15,UPI,440,185,11,5,0.283,0.908,0,0
TXN-007727,91934.37,WALLET,2391,113,2,3,0.039,0.314,0,0
TXN-007728,109565.94,WALLET,340,1132,14,4,0.517,0.536,0,1
TXN-007729,74224.64,CARD,1662,110,20,5,0.254,0.623,0,1
TXN-007730,70533.41,NETBANKING,1645,1266,27,3,0.55,0.396,0,0
TXN-007731,84141.69,UPI,1258,243,15,4,0.629,0.556,0,1
TXN-007732,51295.2,UPI,881,910,13,3,0.039,0.18,1,1
TXN-007733,31369.14,NETBANKING,1799,165,1,3,0.516,0.828,1,1
TXN-007734,11250.63,WALLET,1015,884,15,1,0.249,0.079,0,0
TXN-007735,138809.67,WALLET,1454,1357,4,1,0.031,0.166,0,1
TXN-007736,81635.15,WALLET,821,592,17,0,0.083,0.763,0,0
TXN-007737,114780.73,NETBANKING,1796,936,25,1,0.434,0.856,0,0
TXN-007738,135626.41,UPI,665,1017,7,2,0.561,0.799,0,1
TXN-007739,78866.97,CARD,585,1075,30,0,0.858,0.51,0,0
TXN-007740,25366.73,CARD,1577,350,8,4,0.082,0.716,0,0
TXN-007741,21502.12,NETBANKING,1301,362,11,3,0.514,0.446,0,0
TXN-007742,124251.37,NETBANKING,1965,292,26,4,0.504,0.627,1,1
TXN-007743,51876.25,UPI,981,959,30,5,0.846,0.994,0,1
TXN-007744,12627.38,NETBANKING,950,227,21,3,0.621,0.926,1,1
TXN-007745,61640.41,NETBANKING,306,1402,3,3,0.034,0.165,0,1
TXN-007746,130380.64,CARD,1456,1105,29,2,0.786,0.491,0,1
TXN-007747,121838.99,NETBANKING,2075,1170,29,5,0.886,0.762,0,1
TXN-007748,25123.77,UPI,2305,216,7,2,0.661,0.733,1,1
TXN-007749,104528.23,CARD,435,624,26,0,0.317,0.47,1,1
TXN-007750,18458.26,NETBANKING,1653,10,11,4,0.536,0.566,0,1
TXN-007751,100998.5,NETBANKING,1991,1374,14,5,0.701,0.814,0,1
TXN-007752,2063.4,UPI,325,474,27,3,0.932,0.101,1,0
TXN-007753,115141.05,NETBANKING,1862,645,26,2,0.703,0.362,0,1
TXN-007754,76941.9,WALLET,515,1194,26,2,0.365,0.35,0,1
TXN-007755,14967.12,WALLET,359,665,10,0,0.787,0.612,0,0
TXN-007756,102789.1,CARD,1186,839,13,1,0.597,0.16,0,1
TXN-007757,119198.46,NETBANKING,1861,383,14,1,0.301,0.744,0,1
TXN-007758,37520.41,UPI,2494,1487,21,3,0.942,0.595,0,0
TXN-007759,131492.22,WALLET,1552,163,19,4,0.137,0.512,1,1
TXN-007760,62892.0,UPI,2332,1309,10,1,0.798,0.115,0,0
TXN-007761,114658.84,UPI,434,1358,7,0,0.742,0.797,0,1
TXN-007762,36367.46,WALLET,2109,612,19,3,0.426,0.531,0,0
TXN-007763,41447.15,UPI,1457,1403,8,4,0.996,0.812,0,0
TXN-007764,12372.99,UPI,1041,395,23,5,0.905,0.032,0,0
TXN-007765,40230.75,CARD,1692,1437,10,5,0.733,0.257,0,0
TXN-007766,97287.68,UPI,58,841,15,0,0.615,0.637,0,0
TXN-007767,5728.16,CARD,1679,1284,3,2,0.094,0.957,0,1
TXN-007768,3061.86,NETBANKING,1135,877,9,3,0.229,0.577,1,1
TXN-007769,46366.78,UPI,1261,1492,9,5,0.63,0.859,0,0
TXN-007770,137291.14,NETBANKING,2023,1315,8,2,0.506,0.332,0,1
TXN-007771,15776.02,CARD,1817,732,2,0,0.413,0.674,0,0
TXN-007772,91608.74,UPI,61,668,30,0,0.707,0.965,0,0
TXN-007773,138928.74,UPI,1826,1258,27,4,0.709,0.055,0,0
TXN-007774,132283.76,CARD,1977,733,25,5,0.665,0.735,0,0
TXN-007775,103562.76,CARD,368,941,1,4,0.586,0.285,1,0
TXN-007776,10591.16,UPI,847,522,4,0,0.184,0.596,0,0
TXN-007777,85136.55,NETBANKING,872,852,3,0,0.414,0.028,0,0
TXN-007778,1053.44,NETBANKING,2167,1274,4,1,0.475,0.105,0,0
TXN-007779,23798.04,NETBANKING,2025,1095,25,0,0.06,0.344,0,1
TXN-007780,122200.74,WALLET,958,151,17,2,0.372,0.663,0,1
TXN-007781,72738.5,WALLET,2500,1353,1,2,0.9,0.301,0,1
TXN-007782,112371.08,WALLET,2442,192,3,2,0.207,0.021,0,0
TXN-007783,20909.66,WALLET,2400,883,19,3,0.411,0.427,1,1
TXN-007784,70157.25,CARD,2062,244,13,0,0.261,0.763,0,1
TXN-007785,6340.6,WALLET,175,432,18,1,0.305,0.003,0,1
TXN-007786,53521.27,WALLET,223,143,18,1,0.012,0.687,0,0
TXN-007787,3128.36,CARD,1027,710,13,0,0.684,0.705,0,0
TXN-007788,3781.38,CARD,181,310,26,1,0.197,0.769,0,1
TXN-007789,37063.72,WALLET,336,478,28,1,0.765,0.26,0,1
TXN-007790,70083.91,UPI,536,228,20,3,0.91,0.712,0,1
TXN-007791,55543.11,UPI,1320,1346,10,4,0.38,0.672,0,0
TXN-007792,148701.7,WALLET,1091,994,3,1,0.272,0.289,0,1
TXN-007793,49114.34,WALLET,1397,220,22,2,0.837,0.596,0,1
TXN-007794,76467.46,CARD,1730,1314,19,3,0.636,0.405,0,0
TXN-007795,135159.4,UPI,1799,1244,17,5,0.155,0.717,0,0
TXN-007796,74963.35,CARD,956,368,18,2,0.624,0.7,1,0
TXN-007797,47805.87,UPI,1749,1428,3,5,0.056,0.825,0,0
TXN-007798,14168.9,CARD,701,338,14,1,0.615,0.197,0,0
TXN-007799,107964.58,WALLET,195,679,5,0,0.722,0.303,1,0
TXN-007800,21907.83,WALLET,2464,157,24,1,0.802,0.501,0,0
TXN-007801,86564.13,UPI,1224,1055,28,3,0.884,0.529,0,0
TXN-007802,80106.89,WALLET,1607,859,4,2,0.254,0.704,0,1
TXN-007803,78117.98,UPI,112,165,7,3,0.314,0.147,0,0
TXN-007804,54218.8,WALLET,2471,216,8,3,0.31,0.446,0,0
TXN-007805,40577.84,UPI,704,266,17,4,0.53,0.208,0,0
TXN-007806,39224.5,UPI,388,1308,30,4,0.25,0.396,0,0
TXN-007807,134403.71,NETBANKING,437,726,8,0,0.044,0.71,0,0
TXN-007808,43738.93,CARD,367,69,25,0,0.171,0.61,0,0
TXN-007809,105078.88,WALLET,1787,1224,3,3,0.109,0.22,1,1
TXN-007810,143514.84,NETBANKING,1691,1189,23,0,0.473,0.509,0,1
TXN-007811,16829.77,CARD,2004,351,26,2,0.086,0.826,0,0
TXN-007812,35162.74,UPI,1735,746,12,5,0.621,0.804,0,1
TXN-007813,53436.33,CARD,569,10,23,1,0.912,0.92,0,1
TXN-007814,73538.72,UPI,139,179,27,1,0.534,0.551,0,0
TXN-007815,97579.31,NETBANKING,2237,1122,23,4,0.55,0.222,0,0
TXN-007816,85840.95,CARD,1485,620,2,2,0.138,0.324,0,1
TXN-007817,132235.27,UPI,1400,812,10,1,0.911,0.878,0,1
TXN-007818,91599.75,UPI,2358,142,11,3,0.684,0.499,0,0
TXN-007819,64667.65,CARD,1692,349,5,4,0.537,0.176,0,1
TXN-007820,36722.33,WALLET,1310,391,3,1,0.196,0.559,1,1
TXN-007821,9243.86,NETBANKING,383,1073,9,2,0.276,0.431,0,0
TXN-007822,122263.54,NETBANKING,1381,1024,21,4,0.468,0.448,0,0
TXN-007823,128008.75,CARD,361,221,21,4,0.034,0.995,0,0
TXN-007824,81451.42,WALLET,1127,440,17,2,0.766,0.645,0,1
TXN-007825,20466.07,UPI,1761,685,29,0,0.947,0.317,0,0
TXN-007826,145125.58,CARD,778,899,13,0,0.048,0.991,0,0
TXN-007827,83605.16,WALLET,1712,1291,11,5,0.736,0.978,0,1
TXN-007828,4130.22,WALLET,146,716,1,1,0.693,0.095,0,1
TXN-007829,116817.83,CARD,1624,1460,17,1,0.329,0.065,0,1
TXN-007830,97560.91,NETBANKING,1517,1330,27,1,0.375,0.454,0,0
TXN-007831,136855.2,CARD,1170,623,7,1,0.758,0.993,1,1
TXN-007832,25679.65,UPI,805,17,6,5,0.495,0.187,0,0
TXN-007833,43355.02,UPI,50,560,12,1,0.3,0.274,0,0
TXN-007834,108807.29,CARD,2050,147,16,1,0.484,0.276,0,1
TXN-007835,67280.78,UPI,1088,1091,26,5,0.263,0.24,0,0
TXN-007836,21946.26,CARD,1379,1390,12,4,0.604,0.798,0,0
TXN-007837,144128.61,NETBANKING,2365,793,12,2,0.595,0.492,1,0
TXN-007838,144785.69,UPI,13,1038,26,5,0.794,0.439,0,1
TXN-007839,50433.08,UPI,1615,1155,7,0,0.505,0.671,0,0
TXN-007840,131446.96,NETBANKING,2379,660,28,3,0.882,0.383,0,1
TXN-007841,1786.9,UPI,2024,874,21,1,0.28,0.734,0,0
TXN-007842,87299.2,UPI,577,943,24,1,0.293,0.522,0,0
TXN-007843,115206.12,NETBANKING,1223,154,25,4,0.289,0.298,0,0
TXN-007844,87236.49,NETBANKING,913,902,30,0,0.368,0.878,0,0
TXN-007845,12442.72,WALLET,1259,556,20,0,0.341,0.012,0,0
TXN-007846,49457.47,NETBANKING,2303,1224,15,3,0.515,0.075,0,1
TXN-007847,134889.93,UPI,1271,1220,2,4,0.441,0.605,0,0
TXN-007848,83207.73,UPI,246,619,24,4,0.672,0.426,1,1
TXN-007849,2081.14,CARD,1544,1020,24,4,0.144,0.255,0,1
TXN-007850,116632.95,WALLET,1102,1234,15,4,0.296,0.321,0,1
TXN-007851,11703.23,WALLET,761,1306,10,4,0.616,0.74,0,0
TXN-007852,108986.77,CARD,142,559,7,0,0.095,0.057,0,0
TXN-007853,112307.15,WALLET,1517,1279,20,5,0.765,0.48,0,1
TXN-007854,77948.2,NETBANKING,2084,700,15,3,0.963,0.371,0,1
TXN-007855,114334.34,WALLET,1477,1457,7,5,0.62,0.163,1,1
TXN-007856,115612.06,UPI,1041,84,12,2,0.501,0.841,0,0
TXN-007857,87110.47,UPI,2189,1199,7,2,0.522,0.365,0,0
TXN-007858,122063.26,CARD,7,652,9,1,0.398,0.141,0,1
TXN-007859,18183.22,WALLET,936,1031,10,4,0.385,0.733,0,0
TXN-007860,103670.51,NETBANKING,2219,745,2,3,0.022,0.24,0,0
TXN-007861,34248.65,NETBANKING,97,567,10,5,0.742,0.371,0,0
TXN-007862,99120.78,WALLET,530,67,17,5,0.033,0.003,0,1
TXN-007863,21703.83,NETBANKING,2089,1037,30,3,0.688,0.292,0,1
TXN-007864,24317.29,UPI,685,1405,1,0,0.105,0.542,0,0
TXN-007865,12848.04,CARD,2115,1423,5,3,0.04,0.716,0,0
TXN-007866,19156.43,WALLET,2378,1007,29,3,0.929,0.251,0,1
TXN-007867,129857.47,CARD,57,239,1,0,0.516,0.95,1,1
TXN-007868,138133.98,UPI,36,433,12,5,0.892,0.955,0,1
TXN-007869,47505.6,WALLET,1163,1156,10,3,0.506,0.591,0,0
TXN-007870,112760.59,UPI,342,830,21,5,0.731,0.411,0,1
TXN-007871,100601.01,CARD,755,892,14,1,0.667,0.736,1,0
TXN-007872,66073.06,WALLET,1566,1113,23,1,0.293,0.52,0,1
TXN-007873,64594.38,CARD,1746,457,11,3,0.783,0.296,1,1
TXN-007874,44998.9,NETBANKING,1089,231,14,4,0.197,0.199,0,1
TXN-007875,107724.12,NETBANKING,1915,365,21,1,0.8,0.032,0,1
TXN-007876,139046.74,NETBANKING,1225,571,1,1,0.485,0.296,0,1
TXN-007877,23461.83,UPI,1360,1083,19,5,0.159,0.719,0,0
TXN-007878,97364.7,WALLET,1787,198,22,5,0.245,0.649,0,1
TXN-007879,134153.82,NETBANKING,543,1102,11,5,0.956,0.609,0,1
TXN-007880,102737.89,CARD,106,226,8,5,0.911,0.742,1,1
TXN-007881,55347.06,WALLET,1320,1294,6,0,0.74,0.476,0,1
TXN-007882,75128.77,UPI,1312,1154,7,4,0.021,0.246,0,0
TXN-007883,18513.92,WALLET,89,338,24,0,0.302,0.186,1,0
TXN-007884,77026.73,CARD,1130,3,4,0,0.462,0.669,0,1
TXN-007885,121374.89,NETBANKING,2392,445,2,5,0.43,0.001,1,1
TXN-007886,95274.65,UPI,999,766,29,1,0.783,0.781,0,0
TXN-007887,135843.77,WALLET,585,958,9,1,0.995,0.606,0,0
TXN-007888,64915.41,UPI,777,885,7,0,0.114,0.592,0,0
TXN-007889,135017.41,UPI,1878,1127,2,4,0.554,0.911,0,1
TXN-007890,18669.42,WALLET,754,765,8,0,0.901,0.266,0,0
TXN-007891,86121.37,UPI,1095,754,23,5,0.463,0.897,0,0
TXN-007892,120518.43,WALLET,85,1354,23,1,0.475,0.884,0,1
TXN-007893,47913.1,CARD,341,976,21,0,0.953,0.493,0,1
TXN-007894,124141.48,WALLET,2108,1152,21,3,0.726,0.54,0,0
TXN-007895,51104.75,UPI,838,162,24,1,0.933,0.373,0,1
TXN-007896,23570.65,CARD,1541,1005,4,4,0.976,0.961,0,1
TXN-007897,22232.2,NETBANKING,1379,1167,12,1,0.156,0.903,1,0
TXN-007898,50823.55,UPI,144,732,23,0,0.544,0.981,0,0
TXN-007899,85088.58,CARD,672,1041,4,0,0.733,0.579,1,1
TXN-007900,77601.84,NETBANKING,199,86,30,0,0.221,0.547,1,1
TXN-007901,148724.78,CARD,129,475,13,0,0.563,0.029,0,1
TXN-007902,143603.18,UPI,691,824,19,0,0.451,0.791,1,0
TXN-007903,90574.73,NETBANKING,1197,880,20,3,0.607,0.639,0,1
TXN-007904,11988.55,CARD,1814,1191,24,5,0.749,0.675,0,1
TXN-007905,60556.66,UPI,2023,1178,29,0,0.88,0.912,1,1
TXN-007906,92920.26,CARD,247,363,16,1,0.949,0.792,0,0
TXN-007907,86672.11,WALLET,2170,70,11,2,0.769,0.107,0,1
TXN-007908,15748.83,UPI,1759,997,1,2,0.885,0.137,0,0
TXN-007909,36873.66,NETBANKING,810,726,25,5,0.96,0.682,0,1
TXN-007910,100447.17,WALLET,1425,763,18,2,0.607,0.125,1,1
TXN-007911,123825.72,CARD,1251,1163,3,2,0.781,0.334,1,1
TXN-007912,92359.03,WALLET,1321,1341,26,4,0.338,0.732,0,0
TXN-007913,12656.32,WALLET,488,366,16,4,0.142,0.181,0,1
TXN-007914,48150.54,UPI,1840,247,14,4,0.567,0.127,0,0
TXN-007915,17787.05,WALLET,458,173,9,3,0.926,0.978,0,1
TXN-007916,47257.87,WALLET,233,677,12,3,0.737,0.843,0,0
TXN-007917,129884.25,CARD,1814,1457,13,3,0.654,0.658,1,0
TXN-007918,19139.15,NETBANKING,33,575,30,1,0.721,0.225,0,0
TXN-007919,6281.38,NETBANKING,1090,168,2,4,0.802,0.294,1,0
TXN-007920,61007.69,WALLET,1214,286,14,1,0.722,0.711,0,1
TXN-007921,62389.92,CARD,349,355,21,3,0.275,0.894,0,0
TXN-007922,55377.67,WALLET,528,1240,15,3,0.914,0.152,0,1
TXN-007923,114363.3,WALLET,2410,452,30,2,0.575,0.418,0,1
TXN-007924,82180.05,CARD,231,968,28,5,0.586,0.331,0,1
TXN-007925,70918.34,NETBANKING,1575,564,18,5,0.202,0.885,0,0
TXN-007926,31613.01,UPI,790,997,14,1,0.679,0.487,0,0
TXN-007927,144256.85,WALLET,1035,463,4,1,0.121,0.541,0,0
TXN-007928,127511.13,WALLET,913,608,22,3,0.317,0.191,0,0
TXN-007929,44163.24,UPI,1742,1338,9,3,0.889,0.338,0,0
TXN-007930,91078.32,UPI,1354,960,24,5,0.368,0.991,0,1
TXN-007931,18098.06,NETBANKING,622,1146,30,1,0.231,0.138,1,1
TXN-007932,65714.08,WALLET,513,316,8,5,0.326,0.23,0,1
TXN-007933,33495.25,CARD,2282,859,30,4,0.493,0.586,0,1
TXN-007934,85248.65,WALLET,212,1251,19,5,0.999,0.869,1,1
TXN-007935,82062.65,CARD,1238,533,8,1,0.737,0.044,0,0
TXN-007936,92794.67,NETBANKING,302,900,15,4,0.023,0.109,0,0
TXN-007937,122739.43,NETBANKING,2320,1499,11,0,0.373,0.684,0,0
TXN-007938,64734.71,UPI,1810,854,18,1,0.867,0.228,0,1
TXN-007939,126104.76,NETBANKING,2335,895,9,3,0.365,0.138,0,0
TXN-007940,131980.83,NETBANKING,2203,1253,11,3,0.717,0.325,0,1
TXN-007941,89661.73,WALLET,2455,445,1,5,0.441,0.005,0,0
TXN-007942,62642.29,NETBANKING,672,274,23,3,0.734,0.831,0,1
TXN-007943,29401.14,UPI,1354,330,1,3,0.268,0.026,1,0
TXN-007944,11986.68,WALLET,57,816,14,4,0.229,0.297,1,0
TXN-007945,3570.42,CARD,358,251,9,5,0.028,0.59,0,0
TXN-007946,15592.39,WALLET,795,1072,7,1,0.601,0.585,0,0
TXN-007947,43899.74,CARD,1309,835,28,1,0.184,0.471,0,1
TXN-007948,121162.26,CARD,613,1033,17,5,0.73,0.342,0,1
TXN-007949,130132.96,WALLET,1425,1351,6,3,0.266,0.438,1,0
TXN-007950,117572.13,WALLET,1381,282,11,2,0.131,0.942,0,1
TXN-007951,40085.15,NETBANKING,2330,1141,30,1,0.855,0.378,0,0
TXN-007952,47035.15,UPI,1335,1427,7,3,0.365,0.779,0,1
TXN-007953,94847.15,UPI,271,1456,9,0,0.895,0.079,1,0
TXN-007954,25235.83,UPI,1439,1265,26,2,0.45,0.2,0,0
TXN-007955,123768.23,WALLET,1744,1206,12,5,0.858,0.611,0,0
TXN-007956,107609.95,CARD,2374,549,16,5,0.221,0.109,0,0
TXN-007957,93370.95,WALLET,188,1015,12,0,0.295,0.628,0,0
TXN-007958,9100.23,CARD,2184,831,16,2,0.731,0.415,0,1
TXN-007959,13637.88,NETBANKING,186,553,29,3,0.532,0.141,0,0
TXN-007960,63147.57,CARD,2215,1288,30,1,0.758,0.298,1,1
TXN-007961,100499.97,CARD,1810,1308,25,2,0.883,0.038,0,1
TXN-007962,7041.66,WALLET,138,523,10,4,0.082,0.407,0,0
TXN-007963,142742.55,CARD,1964,1427,30,2,0.642,0.497,0,0
TXN-007964,21519.75,UPI,1467,96,1,0,0.779,0.594,0,0
TXN-007965,89666.29,UPI,2003,691,9,2,0.264,0.683,0,1
TXN-007966,65647.8,WALLET,2427,513,7,2,0.443,0.585,0,1
TXN-007967,15644.53,NETBANKING,532,1176,23,4,0.361,0.87,0,0
TXN-007968,141278.55,NETBANKING,1098,1113,24,5,0.113,0.511,0,0
TXN-007969,99196.89,UPI,2416,514,3,5,0.184,0.889,0,1
TXN-007970,30688.51,UPI,808,620,11,4,0.693,0.285,0,0
TXN-007971,76002.31,NETBANKING,1012,1311,24,3,0.863,0.42,0,0
TXN-007972,5940.09,NETBANKING,1937,200,26,4,0.571,0.118,0,0
TXN-007973,72176.25,UPI,1931,254,8,0,0.746,0.029,0,0
TXN-007974,24022.82,CARD,1094,637,1,3,0.564,0.192,0,0
TXN-007975,69830.44,UPI,2270,1044,5,1,0.078,0.248,0,1
TXN-007976,56379.16,UPI,837,258,29,5,0.773,0.544,0,1
TXN-007977,15822.52,NETBANKING,2491,613,30,0,0.522,0.691,0,0
TXN-007978,4680.71,CARD,1042,846,15,0,0.368,0.888,0,0
TXN-007979,16986.33,NETBANKING,247,359,6,3,0.604,0.424,0,0
TXN-007980,149876.22,NETBANKING,1608,164,25,5,0.557,0.149,1,0
TXN-007981,84498.3,NETBANKING,792,974,16,1,0.96,0.074,0,0
TXN-007982,104047.87,UPI,1973,642,21,1,0.033,0.966,0,0
TXN-007983,102824.84,NETBANKING,2050,1449,27,3,0.789,0.814,0,1
TXN-007984,42244.04,UPI,513,1221,24,1,0.33,0.965,1,1
TXN-007985,138507.43,NETBANKING,1129,749,22,5,0.42,0.836,1,1
TXN-007986,12464.97,WALLET,2273,1000,25,0,0.276,0.872,0,0
TXN-007987,62930.18,WALLET,2392,693,11,1,0.61,0.769,1,0
TXN-007988,16286.2,CARD,1179,805,9,5,0.523,0.659,0,0
TXN-007989,130448.03,UPI,2046,110,26,3,0.493,0.022,1,1
TXN-007990,139212.03,CARD,739,1079,5,0,0.635,0.967,0,0
TXN-007991,52616.26,CARD,803,552,22,4,0.305,0.122,0,1
TXN-007992,129446.18,NETBANKING,1834,186,15,3,0.6,0.515,0,1
TXN-007993,89160.49,WALLET,2039,462,5,0,0.217,0.013,0,0
TXN-007994,86776.09,WALLET,155,417,15,4,0.719,0.777,0,1
TXN-007995,137951.92,WALLET,1910,889,22,1,0.119,0.282,0,0
TXN-007996,141387.93,CARD,763,364,24,1,0.585,0.749,1,0
TXN-007997,6257.24,NETBANKING,124,877,15,0,0.361,0.376,0,0
TXN-007998,104561.53,WALLET,2120,1078,22,0,0.793,0.035,1,1
TXN-007999,39555.72,CARD,195,568,12,0,0.886,0.492,0,0
TXN-008000,29855.13,NETBANKING,1703,312,22,2,0.75,0.443,0,0
TXN-008001,87056.74,UPI,1104,637,6,5,0.65,0.516,0,1
TXN-008002,102690.41,WALLET,30,592,20,3,0.76,0.66,0,1
TXN-008003,1356.25,WALLET,1894,351,29,3,0.735,0.596,1,1
TXN-008004,138940.11,NETBANKING,953,1444,26,5,0.147,0.902,1,1
TXN-008005,45424.01,NETBANKING,2097,127,5,5,0.327,0.404,1,0
TXN-008006,28928.51,WALLET,635,710,4,0,0.536,0.421,0,0
TXN-008007,81990.3,NETBANKING,1513,188,30,4,0.951,0.367,0,0
TXN-008008,127608.99,NETBANKING,832,567,12,1,0.207,0.879,0,1
TXN-008009,61661.79,UPI,316,1464,3,0,0.972,0.369,1,0
TXN-008010,111804.16,NETBANKING,757,351,30,5,0.246,0.276,0,1
TXN-008011,62136.17,CARD,2082,1259,24,4,0.603,0.212,0,0
TXN-008012,61918.66,NETBANKING,1464,1417,25,3,0.969,0.226,0,1
TXN-008013,73984.26,WALLET,1069,132,16,3,0.657,0.733,0,0
TXN-008014,72595.64,NETBANKING,2384,198,6,0,0.05,0.13,1,0
TXN-008015,72623.18,CARD,326,844,25,4,0.719,0.477,1,0
TXN-008016,22669.65,WALLET,1711,1434,15,0,0.926,0.474,1,1
TXN-008017,70725.33,WALLET,394,438,28,0,0.783,0.797,0,0
TXN-008018,13332.57,CARD,598,885,19,0,0.093,0.489,0,1
TXN-008019,56318.2,CARD,1974,612,6,0,0.54,0.4,0,1
TXN-008020,16712.75,CARD,1230,159,13,5,0.284,0.271,0,0
TXN-008021,80682.52,NETBANKING,2234,1230,8,1,0.197,0.082,0,0
TXN-008022,70646.68,NETBANKING,462,768,5,0,0.779,0.096,0,0
TXN-008023,46408.33,UPI,1554,175,16,2,0.489,0.514,0,0
TXN-008024,73267.95,CARD,1166,576,20,4,0.53,0.383,0,1
TXN-008025,55127.36,WALLET,1295,1401,23,5,0.368,0.391,0,1
TXN-008026,77706.49,CARD,1311,221,14,4,0.123,0.228,0,0
TXN-008027,143773.66,UPI,748,1218,5,4,0.343,0.239,0,0
TXN-008028,92317.42,WALLET,186,801,15,0,0.356,0.319,0,1
TXN-008029,130205.9,UPI,61,1036,16,4,0.068,0.738,1,1
TXN-008030,16547.04,UPI,2192,1421,6,5,0.791,0.606,0,0
TXN-008031,144169.4,CARD,2016,480,9,2,0.602,0.964,1,1
TXN-008032,93288.95,CARD,238,1122,12,4,0.794,0.268,0,0
TXN-008033,2263.25,CARD,387,884,26,1,0.828,0.484,0,1
TXN-008034,111701.94,NETBANKING,1861,1282,27,2,0.072,0.87,0,0
TXN-008035,74201.28,NETBANKING,2140,293,29,5,0.55,0.672,0,0
TXN-008036,128874.55,UPI,1831,189,27,5,0.039,0.978,0,1
TXN-008037,87155.08,UPI,1937,713,23,5,0.498,0.382,0,0
TXN-008038,99487.92,CARD,2362,402,7,0,0.665,0.5,0,0
TXN-008039,22429.69,CARD,365,1429,2,2,0.574,0.928,1,1
TXN-008040,44835.03,UPI,1669,413,29,3,0.138,0.902,0,1
TXN-008041,106800.18,UPI,1523,1241,6,5,0.562,0.181,1,1
TXN-008042,24368.53,WALLET,2458,904,4,3,0.601,0.079,0,0
TXN-008043,122273.28,CARD,887,66,17,0,0.369,0.067,0,1
TXN-008044,6131.47,NETBANKING,2261,1289,19,5,0.599,0.112,0,0
TXN-008045,44956.41,CARD,1029,1179,22,2,0.068,0.337,0,1
TXN-008046,54260.65,NETBANKING,1575,772,7,4,0.016,0.195,1,1
TXN-008047,47111.3,WALLET,496,1156,3,0,0.781,0.988,0,1
TXN-008048,6405.71,CARD,1962,282,28,2,0.685,0.613,0,1
TXN-008049,76369.39,WALLET,812,500,18,0,0.444,0.35,1,1
TXN-008050,143234.36,NETBANKING,1805,972,15,5,0.464,0.76,0,1
TXN-008051,110442.64,WALLET,1855,418,7,5,0.444,0.38,0,0
TXN-008052,129497.56,UPI,1184,645,3,3,0.776,0.356,1,1
TXN-008053,70373.77,CARD,1801,475,8,5,0.802,0.895,0,1
TXN-008054,46002.87,UPI,1985,276,3,4,0.594,0.911,1,1
TXN-008055,125417.64,CARD,623,525,5,4,0.142,0.991,0,1
TXN-008056,8644.91,WALLET,495,358,5,5,0.238,0.157,0,0
TXN-008057,140126.98,WALLET,625,461,26,1,0.285,0.547,0,0
TXN-008058,41790.44,NETBANKING,416,406,22,3,0.87,0.633,1,1
TXN-008059,50716.5,UPI,187,733,15,5,0.18,0.329,0,1
TXN-008060,34547.22,CARD,816,404,27,5,0.14,0.088,0,0
TXN-008061,130291.29,CARD,998,312,26,0,0.084,0.415,0,1
TXN-008062,95853.94,NETBANKING,1584,112,19,4,0.043,0.521,0,0
TXN-008063,33596.18,NETBANKING,1992,1300,27,0,0.307,0.182,0,0
TXN-008064,92950.09,UPI,217,1410,8,4,0.664,0.794,1,0
TXN-008065,34040.43,CARD,327,712,24,3,0.642,0.236,0,0
TXN-008066,80392.87,WALLET,1809,264,21,3,0.004,0.204,0,0
TXN-008067,4136.92,CARD,1413,1184,19,5,0.593,0.027,0,0
TXN-008068,2245.94,CARD,416,937,25,2,0.045,0.527,0,1
TXN-008069,20385.46,UPI,1779,364,5,4,0.408,0.132,0,0
TXN-008070,142949.56,WALLET,1280,556,16,0,0.193,0.228,0,1
TXN-008071,14940.22,WALLET,2219,823,29,0,0.996,0.181,0,0
TXN-008072,10814.06,CARD,2127,197,30,4,0.27,0.453,0,0
TXN-008073,69754.5,UPI,124,1191,28,0,0.68,0.243,0,1
TXN-008074,138828.38,WALLET,739,746,28,3,0.213,0.386,0,0
TXN-008075,22673.16,NETBANKING,2306,1353,23,0,0.902,0.994,0,0
TXN-008076,22702.6,UPI,377,35,29,0,0.235,0.946,0,0
TXN-008077,142387.49,UPI,2222,371,30,3,0.23,0.49,1,1
TXN-008078,140157.58,CARD,289,1441,12,4,0.871,0.721,0,1
TXN-008079,96326.16,NETBANKING,2100,829,17,2,0.541,0.471,0,1
TXN-008080,44353.07,NETBANKING,943,456,18,3,0.698,0.155,0,0
TXN-008081,113793.52,CARD,2432,442,19,4,0.67,0.789,0,1
TXN-008082,130810.22,WALLET,764,232,4,1,0.489,0.604,0,0
TXN-008083,5152.11,WALLET,2486,954,22,1,0.2,0.281,1,0
TXN-008084,59624.99,NETBANKING,1184,1190,1,0,0.074,0.742,0,1
TXN-008085,14387.71,CARD,1054,1295,30,2,0.403,0.209,0,0
TXN-008086,34247.33,NETBANKING,2402,1180,21,5,0.154,0.49,0,0
TXN-008087,34185.05,CARD,297,478,5,4,0.208,0.608,0,0
TXN-008088,119231.44,NETBANKING,162,117,25,2,0.091,0.385,1,1
TXN-008089,122627.0,UPI,956,1246,20,2,0.828,0.139,0,1
TXN-008090,115436.25,UPI,839,635,5,1,0.543,0.575,0,0
TXN-008091,33767.14,NETBANKING,1574,695,1,5,0.574,0.703,0,0
TXN-008092,44151.62,NETBANKING,1478,863,19,4,0.714,0.214,0,0
TXN-008093,42039.09,CARD,511,1306,11,3,0.307,0.301,1,1
TXN-008094,44200.58,CARD,634,973,7,1,0.154,0.584,1,1
TXN-008095,128736.78,CARD,248,1327,14,0,0.795,0.154,0,1
TXN-008096,32060.72,WALLET,1434,53,30,4,0.282,0.189,0,1
TXN-008097,16199.76,WALLET,1260,1205,2,4,0.835,0.441,0,0
TXN-008098,81640.76,WALLET,458,1346,14,2,0.145,0.655,0,0
TXN-008099,148857.09,NETBANKING,298,1375,15,3,0.491,0.979,0,1
TXN-008100,105000.65,UPI,1773,696,21,4,0.547,0.559,0,1
TXN-008101,131635.56,WALLET,1065,1363,16,3,0.341,0.217,0,1
TXN-008102,140321.99,WALLET,1968,88,14,5,0.38,0.57,1,1
TXN-008103,50630.89,NETBANKING,245,507,26,1,0.551,0.149,0,1
TXN-008104,49950.12,WALLET,1682,832,18,5,0.957,0.163,1,1
TXN-008105,103990.11,NETBANKING,1299,559,12,0,0.863,0.808,0,1
TXN-008106,87343.33,CARD,2345,1364,30,4,0.152,0.97,0,1
TXN-008107,54218.38,WALLET,1256,783,29,1,0.705,0.355,0,1
TXN-008108,149191.72,NETBANKING,1317,565,21,2,0.22,0.412,0,0
TXN-008109,71624.74,WALLET,2370,26,23,4,0.505,0.474,0,0
TXN-008110,144170.13,NETBANKING,2383,202,14,4,0.485,0.743,0,0
TXN-008111,125288.67,NETBANKING,2281,61,13,1,0.717,0.337,0,1
TXN-008112,60754.01,NETBANKING,1919,1004,27,4,0.94,0.053,0,0
TXN-008113,57386.32,UPI,1873,936,6,0,0.629,0.024,0,0
TXN-008114,90663.08,CARD,204,45,3,2,0.316,0.078,0,1
TXN-008115,44637.02,NETBANKING,1,55,20,0,0.228,0.128,0,0
TXN-008116,45448.7,NETBANKING,920,110,12,3,0.892,0.417,0,0
TXN-008117,9363.29,CARD,827,120,1,3,0.465,0.602,1,0
TXN-008118,86948.14,NETBANKING,1379,700,13,2,0.826,0.145,0,0
TXN-008119,67162.79,NETBANKING,2463,946,23,0,0.964,0.823,0,1
TXN-008120,125861.78,NETBANKING,1873,1229,24,2,0.581,0.642,0,0
TXN-008121,78092.25,CARD,1528,1038,28,5,0.069,0.185,0,0
TXN-008122,24644.91,UPI,298,567,4,3,0.514,0.34,0,0
TXN-008123,147792.35,UPI,941,356,18,2,0.088,0.375,1,1
TXN-008124,19823.19,WALLET,1685,974,15,0,0.644,0.871,0,0
TXN-008125,127099.93,WALLET,2296,306,18,5,0.446,0.732,0,1
TXN-008126,95555.39,NETBANKING,2013,323,30,0,0.343,0.934,1,0
TXN-008127,69609.44,UPI,2209,791,8,4,0.144,0.457,0,0
TXN-008128,28302.76,UPI,679,588,21,0,0.612,0.717,1,0
TXN-008129,100707.38,NETBANKING,1006,818,14,4,0.597,0.324,0,1
TXN-008130,77509.12,CARD,1338,868,9,1,0.228,0.993,0,1
TXN-008131,115745.71,WALLET,994,627,13,5,0.748,0.757,1,1
TXN-008132,84996.26,WALLET,99,913,18,3,0.935,1.0,0,1
TXN-008133,48119.94,CARD,1580,1129,5,5,0.914,0.669,0,0
TXN-008134,50179.01,WALLET,214,808,23,0,0.865,0.626,0,0
TXN-008135,49225.5,NETBANKING,1847,455,2,0,0.619,0.293,0,0
TXN-008136,34869.06,CARD,350,166,29,2,0.371,0.976,0,1
TXN-008137,44998.92,NETBANKING,1670,1205,5,2,0.013,0.225,0,0
TXN-008138,119891.52,WALLET,2162,587,17,0,0.702,0.736,0,0
TXN-008139,23211.74,CARD,1235,1053,16,2,0.636,0.89,0,1
TXN-008140,24866.19,CARD,1284,1221,20,2,0.645,0.084,0,0
TXN-008141,108822.1,NETBANKING,216,29,25,5,0.005,0.474,0,0
TXN-008142,124594.66,UPI,618,72,27,5,0.983,0.067,0,1
TXN-008143,111469.71,CARD,2139,383,28,5,0.047,0.348,0,1
TXN-008144,89118.7,UPI,949,1192,21,5,0.677,0.01,1,0
TXN-008145,121323.32,UPI,1225,1253,5,1,0.094,0.853,0,1
TXN-008146,24252.66,WALLET,1429,341,12,2,0.484,0.061,1,0
TXN-008147,135842.85,NETBANKING,1115,931,5,5,0.373,0.913,0,1
TXN-008148,148086.6,NETBANKING,1313,12,19,4,0.014,0.038,1,1
TXN-008149,55163.1,NETBANKING,1824,173,13,1,0.885,0.258,0,0
TXN-008150,142681.28,UPI,634,1479,10,0,0.202,0.927,0,0
TXN-008151,70512.26,CARD,1877,12,20,0,0.491,0.045,0,1
TXN-008152,60479.54,NETBANKING,1731,1125,18,3,0.591,0.789,0,1
TXN-008153,14243.86,UPI,1645,280,26,4,0.998,0.424,0,0
TXN-008154,79798.22,CARD,944,1112,15,4,0.951,0.843,0,1
TXN-008155,5024.9,UPI,348,961,2,2,0.448,0.287,0,0
TXN-008156,84124.98,WALLET,199,770,1,1,0.142,0.092,0,0
TXN-008157,33642.97,WALLET,1263,1167,30,2,0.42,0.515,1,0
TXN-008158,24847.89,CARD,1042,989,2,3,0.139,0.982,0,0
TXN-008159,93344.89,WALLET,2395,1060,19,3,0.527,0.42,0,0
TXN-008160,50180.13,WALLET,1982,287,17,1,0.231,0.008,0,0
TXN-008161,28606.83,CARD,2431,168,20,4,0.819,0.799,0,0
TXN-008162,97765.24,WALLET,1966,1462,29,0,0.138,0.495,1,0
TXN-008163,28029.58,UPI,783,163,22,4,0.907,0.876,1,1
TXN-008164,9412.44,NETBANKING,1424,395,7,2,0.105,0.886,0,0
TXN-008165,124625.16,NETBANKING,1761,1006,4,5,0.603,0.455,0,0
TXN-008166,34083.29,NETBANKING,373,1351,28,3,0.116,0.928,0,0
TXN-008167,47466.89,NETBANKING,1873,923,5,5,0.193,0.063,0,0
TXN-008168,42608.9,CARD,1187,1317,11,3,0.905,0.532,0,1
TXN-008169,143886.72,NETBANKING,769,1211,12,5,0.48,0.225,0,1
TXN-008170,134360.72,UPI,1560,24,10,3,0.167,0.051,0,0
TXN-008171,127621.95,UPI,1139,286,16,2,0.364,0.971,0,1
TXN-008172,39213.49,NETBANKING,2040,60,3,5,0.742,0.76,0,1
TXN-008173,148748.64,CARD,2212,1287,22,5,0.273,0.951,0,1
TXN-008174,87465.92,WALLET,2328,1233,3,2,0.587,0.132,0,0
TXN-008175,149167.58,UPI,1960,158,7,1,0.492,0.113,0,1
TXN-008176,81707.99,WALLET,986,1491,1,3,0.563,0.05,0,1
TXN-008177,27208.91,CARD,2380,1140,26,4,0.458,0.255,0,1
TXN-008178,111344.38,UPI,548,1490,25,1,0.283,0.891,0,1
TXN-008179,58976.19,CARD,2433,394,2,4,0.039,0.433,0,1
TXN-008180,34486.61,UPI,27,1181,26,2,0.386,0.303,1,0
TXN-008181,141627.2,NETBANKING,1301,1192,21,5,0.422,0.872,0,1
TXN-008182,114351.67,UPI,2250,1135,20,4,0.96,0.773,0,1
TXN-008183,30284.7,UPI,2272,1444,6,5,0.46,0.728,0,0
TXN-008184,57329.75,WALLET,1931,1304,12,3,0.588,0.353,0,1
TXN-008185,139643.74,NETBANKING,2270,315,6,3,0.652,0.318,0,1
TXN-008186,48239.1,WALLET,1843,69,4,5,0.418,0.144,1,0
TXN-008187,45719.6,UPI,1661,733,17,2,0.591,0.887,0,1
TXN-008188,126413.44,WALLET,75,710,6,2,0.843,0.22,0,1
TXN-008189,6228.89,CARD,2065,1277,5,2,0.269,0.709,0,0
TXN-008190,9913.95,NETBANKING,1050,321,6,0,0.966,0.804,0,1
TXN-008191,140745.16,UPI,1931,564,29,4,0.463,0.849,0,1
TXN-008192,99478.3,UPI,505,114,27,5,0.957,0.649,1,1
TXN-008193,96517.8,WALLET,780,1425,22,2,0.581,0.627,1,1
TXN-008194,59209.71,WALLET,1208,853,27,2,0.605,0.25,0,1
TXN-008195,119694.45,WALLET,1053,377,16,5,0.927,0.892,1,1
TXN-008196,121521.55,NETBANKING,2119,934,19,4,0.049,0.401,0,1
TXN-008197,39904.92,NETBANKING,915,66,8,2,0.428,0.853,0,1
TXN-008198,125826.52,UPI,32,107,20,2,0.211,0.348,0,1
TXN-008199,28181.04,CARD,1693,1034,25,3,0.385,0.999,0,1
TXN-008200,46794.06,NETBANKING,946,1331,8,3,0.018,0.17,1,0
TXN-008201,107769.78,WALLET,1966,648,27,3,0.532,0.488,0,0
TXN-008202,43740.76,CARD,1108,357,17,5,0.37,0.23,0,0
TXN-008203,63940.6,UPI,1745,836,11,1,0.49,0.33,1,1
TXN-008204,23278.3,UPI,213,164,29,3,0.708,0.582,0,0
TXN-008205,94451.75,UPI,1314,839,22,5,0.199,0.019,0,0
TXN-008206,51298.53,WALLET,1880,959,21,3,0.381,0.561,0,1
TXN-008207,31248.38,UPI,980,953,5,3,0.754,0.987,0,1
TXN-008208,51151.47,CARD,1531,268,8,2,0.952,0.048,0,0
TXN-008209,139267.13,UPI,1641,587,7,3,0.625,0.875,0,1
TXN-008210,68308.19,WALLET,1175,1217,6,5,0.787,0.822,0,1
TXN-008211,15502.67,CARD,1977,484,13,4,0.756,0.669,0,0
TXN-008212,15302.59,WALLET,1964,1461,24,3,0.083,0.03,0,0
TXN-008213,113889.32,NETBANKING,1836,1233,8,4,0.71,0.055,1,0
TXN-008214,134231.84,UPI,1928,1074,19,2,0.672,0.472,1,0
TXN-008215,86369.22,CARD,125,1299,1,2,0.345,0.171,0,0
TXN-008216,110612.27,WALLET,381,796,3,1,0.481,0.967,0,1
TXN-008217,105878.55,CARD,1440,713,28,1,0.843,0.514,0,1
TXN-008218,109785.11,UPI,11,759,29,5,0.703,0.671,1,1
TXN-008219,92216.13,WALLET,1903,1118,21,4,0.735,0.109,0,0
TXN-008220,102316.88,UPI,2074,890,18,2,0.466,0.126,1,1
TXN-008221,112751.78,CARD,808,627,13,5,0.073,0.468,1,0
TXN-008222,71549.69,UPI,644,124,7,3,0.534,0.258,0,0
TXN-008223,70674.81,WALLET,2309,1171,7,4,0.53,0.516,1,0
TXN-008224,61988.13,CARD,2281,331,9,3,0.597,0.445,0,0
TXN-008225,10076.36,CARD,349,335,16,5,0.68,0.213,0,0
TXN-008226,124431.66,UPI,1467,1245,30,0,0.279,0.192,0,0
TXN-008227,21130.58,UPI,1336,1424,4,5,0.387,0.604,0,1
TXN-008228,24281.93,NETBANKING,2121,1155,3,1,0.761,0.502,1,0
TXN-008229,93226.45,UPI,489,1438,11,4,0.665,0.447,0,1
TXN-008230,143154.19,UPI,1678,964,28,2,0.065,0.936,0,1
TXN-008231,78690.05,UPI,878,1449,30,4,0.626,0.592,1,1
TXN-008232,72304.16,WALLET,726,563,7,3,0.125,0.694,0,0
TXN-008233,137308.55,CARD,831,1499,24,2,0.796,0.415,0,1
TXN-008234,95199.35,WALLET,782,416,27,2,0.739,0.95,0,1
TXN-008235,21196.08,WALLET,316,1180,12,1,0.35,0.21,0,0
TXN-008236,123376.72,UPI,2105,956,4,3,0.663,0.292,0,0
TXN-008237,85254.88,WALLET,1188,242,7,2,0.233,0.81,0,0
TXN-008238,39090.31,CARD,2311,1005,28,4,0.834,0.226,0,1
TXN-008239,146207.31,UPI,245,189,2,1,0.51,0.648,0,1
TXN-008240,23620.16,WALLET,2486,959,21,2,0.834,0.34,0,0
TXN-008241,61955.95,WALLET,752,1342,30,2,0.15,0.176,0,1
TXN-008242,67389.98,CARD,364,457,2,3,0.421,0.103,0,0
TXN-008243,83176.01,NETBANKING,919,412,18,1,0.761,0.428,0,0
TXN-008244,105264.22,CARD,1818,502,21,4,0.362,0.549,0,1
TXN-008245,41719.37,WALLET,397,56,17,5,0.759,0.968,0,1
TXN-008246,95954.06,CARD,1276,1329,12,4,0.06,0.268,0,0
TXN-008247,127780.68,NETBANKING,1541,486,5,5,0.338,0.374,1,0
TXN-008248,76599.84,UPI,583,1347,10,0,0.143,0.213,0,1
TXN-008249,99725.97,NETBANKING,194,1222,18,3,0.235,0.227,0,0
TXN-008250,50379.28,WALLET,2265,8,19,3,0.24,0.785,1,1
TXN-008251,51149.98,NETBANKING,1528,1285,23,5,0.349,0.47,0,1
TXN-008252,76499.55,NETBANKING,868,1176,24,4,0.711,0.465,0,1
TXN-008253,126381.32,NETBANKING,495,515,20,1,0.534,0.282,0,0
TXN-008254,116567.63,UPI,333,1347,6,4,0.027,0.048,0,0
TXN-008255,62603.77,CARD,1543,804,20,0,0.984,0.004,0,0
TXN-008256,90252.22,CARD,757,1083,26,1,0.104,0.706,0,1
TXN-008257,111790.88,UPI,531,1202,17,0,0.783,0.335,0,1
TXN-008258,79691.6,NETBANKING,1306,1383,23,5,0.988,0.562,0,1
TXN-008259,106697.98,UPI,654,472,27,2,0.577,0.917,0,1
TXN-008260,885.91,NETBANKING,1613,1057,7,2,0.97,0.71,0,1
TXN-008261,62905.93,CARD,871,413,11,3,0.046,0.112,0,1
TXN-008262,84559.37,UPI,1655,1425,12,0,0.35,0.448,0,0
TXN-008263,104502.98,NETBANKING,5,1491,4,1,0.935,0.927,0,0
TXN-008264,62701.91,CARD,1090,1226,23,5,0.317,0.903,0,1
TXN-008265,22752.49,CARD,1227,930,18,1,0.166,0.731,0,0
TXN-008266,78366.39,UPI,2046,829,4,5,0.127,0.736,0,0
TXN-008267,56262.85,CARD,1575,812,4,1,0.763,0.084,0,0
TXN-008268,141672.47,CARD,2060,185,9,5,0.834,0.048,0,0
TXN-008269,50467.63,WALLET,1081,932,10,2,0.123,0.127,0,1
TXN-008270,79803.58,CARD,2162,1056,8,1,0.829,0.746,0,1
TXN-008271,98307.94,CARD,1948,18,6,2,0.63,0.703,0,0
TXN-008272,84570.01,CARD,901,593,10,3,0.802,0.708,0,1
TXN-008273,11329.17,NETBANKING,1972,68,3,0,0.495,0.148,0,0
TXN-008274,95730.88,UPI,2421,1336,1,5,0.668,0.694,0,0
TXN-008275,22994.09,WALLET,2072,767,12,3,0.461,0.171,0,0
TXN-008276,145830.55,CARD,138,314,4,1,0.986,0.832,0,1
TXN-008277,65657.95,CARD,2406,762,17,4,0.288,0.245,0,1
TXN-008278,145024.76,NETBANKING,512,257,13,3,0.248,0.338,0,0
TXN-008279,131564.58,CARD,959,451,3,3,0.472,0.865,0,0
TXN-008280,96281.52,CARD,862,649,23,2,0.395,0.087,0,1
TXN-008281,93380.12,WALLET,2242,97,13,3,0.506,0.378,0,0
TXN-008282,83219.34,NETBANKING,106,991,12,3,0.942,0.419,1,0
TXN-008283,33998.31,NETBANKING,312,93,22,0,0.997,0.571,0,0
TXN-008284,41114.89,NETBANKING,1701,1365,14,0,0.218,0.427,0,0
TXN-008285,3842.65,NETBANKING,1324,762,16,4,0.086,0.592,0,1
TXN-008286,91625.29,UPI,1144,1353,14,3,0.31,0.915,0,0
TXN-008287,142418.24,WALLET,441,1270,30,0,0.996,0.184,0,1
TXN-008288,147788.62,NETBANKING,371,873,28,5,0.651,0.272,0,1
TXN-008289,90832.8,NETBANKING,2251,472,19,3,0.044,0.266,1,0
TXN-008290,110951.15,UPI,2102,282,30,0,0.84,0.546,0,1
TXN-008291,55984.81,WALLET,429,1151,15,4,0.586,0.249,0,1
TXN-008292,5676.9,CARD,1272,963,22,4,0.795,0.132,0,0
TXN-008293,74459.76,CARD,85,1283,26,5,0.579,0.618,0,0
TXN-008294,107495.76,CARD,2397,1107,20,5,0.789,0.981,1,1
TXN-008295,52094.65,CARD,664,982,16,5,0.466,0.033,0,0
TXN-008296,138456.04,WALLET,374,1097,3,5,0.63,0.596,0,0
TXN-008297,70983.6,WALLET,1295,1449,19,0,0.338,0.906,0,0
TXN-008298,97654.28,NETBANKING,1798,516,10,2,0.077,0.108,0,0
TXN-008299,52355.1,NETBANKING,1700,279,7,1,0.831,0.455,0,0
TXN-008300,101387.32,UPI,425,1064,21,3,0.257,0.717,0,1
TXN-008301,74788.79,CARD,2459,967,25,1,0.5,0.139,0,1
TXN-008302,51085.77,NETBANKING,1780,1182,24,3,0.172,0.088,0,1
TXN-008303,31748.35,NETBANKING,409,927,12,3,0.16,0.05,1,1
TXN-008304,21023.77,WALLET,2405,579,9,3,0.348,0.77,0,0
TXN-008305,70905.13,CARD,1165,275,22,1,0.997,0.147,1,1
TXN-008306,51256.99,NETBANKING,1769,780,27,5,0.794,0.198,0,1
TXN-008307,41090.77,CARD,1290,1254,9,1,0.48,0.246,0,0
TXN-008308,79858.39,NETBANKING,2076,3,29,4,0.769,0.589,1,1
TXN-008309,94343.23,CARD,1980,462,18,3,0.131,0.551,0,1
TXN-008310,127797.33,CARD,744,230,27,3,0.859,0.577,0,1
TXN-008311,99737.81,CARD,1664,169,9,1,0.172,0.392,1,1
TXN-008312,128379.87,CARD,1193,112,20,5,0.684,0.603,0,0
TXN-008313,128974.58,NETBANKING,1175,929,1,1,0.257,0.551,1,0
TXN-008314,129568.73,CARD,1640,1421,10,4,0.834,0.946,0,0
TXN-008315,68259.75,NETBANKING,1085,734,20,5,0.508,0.817,0,0
TXN-008316,18847.96,UPI,439,287,4,4,0.391,0.521,0,1
TXN-008317,2125.68,CARD,1913,225,18,1,0.133,0.688,0,0
TXN-008318,112257.68,NETBANKING,89,998,12,0,0.994,0.757,0,0
TXN-008319,106474.9,CARD,1034,1009,4,2,0.081,0.4,0,0
TXN-008320,51180.97,WALLET,2045,886,3,2,0.997,0.765,0,1
TXN-008321,69367.77,WALLET,2391,432,20,0,0.112,0.611,1,0
TXN-008322,91362.49,WALLET,784,1163,11,1,0.458,0.741,0,1
TXN-008323,6955.21,NETBANKING,1467,2,9,3,0.253,0.275,0,0
TXN-008324,130501.99,CARD,2393,5,26,5,0.716,0.923,0,1
TXN-008325,47667.62,UPI,232,886,4,4,0.204,0.783,0,0
TXN-008326,105881.62,NETBANKING,1919,231,1,3,0.851,0.603,0,0
TXN-008327,53895.91,NETBANKING,1315,244,2,3,0.165,0.711,0,0
TXN-008328,25115.3,CARD,2421,298,4,2,0.456,0.13,1,0
TXN-008329,26183.49,UPI,811,204,21,0,0.999,0.711,1,0
TXN-008330,141963.25,WALLET,1428,1172,30,1,0.418,0.902,1,1
TXN-008331,94031.82,WALLET,2096,1096,26,4,0.902,0.56,0,1
TXN-008332,88104.79,WALLET,1861,308,29,3,0.112,0.941,0,0
TXN-008333,136428.71,UPI,1274,868,8,2,0.754,0.539,1,1
TXN-008334,71695.88,UPI,1784,422,8,5,0.591,0.18,1,0
TXN-008335,13886.59,WALLET,704,549,23,1,0.532,0.698,0,0
TXN-008336,7687.36,CARD,2162,1358,13,2,0.046,0.864,0,1
TXN-008337,50508.14,NETBANKING,2033,696,4,4,0.931,0.706,0,0
TXN-008338,95686.16,UPI,1257,1263,1,0,0.403,0.892,0,1
TXN-008339,81526.17,WALLET,20,264,5,1,0.862,0.711,1,1
TXN-008340,8798.71,NETBANKING,1048,1420,27,4,0.353,0.705,0,0
TXN-008341,111542.73,WALLET,1896,1266,21,2,0.16,0.011,1,0
TXN-008342,135084.83,WALLET,1924,715,29,0,0.232,0.643,0,0
TXN-008343,22880.5,WALLET,682,1159,26,0,0.712,0.299,0,0
TXN-008344,76146.25,UPI,1182,816,24,5,0.775,0.956,0,0
TXN-008345,132503.43,WALLET,1742,1281,28,5,0.317,0.047,0,1
TXN-008346,98558.49,WALLET,109,686,16,5,0.11,0.779,0,0
TXN-008347,97686.39,CARD,959,653,30,3,0.92,0.164,0,1
TXN-008348,27898.93,UPI,1555,1082,10,2,0.349,0.975,0,1
TXN-008349,115843.03,CARD,815,351,1,2,0.49,0.803,0,1
TXN-008350,104805.45,NETBANKING,166,356,24,0,0.875,0.112,0,1
TXN-008351,17375.92,UPI,237,202,14,2,0.651,0.042,0,0
TXN-008352,16843.99,CARD,1823,286,29,3,0.353,0.821,0,1
TXN-008353,37548.68,CARD,2005,883,16,1,0.206,0.63,0,0
TXN-008354,122844.9,NETBANKING,2216,696,25,0,0.683,0.089,0,0
TXN-008355,111026.87,WALLET,529,237,14,2,0.61,0.767,0,1
TXN-008356,78468.31,CARD,768,665,6,2,0.304,0.888,0,0
TXN-008357,74976.96,CARD,1749,1133,5,0,0.35,0.691,0,0
TXN-008358,98279.13,CARD,44,156,6,2,0.5,0.307,0,0
TXN-008359,138737.55,NETBANKING,1175,619,30,1,0.854,0.377,1,1
TXN-008360,81848.45,UPI,1285,318,8,2,0.564,0.83,0,0
TXN-008361,61892.78,NETBANKING,405,1183,22,0,0.889,0.187,0,0
TXN-008362,32150.74,WALLET,1074,1088,12,4,0.05,0.524,0,0
TXN-008363,22198.57,CARD,784,836,19,1,0.563,0.835,0,0
TXN-008364,26924.84,UPI,2293,89,20,0,0.137,0.456,0,1
TXN-008365,49526.11,WALLET,952,433,17,0,0.42,0.332,0,0
TXN-008366,2828.2,NETBANKING,832,604,7,2,0.244,0.398,0,0
TXN-008367,72625.67,NETBANKING,993,564,24,2,0.335,0.786,0,1
TXN-008368,38279.91,CARD,1970,171,3,0,0.66,0.788,0,0
TXN-008369,147698.08,UPI,1077,136,22,4,0.41,0.428,0,0
TXN-008370,126431.79,NETBANKING,2130,1121,2,5,0.024,0.118,0,0
TXN-008371,91841.07,UPI,1401,447,6,0,0.881,0.712,1,1
TXN-008372,62440.21,NETBANKING,2,1420,23,1,0.958,0.952,0,0
TXN-008373,88908.95,NETBANKING,2333,563,26,2,0.131,0.881,0,1
TXN-008374,36093.98,WALLET,46,215,22,0,0.375,0.55,0,0
TXN-008375,30176.12,NETBANKING,2122,1371,16,2,0.415,0.867,0,1
TXN-008376,31284.28,CARD,1317,1445,1,1,0.144,0.857,0,0
TXN-008377,136108.66,UPI,2048,1289,22,5,0.739,0.707,0,1
TXN-008378,12255.67,UPI,1212,161,17,3,0.208,0.296,0,0
TXN-008379,46104.41,WALLET,1289,1189,15,4,0.519,0.784,0,0
TXN-008380,5250.49,WALLET,401,1379,29,0,0.075,0.256,0,0
TXN-008381,83897.08,CARD,1845,298,28,3,0.06,0.656,0,1
TXN-008382,29558.67,UPI,1856,1055,20,0,0.181,0.404,0,0
TXN-008383,124325.75,WALLET,910,892,19,4,0.427,0.122,0,0
TXN-008384,2673.01,WALLET,1092,682,7,4,0.715,0.243,0,0
TXN-008385,128708.33,UPI,631,1043,5,1,0.077,0.942,0,1
TXN-008386,142619.95,UPI,320,1128,3,4,0.073,0.016,0,1
TXN-008387,149310.87,NETBANKING,1017,1137,3,1,0.684,0.009,0,0
TXN-008388,85544.63,NETBANKING,1345,1266,8,5,0.397,0.659,0,0
TXN-008389,48488.77,CARD,277,1086,22,0,0.547,0.884,1,1
TXN-008390,39882.46,WALLET,967,611,18,3,0.063,0.222,1,0
TXN-008391,5328.5,UPI,2181,1440,4,0,0.975,0.584,0,0
TXN-008392,149638.88,WALLET,1698,180,20,5,0.703,0.541,1,1
TXN-008393,130254.03,CARD,1977,547,7,2,0.078,0.526,0,0
TXN-008394,32788.87,NETBANKING,79,529,17,0,0.88,0.781,0,1
TXN-008395,102578.98,CARD,337,1125,12,4,0.169,0.28,0,1
TXN-008396,136996.64,WALLET,538,655,25,3,0.444,0.018,0,1
TXN-008397,107162.31,UPI,2407,84,18,0,0.387,0.632,0,0
TXN-008398,127460.25,WALLET,1798,333,13,1,0.343,0.766,0,1
TXN-008399,137605.36,WALLET,2055,333,30,2,0.513,0.814,1,0
TXN-008400,48537.37,NETBANKING,931,1465,27,3,0.172,0.773,0,0
TXN-008401,143727.51,WALLET,2487,707,5,4,0.006,0.951,0,1
TXN-008402,78607.46,NETBANKING,2171,646,18,5,0.689,0.165,0,1
TXN-008403,21556.34,NETBANKING,1467,1210,3,3,0.331,0.309,0,0
TXN-008404,8738.4,WALLET,939,1038,20,1,0.632,0.095,0,0
TXN-008405,13904.77,UPI,451,1148,26,0,0.812,0.234,1,1
TXN-008406,21424.38,WALLET,794,697,16,1,0.66,0.272,0,1
TXN-008407,128367.39,UPI,731,183,15,3,0.176,0.457,0,1
TXN-008408,98420.21,CARD,1942,891,21,2,0.248,0.066,0,1
TXN-008409,34831.01,WALLET,1336,246,19,4,0.699,0.702,1,1
TXN-008410,133344.39,NETBANKING,2449,711,20,1,0.527,0.498,0,0
TXN-008411,117582.41,WALLET,431,1246,28,3,0.906,0.926,0,1
TXN-008412,66933.15,WALLET,1409,543,26,5,0.118,0.516,0,1
TXN-008413,66451.21,NETBANKING,2348,516,20,3,0.744,0.093,0,0
TXN-008414,115746.99,UPI,733,1434,30,3,0.43,0.811,0,1
TXN-008415,7639.62,NETBANKING,1998,463,24,0,0.295,0.148,0,0
TXN-008416,99404.31,WALLET,1285,992,10,3,0.847,0.83,0,0
TXN-008417,45091.34,UPI,2474,1096,13,3,0.392,0.285,0,1
TXN-008418,29561.32,UPI,1256,550,24,1,0.072,0.159,0,0
TXN-008419,94621.56,WALLET,1939,590,27,2,0.21,0.699,1,1
TXN-008420,78405.77,CARD,1212,27,14,4,0.341,0.974,1,0
TXN-008421,145272.32,UPI,829,685,30,1,0.809,0.254,0,1
TXN-008422,134884.65,CARD,275,1385,16,3,0.058,0.331,0,0
TXN-008423,123248.39,WALLET,1849,1214,4,0,0.598,0.934,0,0
TXN-008424,59223.5,NETBANKING,2080,1490,6,5,0.364,0.472,0,1
TXN-008425,54913.04,CARD,1463,392,24,2,0.417,0.334,0,0
TXN-008426,47209.82,CARD,1688,222,8,3,0.755,0.316,0,1
TXN-008427,125100.54,UPI,608,732,26,1,0.713,0.534,1,0
TXN-008428,121361.64,CARD,789,235,4,2,0.815,0.792,1,1
TXN-008429,21394.84,UPI,2030,980,2,4,0.797,0.601,0,0
TXN-008430,48464.78,WALLET,119,1275,17,2,0.747,0.637,0,0
TXN-008431,141658.58,CARD,215,404,18,3,0.062,0.423,0,1
TXN-008432,17666.53,UPI,2162,557,2,3,0.388,0.495,1,1
TXN-008433,137329.68,WALLET,2242,363,10,1,0.194,0.968,0,1
TXN-008434,63845.6,CARD,256,358,12,4,0.813,0.916,0,0
TXN-008435,8560.26,CARD,2122,1292,8,2,0.726,0.965,0,0
TXN-008436,138498.27,NETBANKING,932,1076,30,3,0.404,0.569,1,1
TXN-008437,45497.3,CARD,946,181,23,1,0.313,0.489,0,1
TXN-008438,3575.44,WALLET,920,1394,16,3,0.169,0.284,0,0
TXN-008439,107746.02,UPI,604,644,1,3,0.782,0.785,0,1
TXN-008440,147619.26,CARD,1336,10,26,1,0.768,0.432,0,0
TXN-008441,117225.75,WALLET,2167,216,9,3,0.597,0.774,0,1
TXN-008442,85204.8,CARD,2260,814,10,4,0.546,0.795,1,1
TXN-008443,116347.89,CARD,2075,133,28,1,0.567,0.376,0,0
TXN-008444,5242.0,CARD,1120,1210,4,1,0.896,0.409,0,0
TXN-008445,99256.81,UPI,1779,872,10,0,0.081,0.267,1,0
TXN-008446,104993.47,UPI,897,49,22,1,0.936,0.484,1,0
TXN-008447,24224.82,UPI,1746,1329,22,3,0.704,0.087,0,0
TXN-008448,9330.74,CARD,383,272,17,3,0.767,0.802,0,1
TXN-008449,139225.53,NETBANKING,680,709,6,5,0.512,0.869,1,1
TXN-008450,125801.93,CARD,685,146,16,0,0.67,0.96,0,0
TXN-008451,69167.0,UPI,1094,989,27,4,0.643,0.592,0,0
TXN-008452,40134.86,WALLET,2323,926,2,2,0.739,0.236,0,0
TXN-008453,89610.99,UPI,1698,1058,30,5,0.386,0.106,0,0
TXN-008454,56998.26,CARD,555,345,3,2,0.764,0.903,0,0
TXN-008455,86375.29,CARD,1676,813,12,1,0.201,0.392,0,0
TXN-008456,92947.87,NETBANKING,1165,526,16,5,0.332,0.958,1,0
TXN-008457,127749.25,NETBANKING,645,960,22,3,0.868,0.125,1,1
TXN-008458,11770.27,WALLET,1994,83,1,0,0.807,0.273,0,0
TXN-008459,140840.97,UPI,917,757,13,3,0.738,0.116,0,1
TXN-008460,8442.76,WALLET,868,637,6,1,0.694,0.359,0,0
TXN-008461,17329.1,UPI,1824,505,4,2,0.904,0.052,0,1
TXN-008462,60155.39,UPI,2268,444,14,4,0.119,0.25,1,0
TXN-008463,100467.89,WALLET,880,1150,18,5,0.489,0.154,0,0
TXN-008464,44828.04,CARD,635,527,1,2,0.036,0.78,1,1
TXN-008465,118645.25,UPI,2222,147,21,4,0.079,0.983,1,1
TXN-008466,96363.16,CARD,1151,1285,26,0,0.899,0.255,0,0
TXN-008467,131852.83,NETBANKING,2293,1096,11,0,0.851,0.107,0,0
TXN-008468,112643.47,CARD,832,551,2,3,0.506,0.264,0,0
TXN-008469,142143.6,CARD,705,1007,11,4,0.188,0.932,1,1
TXN-008470,102205.91,NETBANKING,1406,1266,29,3,0.539,0.447,1,1
TXN-008471,134326.41,WALLET,1748,616,6,4,0.969,0.663,0,0
TXN-008472,42169.62,UPI,1817,718,7,5,0.954,0.744,0,0
TXN-008473,33010.14,CARD,489,16,5,3,0.228,0.335,0,0
TXN-008474,104031.43,UPI,613,601,16,2,0.409,0.846,0,0
TXN-008475,72604.78,CARD,280,539,16,2,0.756,0.85,0,1
TXN-008476,111270.3,CARD,841,564,22,3,0.764,0.564,0,0
TXN-008477,99918.98,WALLET,1329,579,7,0,0.448,0.947,0,0
TXN-008478,72819.89,WALLET,70,1395,13,4,0.429,0.896,0,0
TXN-008479,57351.26,UPI,2189,351,11,1,0.647,0.793,0,0
TXN-008480,33188.26,WALLET,1823,1416,30,0,0.269,0.265,1,1
TXN-008481,24724.5,UPI,1786,891,23,3,0.02,0.875,0,1
TXN-008482,56505.03,WALLET,657,955,17,4,0.845,0.71,0,1
TXN-008483,766.97,CARD,426,396,28,3,0.367,0.689,1,1
TXN-008484,58159.14,WALLET,1442,1106,8,0,0.205,0.683,0,0
TXN-008485,76607.68,NETBANKING,625,1184,14,2,0.525,0.616,0,0
TXN-008486,131240.37,UPI,839,1207,12,2,0.272,0.287,0,0
TXN-008487,100999.77,WALLET,757,665,12,5,0.553,0.788,1,0
TXN-008488,74369.33,WALLET,2447,995,16,5,0.149,0.547,0,1
TXN-008489,54657.29,UPI,8,1382,7,2,0.982,0.357,0,1
TXN-008490,75305.1,UPI,108,1161,14,1,0.085,0.041,0,0
TXN-008491,109391.23,WALLET,1598,711,20,1,0.975,0.218,0,1
TXN-008492,134788.68,UPI,46,818,4,5,0.597,0.501,0,1
TXN-008493,90402.07,NETBANKING,1138,252,27,4,0.618,0.239,1,1
TXN-008494,149911.71,WALLET,344,714,21,2,0.701,0.319,0,0
TXN-008495,130341.69,NETBANKING,2287,1188,12,4,0.523,0.727,0,0
TXN-008496,91339.04,UPI,517,241,8,4,0.423,0.396,0,0
TXN-008497,108727.92,CARD,2314,628,24,4,0.5,0.321,0,1
TXN-008498,101314.76,UPI,1150,324,10,0,0.523,0.175,0,1
TXN-008499,79396.27,WALLET,1275,610,8,1,0.639,0.202,1,1
TXN-008500,4912.25,CARD,2456,1486,26,0,0.861,0.226,0,1
TXN-008501,96809.67,NETBANKING,217,800,8,1,0.113,0.466,0,1
TXN-008502,7500.27,UPI,1663,596,30,3,0.075,0.617,0,0
TXN-008503,53401.3,UPI,2127,1275,14,3,0.251,0.243,1,1
TXN-008504,23409.32,CARD,1755,263,4,4,0.009,0.942,0,0
TXN-008505,40374.49,NETBANKING,1039,247,21,1,0.435,0.162,0,0
TXN-008506,93934.89,WALLET,840,552,11,4,0.39,0.163,0,0
TXN-008507,127751.01,CARD,1363,257,23,5,0.821,0.457,0,0
TXN-008508,128841.38,WALLET,1744,811,14,0,0.927,0.769,1,0
TXN-008509,131456.33,NETBANKING,2348,340,21,5,0.318,0.284,0,1
TXN-008510,64711.76,CARD,1219,1206,8,1,0.48,0.553,1,1
TXN-008511,1065.26,UPI,1295,1276,9,4,0.833,0.95,0,0
TXN-008512,89592.46,UPI,2267,940,21,0,0.959,0.09,1,1
TXN-008513,145234.73,NETBANKING,2099,112,5,0,0.52,0.047,0,0
TXN-008514,3568.06,CARD,2160,1063,22,5,0.196,0.518,0,1
TXN-008515,13503.15,UPI,1049,501,20,1,0.751,0.777,1,0
TXN-008516,76681.59,WALLET,1925,684,27,0,0.298,0.421,0,0
TXN-008517,74101.54,CARD,193,957,22,4,0.048,0.762,1,1
TXN-008518,110703.72,UPI,2370,1254,29,4,1.0,0.743,1,1
TXN-008519,68753.4,WALLET,1598,1279,7,0,0.288,0.996,0,1
TXN-008520,54434.01,CARD,1995,1128,28,2,0.601,0.842,0,1
TXN-008521,56311.05,NETBANKING,572,737,3,4,0.513,0.649,1,0
TXN-008522,52577.65,UPI,2014,965,17,4,0.262,0.58,0,0
TXN-008523,113075.95,UPI,2182,164,10,4,0.732,0.772,1,1
TXN-008524,6765.11,CARD,1739,724,5,4,0.871,0.572,0,0
TXN-008525,67318.96,UPI,1834,906,16,4,0.11,0.532,1,1
TXN-008526,55779.13,NETBANKING,1106,206,1,0,0.202,0.413,1,0
TXN-008527,11633.34,CARD,2349,361,7,4,0.899,0.402,0,0
TXN-008528,94733.72,CARD,604,1240,9,1,0.637,0.153,0,0
TXN-008529,49677.93,CARD,2236,627,12,1,0.963,0.449,1,1
TXN-008530,69686.98,NETBANKING,1827,221,18,4,0.845,0.91,1,1
TXN-008531,122864.4,CARD,420,1250,12,0,0.158,0.977,0,0
TXN-008532,137096.18,WALLET,2218,1346,20,3,0.042,0.445,0,0
TXN-008533,8987.84,UPI,1557,223,9,1,0.317,0.769,0,0
TXN-008534,3846.48,CARD,966,374,21,0,0.109,0.881,0,0
TXN-008535,132907.39,NETBANKING,2092,860,21,0,0.636,0.297,0,1
TXN-008536,120098.15,NETBANKING,1984,1032,17,2,0.938,0.282,0,1
TXN-008537,51660.81,WALLET,2167,1320,21,2,0.499,0.479,0,0
TXN-008538,121233.81,CARD,1243,547,16,3,0.563,0.447,0,0
TXN-008539,12481.79,WALLET,1415,919,29,2,0.249,0.947,0,1
TXN-008540,124605.71,WALLET,1109,1375,16,0,0.213,0.254,0,0
TXN-008541,126478.79,UPI,2325,1354,5,4,0.917,0.169,0,1
TXN-008542,100110.92,UPI,1071,904,11,3,0.724,0.781,0,0
TXN-008543,126117.44,NETBANKING,510,1015,10,2,0.031,0.673,0,0
TXN-008544,114127.99,CARD,295,1126,12,3,0.903,0.694,1,1
TXN-008545,13086.14,NETBANKING,1034,916,18,2,0.872,0.547,0,0
TXN-008546,91908.62,WALLET,641,171,24,5,0.948,0.514,0,1
TXN-008547,115256.19,NETBANKING,686,91,17,5,0.976,0.298,1,1
TXN-008548,120230.24,NETBANKING,445,1241,1,2,0.491,0.123,0,1
TXN-008549,78305.7,WALLET,719,776,6,1,0.616,0.18,0,1
TXN-008550,121361.64,UPI,342,948,9,4,0.667,0.462,0,1
TXN-008551,19323.13,NETBANKING,484,1065,19,2,0.018,0.876,0,0
TXN-008552,103816.76,WALLET,827,1223,16,5,0.561,0.381,0,1
TXN-008553,140817.2,NETBANKING,570,743,5,5,0.46,0.293,0,0
TXN-008554,42178.92,WALLET,1348,925,3,5,0.457,0.865,0,0
TXN-008555,101630.04,NETBANKING,1858,1096,21,3,0.178,0.676,0,1
TXN-008556,121546.58,UPI,727,36,20,1,0.506,0.579,0,1
TXN-008557,105400.98,CARD,699,683,17,3,0.906,0.907,0,1
TXN-008558,20720.92,UPI,577,1298,9,2,0.802,0.848,0,0
TXN-008559,115991.08,WALLET,1563,1270,21,5,0.268,0.568,1,0
TXN-008560,4502.98,NETBANKING,364,442,19,4,0.836,0.69,0,0
TXN-008561,19515.42,WALLET,1088,432,24,2,0.484,0.918,1,1
TXN-008562,135118.64,WALLET,489,1498,8,4,0.391,0.912,0,1
TXN-008563,64262.68,CARD,530,1466,27,2,0.073,0.916,0,0
TXN-008564,29783.93,WALLET,2266,1463,1,2,0.436,0.008,0,1
TXN-008565,102817.61,NETBANKING,1716,381,14,4,0.99,0.206,1,0
TXN-008566,37034.94,CARD,1254,857,24,3,0.98,0.837,0,0
TXN-008567,86386.94,UPI,11,1363,29,4,0.305,0.646,1,1
TXN-008568,17734.07,WALLET,2435,1130,29,0,0.21,0.131,0,0
TXN-008569,54240.68,CARD,679,1195,19,0,0.188,0.334,0,1
TXN-008570,33445.76,UPI,1411,146,29,2,0.953,0.593,0,1
TXN-008571,117452.56,CARD,1197,127,27,2,0.854,0.409,0,1
TXN-008572,128985.36,CARD,2106,357,23,4,0.178,0.169,0,1
TXN-008573,58785.24,UPI,1464,325,21,3,0.098,0.444,0,1
TXN-008574,145192.82,CARD,158,394,11,3,0.69,0.062,0,0
TXN-008575,91870.31,NETBANKING,1426,101,2,2,0.937,0.987,1,0
TXN-008576,61368.46,NETBANKING,1838,1082,20,3,0.407,0.64,1,1
TXN-008577,84166.37,UPI,2312,289,18,0,0.003,0.45,0,0
TXN-008578,98734.75,CARD,474,716,13,2,0.512,0.379,0,1
TXN-008579,63714.31,NETBANKING,1938,217,30,2,0.658,0.722,0,1
TXN-008580,101315.36,WALLET,1772,370,30,3,0.005,0.922,0,0
TXN-008581,144642.11,NETBANKING,509,940,1,5,0.873,0.482,0,1
TXN-008582,129558.98,NETBANKING,2286,11,10,3,0.83,0.319,0,0
TXN-008583,47760.58,CARD,1554,1425,14,3,0.396,0.696,0,0
TXN-008584,118010.8,UPI,212,939,27,4,0.561,0.279,0,1
TXN-008585,100349.21,CARD,2141,1132,23,0,0.758,0.693,0,0
TXN-008586,88925.72,WALLET,841,1378,26,5,0.563,0.806,0,1
TXN-008587,23673.89,UPI,2022,1356,17,2,0.851,0.341,0,0
TXN-008588,14294.12,WALLET,1488,1167,14,1,0.946,0.085,0,0
TXN-008589,30194.37,WALLET,759,218,21,4,0.928,0.38,0,0
TXN-008590,140321.79,CARD,600,958,23,1,0.441,0.635,0,0
TXN-008591,22079.02,NETBANKING,1348,588,15,4,0.064,0.966,1,0
TXN-008592,52521.18,UPI,2202,807,6,0,0.449,0.434,0,0
TXN-008593,66931.24,UPI,214,193,26,4,0.788,0.858,0,1
TXN-008594,121676.54,WALLET,2298,813,6,0,0.506,0.84,0,0
TXN-008595,61393.64,WALLET,154,351,1,4,0.719,0.125,1,0
TXN-008596,106176.41,UPI,1051,561,1,5,0.776,0.844,1,1
TXN-008597,114598.69,UPI,1776,240,29,4,0.375,0.378,1,1
TXN-008598,46266.96,WALLET,2106,1056,26,0,0.799,0.801,1,1
TXN-008599,143957.62,CARD,1592,658,5,5,0.982,0.446,0,1
TXN-008600,101004.5,CARD,2336,543,10,5,0.85,0.53,0,1
TXN-008601,31844.13,UPI,1291,934,3,3,0.616,0.524,0,0
TXN-008602,30687.94,NETBANKING,1649,410,10,1,0.064,0.179,1,0
TXN-008603,131397.8,UPI,539,1209,18,1,0.331,0.775,0,0
TXN-008604,68342.97,CARD,1823,1269,13,3,0.779,0.275,0,1
TXN-008605,76061.62,NETBANKING,1113,1267,6,0,0.661,0.629,0,0
TXN-008606,104179.52,UPI,2184,1256,28,0,0.339,0.208,0,0
TXN-008607,91578.47,WALLET,1470,313,18,2,0.31,0.288,0,1
TXN-008608,125087.13,WALLET,1919,893,18,4,0.47,0.589,1,1
TXN-008609,109025.17,NETBANKING,2291,236,19,2,0.871,0.019,0,1
TXN-008610,85343.85,WALLET,2444,425,22,2,0.268,0.587,1,1
TXN-008611,6386.05,CARD,1747,663,19,2,0.316,0.234,0,0
TXN-008612,38985.17,CARD,1837,1433,15,0,0.995,0.952,0,1
TXN-008613,6983.3,WALLET,575,801,5,5,0.124,0.504,0,0
TXN-008614,111393.56,NETBANKING,1264,1146,30,3,0.872,0.695,1,1
TXN-008615,58631.23,CARD,577,676,24,3,0.182,0.049,0,0
TXN-008616,52805.45,CARD,519,1082,2,1,0.586,0.794,1,1
TXN-008617,96852.57,NETBANKING,590,511,10,4,0.82,0.443,0,1
TXN-008618,87204.84,WALLET,1979,1105,16,5,0.796,0.177,1,1
TXN-008619,145288.4,NETBANKING,59,736,23,1,0.519,0.237,0,0
TXN-008620,36676.26,NETBANKING,615,564,14,2,0.752,0.159,0,0
TXN-008621,84144.35,NETBANKING,1020,1499,8,0,0.651,0.789,0,0
TXN-008622,118470.35,CARD,1741,1310,6,2,0.788,0.565,0,1
TXN-008623,125384.89,NETBANKING,761,182,10,4,0.35,0.696,1,1
TXN-008624,59024.12,WALLET,100,355,25,2,0.282,0.851,0,0
TXN-008625,43370.51,CARD,198,651,24,2,0.526,0.005,0,1
TXN-008626,142546.31,WALLET,2273,1068,28,3,0.559,0.297,0,1
TXN-008627,83707.13,CARD,2281,801,24,0,0.991,0.475,1,0
TXN-008628,85061.56,WALLET,1887,752,11,2,0.141,0.69,0,0
TXN-008629,112349.45,UPI,2181,187,15,1,0.496,0.367,0,1
TXN-008630,84499.34,NETBANKING,707,704,19,3,0.183,0.229,0,1
TXN-008631,103234.16,UPI,741,223,8,4,0.318,0.929,0,1
TXN-008632,66357.73,WALLET,1766,362,28,5,0.649,0.045,0,1
TXN-008633,137127.72,CARD,993,1089,20,4,0.234,0.642,0,1
TXN-008634,123873.59,WALLET,1145,7,5,5,0.488,0.778,0,1
TXN-008635,111528.93,UPI,2460,290,6,3,0.337,0.362,1,0
TXN-008636,97173.39,NETBANKING,613,448,2,2,0.353,0.655,0,1
TXN-008637,60807.98,WALLET,856,983,4,0,0.58,0.585,1,1
TXN-008638,13570.78,NETBANKING,2403,748,13,4,0.537,0.805,1,1
TXN-008639,116942.49,UPI,2421,922,27,2,0.872,0.428,0,0
TXN-008640,116125.7,UPI,1852,1408,5,1,0.812,0.655,0,1
TXN-008641,1007.26,UPI,502,481,28,0,0.495,0.522,0,0
TXN-008642,34730.38,CARD,305,461,23,2,0.449,0.153,1,1
TXN-008643,21874.39,WALLET,464,986,28,0,0.512,0.389,0,1
TXN-008644,79899.82,UPI,1495,1442,8,1,0.032,0.102,0,0
TXN-008645,101152.02,NETBANKING,2107,401,28,0,0.898,0.024,0,1
TXN-008646,122511.8,UPI,1691,1211,10,0,0.252,0.974,0,1
TXN-008647,108401.31,CARD,27,424,4,0,0.551,0.009,1,0
TXN-008648,16939.6,WALLET,1582,888,11,5,0.641,0.842,0,0
TXN-008649,37883.49,NETBANKING,1379,403,17,0,0.682,0.616,0,0
TXN-008650,76126.78,WALLET,1293,1125,12,0,0.893,0.884,1,0
TXN-008651,73495.04,NETBANKING,1454,1075,27,0,0.282,0.006,0,0
TXN-008652,141382.45,NETBANKING,1430,1247,27,4,0.569,0.875,0,0
TXN-008653,60283.98,WALLET,703,1368,4,3,0.798,0.476,0,1
TXN-008654,67008.83,WALLET,24,676,17,3,0.553,0.615,0,1
TXN-008655,90942.49,CARD,2475,800,9,0,0.919,0.126,1,0
TXN-008656,55492.63,UPI,1653,553,27,2,0.597,0.807,1,1
TXN-008657,142978.38,WALLET,470,1283,17,3,0.596,0.529,0,0
TXN-008658,17027.08,WALLET,81,1166,12,4,0.388,0.061,0,0
TXN-008659,75709.16,NETBANKING,1871,1185,21,5,0.104,0.184,0,0
TXN-008660,32693.17,UPI,2396,237,12,4,0.691,0.27,0,0
TXN-008661,136121.76,UPI,1053,205,24,0,0.965,0.853,1,1
TXN-008662,118780.86,CARD,2407,405,22,3,0.934,0.32,0,1
TXN-008663,2734.59,CARD,1018,901,7,1,0.383,0.556,0,0
TXN-008664,140090.26,CARD,2196,1140,12,3,0.773,0.689,0,1
TXN-008665,44553.48,WALLET,566,122,5,5,0.986,0.38,0,0
TXN-008666,1905.79,NETBANKING,2255,1355,20,0,0.407,0.849,1,1
TXN-008667,62415.07,UPI,338,888,30,5,0.196,0.749,0,0
TXN-008668,36880.33,CARD,198,1349,23,5,0.507,0.509,0,0
TXN-008669,103911.25,NETBANKING,766,717,23,5,0.122,0.588,0,1
TXN-008670,62640.2,NETBANKING,1725,1255,10,5,0.369,0.493,0,0
TXN-008671,15966.89,WALLET,895,810,12,0,0.835,0.864,1,0
TXN-008672,136498.09,NETBANKING,1380,1196,6,0,0.154,0.715,0,1
TXN-008673,83591.74,UPI,709,575,14,1,0.198,0.884,0,1
TXN-008674,94452.06,CARD,1325,476,21,4,0.256,0.106,0,0
TXN-008675,69242.19,NETBANKING,1480,1068,16,2,0.55,0.65,1,1
TXN-008676,40744.06,CARD,391,227,14,2,0.448,0.593,0,0
TXN-008677,108227.69,UPI,2003,582,23,1,0.91,0.578,1,1
TXN-008678,70120.9,UPI,1226,487,24,1,0.097,0.743,1,1
TXN-008679,60979.87,UPI,1351,1236,8,1,0.767,0.378,1,1
TXN-008680,100581.93,UPI,1681,16,14,2,0.083,0.872,1,1
TXN-008681,36999.48,WALLET,1754,490,26,0,0.959,0.568,0,0
TXN-008682,139354.92,CARD,353,1427,14,0,0.508,0.466,0,1
TXN-008683,78482.49,WALLET,2265,873,7,4,0.339,0.535,0,0
TXN-008684,114833.28,WALLET,1853,1190,12,0,0.217,0.932,1,0
TXN-008685,32838.54,CARD,1306,684,16,2,0.609,0.48,0,0
TXN-008686,90174.9,UPI,1254,376,6,0,0.16,0.281,0,0
TXN-008687,33170.67,WALLET,139,1449,29,1,0.95,0.269,0,0
TXN-008688,146277.97,WALLET,2349,1103,16,4,0.325,0.929,0,1
TXN-008689,65238.57,UPI,1042,1177,3,3,0.586,0.557,0,0
TXN-008690,97190.51,NETBANKING,412,7,3,5,0.102,0.993,0,1
TXN-008691,27781.92,NETBANKING,80,645,27,0,0.485,0.333,1,1
TXN-008692,15269.52,WALLET,1501,1186,12,1,0.919,0.282,0,0
TXN-008693,91216.53,NETBANKING,2475,210,29,3,0.837,0.408,0,0
TXN-008694,5752.34,WALLET,534,64,7,1,0.704,0.153,1,0
TXN-008695,67012.86,CARD,2179,322,17,2,0.654,0.486,0,1
TXN-008696,79707.94,NETBANKING,209,1308,10,4,0.394,0.053,1,0
TXN-008697,105678.46,UPI,2491,596,5,5,0.108,0.692,0,0
TXN-008698,139898.06,WALLET,2469,902,16,0,0.919,0.329,0,0
TXN-008699,4270.83,UPI,1867,1020,18,5,0.61,0.281,0,0
TXN-008700,13182.33,WALLET,150,450,2,1,0.391,0.718,0,0
TXN-008701,36802.14,UPI,438,681,18,2,0.203,0.71,0,0
TXN-008702,36677.86,WALLET,1169,370,5,3,0.272,0.584,1,0
TXN-008703,45193.16,UPI,1189,467,19,4,0.871,0.019,0,0
TXN-008704,83967.59,UPI,1853,626,9,4,0.5,0.112,0,0
TXN-008705,67491.48,WALLET,708,1133,25,5,0.981,0.758,0,1
TXN-008706,109211.85,UPI,1253,728,6,4,0.885,0.855,1,1
TXN-008707,144970.62,UPI,248,552,21,0,0.408,0.858,1,0
TXN-008708,98078.05,NETBANKING,1808,657,19,2,0.087,0.394,0,1
TXN-008709,124930.65,CARD,1337,558,21,2,0.025,0.815,0,1
TXN-008710,148806.74,CARD,1461,1142,25,4,0.88,0.47,0,0
TXN-008711,74162.42,CARD,299,16,14,4,0.903,0.529,0,1
TXN-008712,36771.17,WALLET,2273,432,21,2,0.085,0.853,0,0
TXN-008713,36455.83,NETBANKING,1954,435,1,3,0.103,0.058,0,0
TXN-008714,133492.16,WALLET,1406,922,22,1,0.561,0.233,0,1
TXN-008715,67417.28,CARD,38,724,2,2,0.723,0.902,0,1
TXN-008716,58005.18,WALLET,590,903,4,1,0.064,0.701,0,0
TXN-008717,109554.2,WALLET,1411,503,15,1,0.991,0.226,1,1
TXN-008718,7715.61,WALLET,1484,370,8,1,0.35,0.803,0,1
TXN-008719,57065.19,NETBANKING,143,241,20,1,0.196,0.77,0,1
TXN-008720,64591.65,UPI,1332,452,6,3,0.421,0.991,0,1
TXN-008721,77457.41,UPI,1117,1333,5,1,0.483,0.053,1,0
TXN-008722,28646.99,CARD,2168,525,8,5,0.923,0.381,0,1
TXN-008723,76440.72,NETBANKING,1467,1011,30,3,0.659,0.32,0,0
TXN-008724,100296.37,UPI,253,158,4,0,0.537,0.572,0,1
TXN-008725,50398.6,CARD,179,1096,5,0,0.012,0.576,0,0
TXN-008726,74132.07,UPI,2296,1024,10,2,0.407,0.275,0,1
TXN-008727,144592.24,CARD,250,76,19,1,0.754,0.419,0,0
TXN-008728,15728.4,UPI,633,316,5,3,0.78,0.666,0,0
TXN-008729,147280.17,CARD,1918,905,3,0,0.76,0.695,0,1
TXN-008730,106027.18,UPI,624,167,7,5,0.679,0.215,0,1
TXN-008731,133360.86,CARD,1172,885,5,1,0.409,0.251,0,0
TXN-008732,113589.68,UPI,1981,572,26,1,0.362,0.1,0,1
TXN-008733,30158.13,CARD,871,819,16,0,0.446,0.162,1,0
TXN-008734,114216.39,NETBANKING,1670,39,11,1,0.853,0.309,0,0
TXN-008735,44335.08,WALLET,446,37,2,1,0.445,0.737,1,0
TXN-008736,72287.58,WALLET,2233,246,4,3,0.281,0.05,0,0
TXN-008737,138082.32,WALLET,1554,681,7,5,0.395,0.654,0,1
TXN-008738,24738.12,WALLET,530,954,25,2,0.839,0.635,0,0
TXN-008739,92787.02,CARD,305,459,8,4,0.379,0.06,1,0
TXN-008740,73242.62,WALLET,565,326,6,1,0.327,0.301,0,0
TXN-008741,29401.75,CARD,1554,843,19,0,0.601,0.387,1,1
TXN-008742,29518.06,CARD,1180,189,11,5,0.621,0.259,0,0
TXN-008743,88209.43,NETBANKING,1853,219,29,5,0.848,0.497,0,0
TXN-008744,54450.61,WALLET,1255,1331,18,1,0.791,0.728,1,1
TXN-008745,48998.67,UPI,1555,602,2,1,0.215,0.722,0,0
TXN-008746,64199.86,NETBANKING,195,1091,12,5,0.9,0.34,0,1
TXN-008747,113181.24,NETBANKING,1864,284,21,5,0.159,0.1,0,0
TXN-008748,62974.28,NETBANKING,572,787,15,0,0.884,0.591,0,0
TXN-008749,58566.43,CARD,499,624,18,0,0.156,0.79,1,0
TXN-008750,63959.55,NETBANKING,74,1416,5,0,0.396,0.336,0,0
TXN-008751,120806.42,CARD,1031,1325,22,0,0.854,0.75,0,1
TXN-008752,22681.41,CARD,2429,797,8,4,0.326,0.43,0,0
TXN-008753,56709.12,NETBANKING,1694,1398,13,2,0.281,0.92,1,1
TXN-008754,96777.84,WALLET,202,970,18,1,0.673,0.939,0,1
TXN-008755,99440.61,WALLET,134,812,15,2,0.139,0.464,0,0
TXN-008756,97608.21,CARD,1827,1347,27,1,0.354,0.737,0,1
TXN-008757,97719.32,CARD,2105,971,12,2,0.993,0.652,1,1
TXN-008758,59357.12,NETBANKING,281,1064,5,5,0.563,0.664,0,1
TXN-008759,40778.11,CARD,2319,134,16,1,0.87,0.794,0,0
TXN-008760,101658.79,WALLET,2238,951,19,3,0.783,0.279,0,1
TXN-008761,19982.2,NETBANKING,841,303,3,2,0.973,0.834,0,0
TXN-008762,80607.76,CARD,1981,434,2,5,0.875,0.483,1,0
TXN-008763,140670.64,WALLET,862,578,18,2,0.785,0.938,0,1
TXN-008764,147535.54,UPI,231,1455,22,4,0.478,0.591,0,1
TXN-008765,119415.02,CARD,2015,118,23,4,0.374,0.191,0,1
TXN-008766,127241.44,UPI,1193,470,10,2,0.539,0.401,0,0
TXN-008767,120960.2,UPI,1669,311,8,0,0.183,0.281,0,1
TXN-008768,130191.37,UPI,526,1467,16,1,0.901,0.851,0,1
TXN-008769,27287.01,CARD,1281,649,10,4,0.223,0.317,0,0
TXN-008770,5709.25,UPI,393,1001,20,3,0.536,0.362,0,0
TXN-008771,110389.59,NETBANKING,1083,1277,21,0,0.14,0.816,1,1
TXN-008772,134247.22,UPI,448,696,30,3,0.237,0.267,0,1
TXN-008773,15503.7,CARD,2101,1214,6,5,0.014,0.303,0,1
TXN-008774,80403.93,CARD,373,184,29,0,0.123,0.85,1,1
TXN-008775,71864.47,NETBANKING,2003,980,29,5,0.962,0.998,0,1
TXN-008776,32326.96,NETBANKING,1720,748,15,1,0.839,0.588,0,1
TXN-008777,22569.33,NETBANKING,1401,379,25,4,0.39,0.582,0,0
TXN-008778,39422.18,CARD,1748,1201,28,5,0.479,0.474,0,0
TXN-008779,81931.13,CARD,841,1344,23,1,0.535,0.084,0,0
TXN-008780,9038.7,CARD,2105,1079,14,5,0.345,0.348,1,0
TXN-008781,126388.97,NETBANKING,1631,1447,13,5,0.344,0.148,1,0
TXN-008782,136165.87,CARD,1656,1150,18,3,0.062,0.047,0,1
TXN-008783,97620.93,CARD,2410,899,23,3,0.749,0.571,0,1
TXN-008784,77562.77,WALLET,806,267,15,3,0.337,0.271,0,1
TXN-008785,134025.05,CARD,1073,1126,9,0,0.208,0.801,1,1
TXN-008786,46678.52,NETBANKING,1977,1159,27,1,0.532,0.598,0,0
TXN-008787,111167.07,UPI,586,1356,3,0,0.714,0.317,1,1
TXN-008788,30968.08,CARD,2433,758,15,5,0.541,0.742,0,0
TXN-008789,90097.3,CARD,1308,806,29,1,0.06,0.529,0,1
TXN-008790,103614.93,UPI,104,927,9,0,0.174,0.652,0,0
TXN-008791,13518.46,CARD,302,285,17,0,0.446,0.627,1,0
TXN-008792,109378.18,WALLET,1044,783,25,1,0.98,0.406,1,1
TXN-008793,74812.0,CARD,2233,798,8,5,0.088,0.4,0,1
TXN-008794,54691.93,NETBANKING,1932,25,14,0,0.632,0.5,0,1
TXN-008795,16997.1,CARD,2423,1071,20,4,0.768,0.487,0,1
TXN-008796,106824.32,CARD,335,688,17,4,0.469,0.083,0,0
TXN-008797,34811.83,CARD,448,759,5,1,0.978,0.169,0,0
TXN-008798,22281.63,UPI,759,1399,16,5,0.312,0.595,1,0
TXN-008799,7914.43,UPI,397,191,5,4,0.269,0.054,0,1
TXN-008800,33431.28,NETBANKING,1611,1484,16,3,0.631,0.699,1,1
TXN-008801,59697.34,UPI,2180,321,29,3,0.828,0.511,0,1
TXN-008802,81453.63,UPI,2424,854,20,4,0.548,0.699,1,0
TXN-008803,97448.06,UPI,1982,8,21,0,0.117,0.93,1,0
TXN-008804,108327.49,WALLET,36,923,10,5,0.271,0.951,0,1
TXN-008805,76081.3,CARD,355,956,22,5,0.216,0.792,0,1
TXN-008806,1547.46,WALLET,1270,1314,30,5,0.669,0.16,0,1
TXN-008807,45765.48,CARD,2143,702,19,2,0.144,0.34,1,0
TXN-008808,43002.26,CARD,213,1311,30,4,0.011,0.153,0,1
TXN-008809,95598.32,UPI,769,1478,30,3,0.864,0.038,0,1
TXN-008810,37648.4,NETBANKING,1634,454,7,1,0.989,0.519,0,0
TXN-008811,32944.55,NETBANKING,34,895,20,5,0.588,0.488,1,1
TXN-008812,52340.43,CARD,1117,1219,5,2,0.565,0.504,0,0
TXN-008813,114038.76,UPI,1617,1174,14,2,0.436,0.025,0,1
TXN-008814,20609.73,CARD,1855,20,3,5,0.291,0.338,0,0
TXN-008815,114070.91,UPI,1807,999,11,3,0.939,0.515,0,0
TXN-008816,35714.48,NETBANKING,2051,927,13,3,0.159,0.613,1,1
TXN-008817,92045.15,WALLET,985,337,8,3,0.772,0.159,0,0
TXN-008818,31956.61,WALLET,250,246,21,5,0.211,0.669,0,0
TXN-008819,83080.75,WALLET,2160,104,29,1,0.249,0.718,0,1
TXN-008820,45938.08,NETBANKING,2188,823,9,4,0.078,0.953,0,0
TXN-008821,118667.11,CARD,227,990,26,0,0.723,0.876,0,1
TXN-008822,92953.09,NETBANKING,2106,970,6,2,0.297,0.769,0,0
TXN-008823,72427.94,CARD,46,434,27,0,0.807,0.37,0,0
TXN-008824,12656.7,NETBANKING,1759,1196,23,0,0.009,0.919,0,1
TXN-008825,142118.88,CARD,1647,424,4,2,0.186,0.22,1,1
TXN-008826,38736.5,NETBANKING,768,1176,30,2,0.105,0.973,0,1
TXN-008827,117004.35,CARD,1277,62,20,3,0.313,0.992,0,1
TXN-008828,61694.45,NETBANKING,1104,443,4,0,0.223,0.706,0,0
TXN-008829,66244.54,NETBANKING,256,1366,21,0,0.608,0.264,0,1
TXN-008830,5660.06,CARD,957,1450,1,5,0.006,0.887,0,0
TXN-008831,4589.52,NETBANKING,1801,1111,5,3,0.489,0.307,0,0
TXN-008832,128092.32,NETBANKING,1737,1377,11,1,0.725,0.481,0,0
TXN-008833,50817.98,UPI,2461,256,15,3,0.926,0.467,0,1
TXN-008834,24945.82,CARD,1878,1007,6,2,0.319,0.815,0,0
TXN-008835,52527.31,WALLET,1623,68,17,3,0.044,0.306,1,1
TXN-008836,11536.5,NETBANKING,361,602,25,4,0.426,0.546,0,0
TXN-008837,145273.76,NETBANKING,1297,783,3,4,0.606,0.977,0,1
TXN-008838,109312.39,UPI,1566,965,12,2,0.697,0.641,0,0
TXN-008839,79455.34,CARD,1490,775,7,3,0.618,0.473,0,0
TXN-008840,100159.87,UPI,396,1200,30,3,0.912,0.172,0,1
TXN-008841,144274.87,UPI,728,677,8,2,0.883,0.274,0,0
TXN-008842,165.98,WALLET,532,182,28,0,0.85,0.735,0,0
TXN-008843,133861.74,WALLET,1853,1176,25,5,0.353,0.098,0,0
TXN-008844,36066.77,UPI,2385,444,26,3,0.917,0.217,1,0
TXN-008845,140836.66,NETBANKING,1951,972,17,4,0.75,0.782,0,1
TXN-008846,65708.53,WALLET,1476,232,30,2,0.693,0.16,0,1
TXN-008847,86368.98,UPI,80,558,3,4,0.973,0.798,0,1
TXN-008848,21702.76,WALLET,1581,874,3,0,0.846,0.757,0,0
TXN-008849,41014.26,UPI,2069,1323,17,4,0.245,0.447,0,1
TXN-008850,11948.96,UPI,1663,105,1,1,0.006,0.988,0,1
TXN-008851,6674.15,UPI,720,571,11,2,0.353,0.579,0,0
TXN-008852,138093.38,CARD,665,1323,5,3,0.433,0.845,0,1
TXN-008853,95218.5,UPI,1454,856,19,5,0.295,0.724,0,1
TXN-008854,121108.12,NETBANKING,2015,243,9,5,0.21,0.073,0,1
TXN-008855,107108.67,UPI,1294,1042,6,5,0.547,0.221,0,1
TXN-008856,76060.13,NETBANKING,2247,796,20,3,0.821,0.257,0,1
TXN-008857,76927.04,UPI,320,941,24,2,0.332,0.437,1,1
TXN-008858,3538.44,NETBANKING,154,550,17,1,0.776,0.35,0,0
TXN-008859,113406.75,CARD,1408,627,3,1,0.772,0.923,0,1
TXN-008860,64275.23,WALLET,1948,1152,28,0,0.879,0.841,0,0
TXN-008861,103652.69,NETBANKING,1806,1122,28,2,0.442,0.867,0,1
TXN-008862,56427.11,NETBANKING,1093,1336,11,1,0.082,0.914,1,1
TXN-008863,19003.05,WALLET,730,1398,16,5,0.645,0.272,0,0
TXN-008864,99340.26,UPI,1283,1291,3,3,0.705,0.072,0,0
TXN-008865,97913.3,CARD,641,300,18,1,0.433,0.197,0,1
TXN-008866,101901.9,UPI,537,1119,16,5,0.951,0.687,0,1
TXN-008867,72583.32,NETBANKING,1597,318,19,2,0.151,0.73,0,0
TXN-008868,21830.91,WALLET,1057,1443,11,1,0.849,0.051,0,0
TXN-008869,3909.97,NETBANKING,2434,1054,24,0,0.446,0.653,0,0
TXN-008870,132938.55,CARD,1180,1479,1,1,0.427,0.196,0,0
TXN-008871,16756.79,WALLET,1468,1429,17,2,0.584,0.475,0,0
TXN-008872,10492.26,UPI,2391,431,4,4,0.604,0.226,1,1
TXN-008873,55839.17,CARD,384,467,8,2,0.517,0.419,0,1
TXN-008874,125867.75,NETBANKING,37,576,9,4,0.381,0.049,0,1
TXN-008875,30901.19,UPI,5,99,10,5,0.766,0.104,1,0
TXN-008876,58144.7,UPI,2009,397,7,0,0.183,0.419,0,0
TXN-008877,132719.04,UPI,1574,260,4,2,0.769,0.154,1,0
TXN-008878,97777.53,CARD,434,1015,27,0,0.657,0.321,0,1
TXN-008879,80723.78,NETBANKING,370,749,21,1,0.46,0.991,0,0
TXN-008880,121930.61,NETBANKING,1018,318,27,2,0.164,0.862,0,1
TXN-008881,48577.91,WALLET,710,615,27,4,0.178,0.768,1,0
TXN-008882,78276.08,WALLET,1344,342,17,4,0.673,0.789,1,1
TXN-008883,24487.5,WALLET,542,551,11,4,0.358,0.149,0,1
TXN-008884,131046.19,CARD,214,1125,8,5,0.555,0.899,0,1
TXN-008885,3144.77,WALLET,701,376,14,5,0.834,0.609,1,1
TXN-008886,111866.63,WALLET,1054,279,11,0,0.85,0.335,0,0
TXN-008887,55777.83,CARD,831,1136,9,0,0.579,0.435,0,0
TXN-008888,110847.96,UPI,1392,764,21,5,0.697,0.189,1,0
TXN-008889,85944.85,WALLET,1430,1365,8,4,0.293,0.99,0,0
TXN-008890,25784.41,WALLET,1766,131,4,5,0.202,0.719,0,0
TXN-008891,111322.42,WALLET,1499,1428,1,2,0.708,0.505,0,0
TXN-008892,130216.14,WALLET,665,1072,21,2,0.043,0.122,0,0
TXN-008893,58860.54,NETBANKING,1125,69,12,3,0.044,0.921,0,0
TXN-008894,31032.07,NETBANKING,1629,670,29,4,0.625,0.64,1,1
TXN-008895,122528.24,CARD,2101,32,12,5,0.222,0.42,0,1
TXN-008896,106596.67,CARD,106,973,1,5,0.226,0.554,0,0
TXN-008897,27878.9,NETBANKING,2121,1229,17,1,0.759,0.937,0,0
TXN-008898,49338.42,WALLET,205,1057,20,3,0.628,0.188,0,1
TXN-008899,73336.94,NETBANKING,1694,122,3,5,0.084,0.033,0,0
TXN-008900,106124.38,UPI,347,866,25,5,0.639,0.355,0,1
TXN-008901,59261.3,UPI,574,646,7,0,0.013,0.755,0,1
TXN-008902,97079.54,NETBANKING,1255,1269,19,5,0.068,0.57,0,1
TXN-008903,67739.26,NETBANKING,1469,41,7,2,0.273,0.611,0,0
TXN-008904,33607.17,UPI,1298,1065,24,5,0.094,0.325,0,0
TXN-008905,62180.03,NETBANKING,29,53,18,4,0.72,0.556,0,1
TXN-008906,148301.24,WALLET,2221,125,13,5,0.406,0.77,0,1
TXN-008907,29198.88,WALLET,1286,83,5,3,0.843,0.546,0,1
TXN-008908,126246.67,NETBANKING,2089,146,15,3,0.902,0.257,0,0
TXN-008909,110607.07,UPI,337,859,13,0,0.484,0.65,0,1
TXN-008910,120933.9,UPI,1182,403,4,2,0.874,0.001,1,1
TXN-008911,144146.17,UPI,184,315,21,0,0.764,0.644,0,0
TXN-008912,54691.24,WALLET,339,1125,8,0,0.231,0.51,0,0
TXN-008913,84059.33,CARD,653,1115,30,2,0.853,0.821,0,1
TXN-008914,99766.07,CARD,306,1392,7,1,0.796,0.974,0,1
TXN-008915,7856.3,CARD,526,707,19,5,0.097,0.225,0,1
TXN-008916,143015.65,CARD,452,39,12,2,0.542,0.885,1,1
TXN-008917,79864.14,UPI,179,466,2,5,0.685,0.149,0,1
TXN-008918,38426.23,UPI,2191,1307,9,2,0.769,0.708,0,0
TXN-008919,146790.54,NETBANKING,1471,560,24,0,0.333,0.63,0,0
TXN-008920,125053.37,NETBANKING,1296,295,13,2,0.392,0.024,0,1
TXN-008921,100324.54,NETBANKING,442,1255,4,5,0.435,0.98,1,1
TXN-008922,33088.78,WALLET,1377,451,23,0,0.996,0.553,0,1
TXN-008923,24090.62,WALLET,531,479,21,1,0.208,0.618,0,0
TXN-008924,36602.16,UPI,37,270,2,3,0.613,0.388,0,1
TXN-008925,90664.0,NETBANKING,2167,74,1,5,0.544,0.881,0,1
TXN-008926,10703.9,UPI,1911,86,25,3,0.157,0.241,0,0
TXN-008927,65589.73,UPI,2406,1217,15,4,0.519,0.346,0,1
TXN-008928,14028.67,WALLET,1774,704,2,1,0.43,0.166,0,0
TXN-008929,101187.65,CARD,1908,133,20,4,0.078,0.93,1,1
TXN-008930,119590.07,WALLET,1300,277,10,5,0.828,0.56,0,1
TXN-008931,42066.37,UPI,1256,88,13,1,0.127,0.734,0,0
TXN-008932,137063.53,UPI,803,756,6,2,0.723,0.667,0,1
TXN-008933,68095.04,NETBANKING,2133,146,23,4,0.318,0.695,0,1
TXN-008934,3046.07,CARD,2108,1181,6,0,0.946,0.41,0,0
TXN-008935,132001.66,WALLET,1494,515,4,4,0.238,0.635,1,1
TXN-008936,102485.48,CARD,1713,437,4,3,0.663,0.648,0,1
TXN-008937,16816.22,UPI,386,196,30,0,0.816,0.961,1,0
TXN-008938,61832.69,NETBANKING,2066,842,9,5,0.606,0.498,0,0
TXN-008939,114895.51,UPI,1109,381,21,0,0.816,0.418,0,1
TXN-008940,8909.36,WALLET,1633,509,7,0,0.23,0.209,0,0
TXN-008941,74349.38,NETBANKING,1074,1311,18,4,0.604,0.503,0,0
TXN-008942,73459.64,NETBANKING,2157,697,7,0,0.858,0.268,0,0
TXN-008943,56194.87,UPI,1712,598,29,4,0.857,0.64,1,1
TXN-008944,42598.71,NETBANKING,76,111,4,5,0.276,0.966,0,1
TXN-008945,7616.87,NETBANKING,1909,340,13,1,0.11,0.388,0,0
TXN-008946,69331.64,WALLET,358,722,15,2,0.997,0.802,0,1
TXN-008947,145035.79,WALLET,1056,1227,8,5,0.016,0.101,0,0
TXN-008948,132806.87,WALLET,1802,1327,6,2,0.634,0.29,0,1
TXN-008949,91842.57,WALLET,2348,204,2,1,0.743,0.617,0,0
TXN-008950,127337.94,UPI,1599,814,19,0,0.272,0.24,0,1
TXN-008951,38724.18,WALLET,2492,881,30,5,0.623,0.929,0,0
TXN-008952,47461.15,WALLET,187,836,16,5,0.006,0.753,0,0
TXN-008953,82512.14,UPI,588,614,7,0,0.966,0.556,0,1
TXN-008954,75983.6,CARD,1495,1429,29,1,0.214,0.22,0,0
TXN-008955,26865.2,UPI,1665,377,22,1,0.384,0.835,0,0
TXN-008956,93696.87,WALLET,260,571,23,5,0.865,0.783,0,1
TXN-008957,119051.8,NETBANKING,1381,336,17,4,0.97,0.639,0,0
TXN-008958,116945.83,CARD,834,1283,24,3,0.465,0.042,1,1
TXN-008959,69887.13,CARD,1487,706,18,3,0.582,0.447,1,1
TXN-008960,61808.75,CARD,1970,621,14,4,0.661,0.245,1,0
TXN-008961,54550.59,CARD,1993,370,17,2,0.526,0.568,0,1
TXN-008962,200.1,WALLET,186,971,22,1,0.644,0.461,0,0
TXN-008963,36404.54,UPI,1570,554,20,0,0.051,0.908,1,0
TXN-008964,28712.8,CARD,215,577,2,2,0.493,0.304,0,0
TXN-008965,23194.98,WALLET,1523,335,18,4,0.198,0.613,0,0
TXN-008966,111589.67,NETBANKING,1202,758,27,4,0.161,0.652,0,1
TXN-008967,74405.79,WALLET,747,63,9,1,0.57,0.28,0,1
TXN-008968,92268.39,NETBANKING,417,1184,9,3,0.925,0.473,0,0
TXN-008969,92494.32,UPI,998,1389,29,5,0.522,0.366,0,1
TXN-008970,53207.52,UPI,2499,1462,8,1,0.744,0.001,0,0
TXN-008971,97138.06,UPI,1741,349,11,5,0.43,0.552,0,0
TXN-008972,38706.05,NETBANKING,1874,674,18,2,0.007,0.904,1,1
TXN-008973,46957.48,WALLET,621,851,21,5,0.327,0.897,0,1
TXN-008974,12041.9,WALLET,1314,616,8,4,0.12,0.021,0,0
TXN-008975,62536.16,WALLET,1800,503,17,5,0.138,0.386,0,1
TXN-008976,15945.36,CARD,1009,248,29,5,0.356,0.245,0,1
TXN-008977,12671.54,WALLET,1451,296,27,1,0.929,0.808,0,1
TXN-008978,111431.02,WALLET,1197,1273,20,5,0.517,0.419,0,0
TXN-008979,124729.65,CARD,1103,450,23,0,0.294,0.2,0,1
TXN-008980,11329.04,NETBANKING,1760,373,12,4,0.803,0.831,0,1
TXN-008981,75219.68,NETBANKING,806,17,11,5,0.753,0.212,0,0
TXN-008982,61871.39,NETBANKING,2155,33,30,2,0.106,0.303,0,0
TXN-008983,33351.4,NETBANKING,266,732,21,3,0.27,0.428,0,0
TXN-008984,3970.22,CARD,382,380,9,3,0.928,0.655,0,0
TXN-008985,118340.72,CARD,2403,1169,29,2,0.336,0.146,0,0
TXN-008986,137471.92,CARD,406,530,18,4,0.581,0.443,0,0
TXN-008987,54985.88,WALLET,2074,534,4,1,0.554,0.718,1,1
TXN-008988,135251.32,UPI,2272,643,25,5,0.392,0.834,0,0
TXN-008989,79905.1,CARD,1405,274,25,4,0.45,0.816,0,1
TXN-008990,64936.3,CARD,415,758,21,4,0.727,0.125,0,0
TXN-008991,92166.57,WALLET,2283,657,3,4,0.885,0.711,0,1
TXN-008992,54187.36,NETBANKING,582,53,28,1,0.329,0.996,0,0
TXN-008993,4402.61,WALLET,2160,557,10,4,0.751,0.262,0,0
TXN-008994,131501.41,CARD,1980,1407,1,0,0.645,0.597,0,0
TXN-008995,91105.35,CARD,1168,650,1,3,0.382,0.292,0,1
TXN-008996,114965.66,UPI,1422,1202,22,2,0.098,0.85,0,1
TXN-008997,7850.91,UPI,2017,128,29,1,0.018,0.918,0,1
TXN-008998,45935.49,WALLET,800,543,30,0,0.366,0.927,0,1
TXN-008999,110350.64,WALLET,1279,195,21,3,0.858,0.254,1,1
TXN-009000,1277.36,WALLET,273,501,18,2,0.333,0.393,0,0
TXN-009001,13392.73,CARD,1144,1031,9,1,0.793,0.89,1,0
TXN-009002,104114.6,NETBANKING,1169,1157,24,4,0.068,0.723,1,0
TXN-009003,16981.99,CARD,875,1305,17,5,0.625,0.676,0,0
TXN-009004,69349.17,WALLET,111,55,17,3,0.722,0.655,1,1
TXN-009005,87341.69,UPI,896,427,6,5,0.733,0.849,0,1
TXN-009006,119436.55,NETBANKING,423,1368,25,3,0.438,0.597,0,0
TXN-009007,99661.38,CARD,2362,39,29,4,0.556,0.856,0,1
TXN-009008,41495.03,UPI,605,1035,6,3,0.192,0.368,0,0
TXN-009009,53674.63,WALLET,210,831,11,3,0.788,0.181,0,0
TXN-009010,22571.72,UPI,1209,1057,4,4,0.886,0.372,1,0
TXN-009011,102928.18,UPI,2122,689,3,3,0.502,0.015,0,1
TXN-009012,38345.61,UPI,1857,458,15,1,0.053,0.83,0,0
TXN-009013,39898.1,NETBANKING,1137,1309,9,4,0.039,0.198,0,0
TXN-009014,76956.27,CARD,976,596,1,3,0.023,0.411,0,0
TXN-009015,64453.77,UPI,2061,1095,25,0,0.83,0.524,0,1
TXN-009016,2025.11,WALLET,53,943,21,4,0.145,0.747,1,1
TXN-009017,43994.15,UPI,299,242,13,5,0.262,0.768,0,0
TXN-009018,86848.67,WALLET,170,1228,14,5,0.303,0.38,0,0
TXN-009019,8351.2,UPI,2076,49,16,1,0.368,0.885,0,1
TXN-009020,42677.66,UPI,1251,1151,19,3,0.525,0.825,0,0
TXN-009021,69452.53,WALLET,138,259,20,0,0.177,0.729,0,1
TXN-009022,36561.94,CARD,1954,1068,1,4,0.114,0.891,0,0
TXN-009023,28353.59,WALLET,836,715,28,3,0.916,0.919,0,0
TXN-009024,44290.86,NETBANKING,1383,834,18,1,0.08,0.746,0,0
TXN-009025,44872.16,UPI,814,1115,16,2,0.208,0.363,1,1
TXN-009026,29401.3,NETBANKING,1251,794,15,4,0.356,0.219,1,0
TXN-009027,89115.78,NETBANKING,1940,589,2,2,0.448,0.191,0,0
TXN-009028,119931.71,CARD,2292,1111,12,2,0.697,0.589,1,1
TXN-009029,133316.66,NETBANKING,1615,133,10,0,0.146,0.828,1,1
TXN-009030,99955.74,NETBANKING,2322,737,24,0,0.114,0.362,1,0
TXN-009031,144641.01,CARD,2126,980,18,2,0.078,0.529,0,1
TXN-009032,102435.5,WALLET,882,357,24,0,0.387,0.213,0,1
TXN-009033,129015.16,CARD,1035,525,9,5,0.19,0.054,0,1
TXN-009034,12623.64,NETBANKING,184,630,22,3,0.605,0.821,0,1
TXN-009035,97495.49,NETBANKING,221,1429,27,3,0.618,0.329,1,1
TXN-009036,65445.37,WALLET,532,716,25,1,0.794,0.986,0,1
TXN-009037,103354.34,NETBANKING,1050,340,21,5,0.258,0.556,1,0
TXN-009038,49775.76,NETBANKING,1572,131,4,1,0.53,0.313,0,0
TXN-009039,143591.55,UPI,546,1237,22,4,0.78,0.028,0,0
TXN-009040,104644.84,WALLET,550,54,20,2,0.415,0.157,0,1
TXN-009041,54960.38,CARD,472,535,19,3,0.992,0.831,0,1
TXN-009042,119756.52,NETBANKING,1599,958,14,1,0.438,0.396,0,0
TXN-009043,2586.88,NETBANKING,548,127,23,1,0.152,0.875,0,0
TXN-009044,78913.73,CARD,947,1139,9,0,0.376,0.286,0,0
TXN-009045,38545.15,UPI,2286,126,16,3,0.521,0.114,0,0
TXN-009046,10415.61,UPI,957,669,13,5,0.085,0.599,0,0
TXN-009047,59845.16,UPI,1743,942,16,2,0.448,0.81,0,1
TXN-009048,32236.17,UPI,424,987,26,0,0.146,0.467,1,0
TXN-009049,52602.25,WALLET,994,317,25,5,0.507,0.397,0,0
TXN-009050,74861.62,UPI,754,549,17,1,0.6,0.115,0,0
TXN-009051,101582.79,NETBANKING,2481,1059,19,5,0.187,0.929,0,1
TXN-009052,70030.73,NETBANKING,742,1481,5,1,0.864,0.348,0,1
TXN-009053,47470.76,UPI,2316,291,16,5,0.33,0.694,0,0
TXN-009054,53487.02,NETBANKING,2121,1088,25,1,0.275,0.148,0,1
TXN-009055,87583.05,UPI,281,230,25,3,0.504,0.558,0,1
TXN-009056,87789.15,NETBANKING,699,737,2,2,0.627,0.3,0,0
TXN-009057,3533.31,WALLET,372,1474,28,2,0.858,0.565,0,1
TXN-009058,87534.77,WALLET,2407,748,7,2,0.234,0.236,0,0
TXN-009059,6167.94,NETBANKING,619,474,14,5,0.994,0.963,0,0
TXN-009060,24310.25,CARD,151,762,1,1,0.353,0.793,0,0
TXN-009061,115578.69,NETBANKING,1754,1125,7,0,0.794,0.335,0,0
TXN-009062,88305.34,WALLET,1729,1034,4,4,0.535,0.388,1,0
TXN-009063,99578.02,WALLET,1281,1165,25,1,0.364,0.93,1,1
TXN-009064,15051.27,CARD,501,1326,5,1,0.667,0.881,0,0
TXN-009065,96978.11,CARD,1390,912,8,3,0.657,0.734,0,0
TXN-009066,55722.91,UPI,304,1248,6,1,0.475,0.95,1,0
TXN-009067,70801.69,UPI,922,246,1,2,0.787,0.722,0,0
TXN-009068,79354.09,UPI,1287,508,22,1,0.94,0.888,0,1
TXN-009069,23386.67,NETBANKING,1831,1218,9,1,0.221,0.365,0,0
TXN-009070,38669.86,NETBANKING,1171,693,24,0,0.638,0.674,0,0
TXN-009071,74851.28,CARD,113,102,12,3,0.356,0.805,0,0
TXN-009072,76876.67,WALLET,1163,1240,22,1,0.555,0.605,0,0
TXN-009073,116923.7,UPI,34,887,21,1,0.008,0.922,0,1
TXN-009074,25672.4,WALLET,1410,506,24,2,0.853,0.228,0,0
TXN-009075,16306.41,WALLET,1174,279,20,2,0.666,0.233,0,0
TXN-009076,86822.5,NETBANKING,1042,1175,10,0,0.004,0.496,0,0
TXN-009077,115622.02,WALLET,2418,1078,16,4,0.396,0.021,0,0
TXN-009078,93047.97,CARD,1503,550,23,1,0.452,0.424,0,1
TXN-009079,138186.39,WALLET,147,1004,15,1,0.788,0.242,0,1
TXN-009080,44140.51,WALLET,762,76,8,0,0.354,0.581,0,0
TXN-009081,46885.21,CARD,127,729,20,3,0.114,0.019,0,1
TXN-009082,4139.01,NETBANKING,380,1059,27,1,0.977,0.706,0,0
TXN-009083,2779.06,UPI,2333,1140,5,1,0.656,0.546,0,0
TXN-009084,83319.48,UPI,46,829,11,2,0.385,0.167,0,0
TXN-009085,24106.34,CARD,2311,817,4,1,0.291,0.663,0,0
TXN-009086,60021.95,CARD,1000,813,25,3,0.044,0.195,1,1
TXN-009087,25024.24,NETBANKING,70,1310,11,2,0.72,0.853,0,1
TXN-009088,13799.09,CARD,1507,951,20,2,0.23,0.696,0,0
TXN-009089,19032.98,UPI,1320,1426,21,5,0.813,0.78,0,0
TXN-009090,36128.16,NETBANKING,781,181,19,1,0.196,0.379,0,0
TXN-009091,127814.08,WALLET,360,291,17,0,0.359,0.305,0,0
TXN-009092,30985.22,CARD,643,757,21,2,0.424,0.698,0,1
TXN-009093,16992.11,NETBANKING,1255,992,18,1,0.428,0.275,0,0
TXN-009094,114500.06,CARD,1652,274,7,1,0.798,0.657,0,0
TXN-009095,75549.58,UPI,2068,808,7,2,0.767,0.78,0,0
TXN-009096,65822.49,NETBANKING,788,200,21,1,0.257,0.967,0,1
TXN-009097,93086.3,UPI,1156,1204,23,1,0.093,0.092,0,1
TXN-009098,11959.66,UPI,1306,583,2,1,0.889,0.773,1,1
TXN-009099,26129.41,NETBANKING,2280,1131,24,3,0.195,0.668,0,0
TXN-009100,65242.01,CARD,2402,947,28,0,0.03,0.19,0,1
TXN-009101,98602.93,UPI,480,499,29,3,0.087,0.985,0,0
TXN-009102,112036.02,WALLET,1271,910,27,2,0.38,0.675,0,0
TXN-009103,62509.82,UPI,220,984,13,5,0.775,0.867,0,1
TXN-009104,4928.31,CARD,1759,208,26,5,0.525,0.035,0,0
TXN-009105,148403.71,NETBANKING,1113,891,25,0,0.823,0.513,0,1
TXN-009106,47607.09,CARD,532,49,25,3,0.487,0.179,0,0
TXN-009107,81964.98,CARD,998,228,21,2,0.914,0.404,0,1
TXN-009108,117499.18,CARD,1193,1119,29,3,0.656,0.867,0,1
TXN-009109,82888.09,NETBANKING,1363,1414,22,0,0.694,0.366,0,1
TXN-009110,22876.48,NETBANKING,1116,472,4,1,0.816,0.734,0,0
TXN-009111,88964.37,NETBANKING,1846,353,21,1,0.576,0.01,0,1
TXN-009112,146567.11,CARD,1329,347,27,2,0.782,0.89,0,1
TXN-009113,146666.05,UPI,354,426,6,3,0.896,0.21,0,0
TXN-009114,65250.94,WALLET,2314,978,2,4,0.617,0.556,0,1
TXN-009115,139811.16,UPI,1345,1174,23,3,0.768,0.528,1,1
TXN-009116,126447.79,NETBANKING,1245,332,23,3,0.724,0.004,1,1
TXN-009117,35002.22,UPI,2073,155,21,4,0.807,0.178,1,1
TXN-009118,48873.8,CARD,1769,916,26,3,0.666,0.879,0,1
TXN-009119,5420.59,UPI,554,1321,15,4,0.811,0.862,1,1
TXN-009120,124893.34,WALLET,817,711,18,5,0.345,0.775,0,1
TXN-009121,93326.6,NETBANKING,1438,794,11,3,0.388,0.011,0,0
TXN-009122,89731.78,CARD,1731,1038,18,5,0.778,0.521,0,1
TXN-009123,15247.49,WALLET,1361,899,22,4,0.077,0.646,0,0
TXN-009124,130101.77,CARD,476,513,23,0,0.265,0.33,0,0
TXN-009125,15055.89,WALLET,179,371,14,4,0.974,0.582,0,0
TXN-009126,2661.88,NETBANKING,2253,342,2,4,0.242,0.345,0,0
TXN-009127,79280.08,NETBANKING,1693,1213,22,2,0.68,0.045,0,0
TXN-009128,10671.99,NETBANKING,2058,112,27,5,0.256,0.352,0,1
TXN-009129,67094.26,CARD,2063,1447,25,4,0.26,0.824,1,1
TXN-009130,132215.01,UPI,794,768,13,2,0.109,0.42,1,1
TXN-009131,121484.25,NETBANKING,118,465,4,5,0.932,0.03,1,0
TXN-009132,36606.17,NETBANKING,51,1039,22,2,0.522,0.263,0,0
TXN-009133,21244.95,WALLET,1589,1149,5,5,0.299,0.592,0,0
TXN-009134,93756.99,NETBANKING,1793,853,19,1,0.25,0.65,1,1
TXN-009135,112533.01,CARD,1675,288,3,1,0.057,0.012,1,1
TXN-009136,70767.11,UPI,116,473,3,2,0.228,0.09,0,1
TXN-009137,82261.71,WALLET,819,920,13,1,0.071,0.504,1,0
TXN-009138,131974.49,UPI,979,329,20,1,0.119,0.087,0,0
TXN-009139,36495.22,CARD,147,1047,13,5,0.241,0.061,0,0
TXN-009140,74615.35,WALLET,76,903,20,2,0.063,0.773,1,1
TXN-009141,80279.22,UPI,1264,562,22,3,0.533,0.999,0,0
TXN-009142,12310.04,UPI,2013,1255,9,4,0.51,0.677,0,0
TXN-009143,56216.76,NETBANKING,1922,1166,28,2,0.691,0.386,0,0
TXN-009144,91435.44,UPI,393,442,4,1,0.128,0.029,0,0
TXN-009145,42414.41,CARD,1863,1418,4,1,0.639,0.934,0,0
TXN-009146,34442.95,NETBANKING,2161,538,3,4,0.294,0.504,1,0
TXN-009147,21922.26,NETBANKING,17,210,9,3,0.525,0.457,0,1
TXN-009148,62507.93,WALLET,1558,883,26,5,0.601,0.064,0,0
TXN-009149,146933.53,WALLET,1432,1170,3,0,0.02,0.688,0,0
TXN-009150,112666.88,WALLET,1959,11,4,0,0.238,0.493,0,1
TXN-009151,112605.59,NETBANKING,2412,1488,9,3,0.48,0.819,1,1
TXN-009152,26111.01,WALLET,1737,821,26,2,0.751,0.82,0,1
TXN-009153,113560.06,UPI,1673,574,11,3,0.714,0.04,0,1
TXN-009154,141146.58,NETBANKING,1564,777,17,0,0.36,0.069,1,1
TXN-009155,47697.41,NETBANKING,2111,909,26,3,0.725,0.119,0,0
TXN-009156,77030.43,CARD,298,580,23,5,0.709,0.884,0,1
TXN-009157,120658.23,WALLET,1953,437,14,0,0.369,0.445,0,1
TXN-009158,50645.56,CARD,997,870,9,4,0.603,0.727,1,1
TXN-009159,44692.64,UPI,675,702,12,4,0.317,0.415,1,0
TXN-009160,37031.68,CARD,462,1464,24,5,0.873,0.807,0,1
TXN-009161,54031.4,CARD,1934,418,8,4,0.104,0.965,1,1
TXN-009162,64780.11,NETBANKING,72,565,17,2,0.307,0.479,0,0
TXN-009163,4645.31,CARD,242,1035,27,5,0.605,0.259,1,1
TXN-009164,56545.73,CARD,1251,1153,10,0,0.543,0.854,0,0
TXN-009165,103308.48,CARD,174,955,23,0,0.301,0.082,0,0
TXN-009166,113878.35,WALLET,1126,1202,19,5,0.399,0.265,0,0
TXN-009167,65177.43,WALLET,340,1478,3,3,0.402,0.271,0,0
TXN-009168,91461.17,NETBANKING,255,522,19,4,0.664,0.388,0,0
TXN-009169,40133.73,WALLET,2258,1262,4,2,0.665,0.35,0,1
TXN-009170,93706.53,CARD,1026,71,1,0,0.724,0.049,1,1
TXN-009171,46287.49,UPI,1886,360,13,3,0.989,0.925,0,0
TXN-009172,131371.69,CARD,1163,88,9,3,0.165,0.073,0,0
TXN-009173,98328.81,WALLET,247,297,24,3,0.795,0.846,0,1
TXN-009174,3766.27,WALLET,831,130,30,3,0.675,0.879,0,0
TXN-009175,129498.88,UPI,1034,512,20,3,0.412,0.904,0,0
TXN-009176,126017.34,WALLET,1848,1100,1,5,0.02,0.98,0,1
TXN-009177,43577.94,UPI,730,733,16,2,0.959,0.059,1,0
TXN-009178,98232.82,UPI,505,1373,12,2,0.766,0.317,0,1
TXN-009179,99630.94,NETBANKING,416,1167,16,2,0.205,0.923,1,0
TXN-009180,137045.92,WALLET,2460,1313,1,4,0.267,0.337,0,1
TXN-009181,55305.35,UPI,1006,700,16,5,0.582,0.407,0,0
TXN-009182,11777.91,CARD,2401,1367,9,1,0.779,0.741,0,0
TXN-009183,62702.24,UPI,486,616,2,1,0.84,0.042,0,0
TXN-009184,104151.13,UPI,98,784,22,2,0.164,0.481,0,1
TXN-009185,36022.15,UPI,1898,149,1,2,0.679,0.253,0,0
TXN-009186,149578.04,WALLET,1030,1022,21,4,0.179,0.086,0,0
TXN-009187,101725.87,NETBANKING,1805,1498,27,5,0.518,0.129,0,0
TXN-009188,119878.0,WALLET,1142,271,13,2,0.843,0.617,0,0
TXN-009189,89954.26,NETBANKING,465,1370,3,3,0.086,0.102,0,0
TXN-009190,137769.45,NETBANKING,1367,229,9,3,0.18,0.932,0,1
TXN-009191,136588.23,UPI,2272,1219,26,1,0.148,0.467,0,0
TXN-009192,107889.88,NETBANKING,1015,29,15,2,0.725,0.308,0,0
TXN-009193,60237.19,NETBANKING,1046,1497,30,3,0.57,0.162,0,1
TXN-009194,112817.92,NETBANKING,1455,96,5,4,0.563,0.076,1,1
TXN-009195,90205.74,WALLET,515,494,27,2,0.165,0.73,1,1
TXN-009196,14427.82,WALLET,932,191,10,1,0.568,0.53,0,0
TXN-009197,23317.19,CARD,1237,469,19,0,0.634,0.116,1,0
TXN-009198,22773.65,CARD,459,1249,3,2,0.592,0.82,0,0
TXN-009199,42630.11,WALLET,523,1204,20,4,0.762,0.169,0,0
TXN-009200,77725.51,UPI,2442,907,28,2,0.135,0.552,0,0
TXN-009201,29582.17,CARD,72,1154,23,5,0.773,0.464,0,0
TXN-009202,31852.04,NETBANKING,2474,653,30,4,0.19,0.808,0,1
TXN-009203,138062.16,NETBANKING,2481,1010,22,5,0.175,0.723,0,1
TXN-009204,31888.41,NETBANKING,205,1184,10,4,0.246,0.387,0,0
TXN-009205,50503.67,WALLET,1252,816,18,2,0.442,0.465,1,0
TXN-009206,36857.68,UPI,1445,1089,5,5,0.612,0.035,0,0
TXN-009207,45323.01,WALLET,2132,427,6,1,0.463,0.681,0,0
TXN-009208,46125.03,NETBANKING,1382,491,21,2,0.663,0.11,1,0
TXN-009209,98006.52,NETBANKING,1818,1171,20,5,0.663,0.965,0,1
TXN-009210,104180.8,WALLET,1113,410,9,4,0.443,0.687,0,0
TXN-009211,131666.87,UPI,2461,844,11,2,0.568,0.286,0,0
TXN-009212,76956.91,UPI,1776,404,12,3,0.497,0.007,1,0
TXN-009213,15813.72,CARD,1677,164,14,2,0.375,0.392,0,1
TXN-009214,12823.74,NETBANKING,2129,1463,17,1,0.277,0.697,0,0
TXN-009215,112017.28,CARD,226,113,25,0,0.478,0.359,0,0
TXN-009216,122664.49,CARD,668,967,13,4,0.832,0.731,0,1
TXN-009217,121076.91,NETBANKING,909,471,27,1,0.991,0.456,1,1
TXN-009218,38360.54,CARD,1563,296,16,3,0.734,0.206,0,0
TXN-009219,6854.38,UPI,1734,737,2,4,0.774,0.875,0,0
TXN-009220,123485.58,CARD,148,643,27,0,0.673,0.95,0,1
TXN-009221,82602.66,WALLET,1031,1218,9,2,0.89,0.177,0,1
TXN-009222,8550.74,WALLET,993,199,27,4,0.1,0.689,1,1
TXN-009223,144857.31,WALLET,2155,452,6,3,0.819,0.48,0,0
TXN-009224,65273.28,WALLET,1721,435,28,2,0.518,0.842,0,1
TXN-009225,106915.67,CARD,542,427,29,0,0.192,0.754,0,1
TXN-009226,140810.96,WALLET,150,736,14,3,0.431,0.058,0,1
TXN-009227,136025.09,CARD,998,501,3,1,0.163,0.882,0,1
TXN-009228,84347.6,WALLET,252,410,10,2,0.311,0.632,0,0
TXN-009229,29289.17,CARD,1189,715,7,3,0.325,0.222,1,0
TXN-009230,47652.97,WALLET,2055,1390,7,4,0.838,0.015,0,1
TXN-009231,59826.81,WALLET,1681,997,13,2,0.41,0.024,0,0
TXN-009232,131832.74,CARD,114,504,15,2,0.883,0.752,0,1
TXN-009233,33615.6,CARD,1099,1229,9,4,0.699,0.055,0,0
TXN-009234,78171.02,WALLET,1916,557,6,4,0.958,0.268,1,1
TXN-009235,94106.75,NETBANKING,1756,674,13,2,0.538,0.7,0,0
TXN-009236,58320.95,NETBANKING,1778,482,13,4,0.728,0.357,0,0
TXN-009237,91325.3,NETBANKING,373,899,2,3,0.642,0.577,0,0
TXN-009238,57826.76,NETBANKING,1008,286,24,1,0.633,0.404,0,0
TXN-009239,118413.84,NETBANKING,289,1189,22,3,0.431,0.094,0,1
TXN-009240,35971.52,NETBANKING,7,655,26,3,0.002,0.578,0,0
TXN-009241,73223.84,WALLET,874,613,6,4,0.808,0.203,0,1
TXN-009242,24364.65,CARD,1923,193,3,4,0.083,0.508,0,0
TXN-009243,60260.65,NETBANKING,1447,612,27,0,0.604,0.778,1,0
TXN-009244,97812.22,UPI,267,162,7,2,0.544,0.171,0,1
TXN-009245,80463.53,WALLET,2268,395,28,2,0.508,0.071,1,1
TXN-009246,46833.3,WALLET,960,1246,16,0,0.608,0.196,0,0
TXN-009247,68068.73,UPI,2441,825,11,0,0.084,0.471,0,0
TXN-009248,106209.46,CARD,2385,1450,16,5,0.418,0.622,0,0
TXN-009249,36563.35,CARD,933,782,12,5,0.554,0.917,0,0
TXN-009250,35364.81,UPI,1727,620,12,1,0.47,0.435,0,0
TXN-009251,106813.91,UPI,978,1003,10,1,0.361,0.535,0,0
TXN-009252,74544.02,NETBANKING,533,348,24,3,0.367,0.096,1,0
TXN-009253,67803.76,WALLET,2065,686,23,2,0.146,0.409,0,1
TXN-009254,92205.11,NETBANKING,960,623,17,2,0.86,0.147,1,0
TXN-009255,121847.12,WALLET,2067,527,23,5,0.508,0.525,0,0
TXN-009256,23604.16,UPI,357,278,21,1,0.628,0.158,0,0
TXN-009257,68056.16,WALLET,2213,1495,27,3,0.202,0.971,0,1
TXN-009258,145532.7,NETBANKING,1015,500,30,4,0.7,0.883,0,0
TXN-009259,66259.88,WALLET,928,5,9,0,0.462,0.105,1,1
TXN-009260,15233.66,CARD,1604,974,10,3,0.672,0.242,0,0
TXN-009261,89089.68,WALLET,1896,85,5,5,0.488,0.556,0,1
TXN-009262,83936.55,CARD,2192,426,10,5,0.189,0.747,0,0
TXN-009263,47573.71,NETBANKING,1549,547,24,0,0.386,0.908,0,0
TXN-009264,17956.56,CARD,422,1148,20,4,0.019,0.661,0,1
TXN-009265,12743.07,CARD,2086,1144,2,4,0.683,0.161,0,1
TXN-009266,22392.28,UPI,2340,215,21,1,0.178,0.42,0,0
TXN-009267,139760.48,CARD,1935,1341,7,5,0.896,0.477,1,1
TXN-009268,149896.33,CARD,1226,816,18,5,0.623,0.846,0,1
TXN-009269,127188.58,CARD,466,1421,9,3,0.566,0.314,1,1
TXN-009270,88329.94,CARD,147,502,29,4,0.369,0.817,0,1
TXN-009271,125124.43,NETBANKING,567,242,4,2,0.735,0.751,1,1
TXN-009272,84621.0,UPI,1204,1145,24,0,0.786,0.589,0,0
TXN-009273,14595.07,UPI,2184,173,28,2,0.036,0.647,0,0
TXN-009274,80145.36,CARD,271,1074,3,0,0.036,0.846,0,0
TXN-009275,149311.38,WALLET,1015,1015,16,1,0.823,0.572,1,1
TXN-009276,129946.67,WALLET,295,1208,17,2,0.244,0.738,0,0
TXN-009277,29831.6,NETBANKING,1217,580,2,4,0.818,0.25,0,0
TXN-009278,65626.51,CARD,407,197,22,2,0.063,0.767,0,0
TXN-009279,54768.81,CARD,93,887,16,4,0.766,0.812,0,0
TXN-009280,106246.16,WALLET,925,1356,3,4,0.743,0.443,0,1
TXN-009281,58584.9,CARD,2453,1375,7,3,0.506,0.587,0,0
TXN-009282,72935.57,WALLET,1972,1202,8,1,0.883,0.766,1,1
TXN-009283,45760.74,NETBANKING,1694,1187,11,4,0.889,0.268,0,0
TXN-009284,60608.3,WALLET,1055,1307,7,3,0.56,0.147,0,0
TXN-009285,100674.44,UPI,1303,336,22,5,0.752,0.329,0,0
TXN-009286,110927.39,UPI,515,465,26,2,0.146,0.683,1,1
TXN-009287,130648.24,WALLET,2487,849,11,0,0.961,0.013,1,1
TXN-009288,95631.2,CARD,125,1271,12,2,0.668,0.731,0,1
TXN-009289,94328.56,WALLET,2313,197,30,3,0.067,0.608,0,1
TXN-009290,143311.15,NETBANKING,1208,603,13,1,0.47,0.068,1,0
TXN-009291,62781.74,WALLET,2325,473,10,5,0.434,0.3,0,0
TXN-009292,47206.31,UPI,1859,353,25,2,0.555,0.973,0,0
TXN-009293,10280.77,NETBANKING,828,454,27,5,0.561,0.189,0,0
TXN-009294,71474.66,CARD,1577,696,1,3,0.312,0.799,0,0
TXN-009295,81165.06,UPI,1658,1208,15,1,0.158,0.679,0,0
TXN-009296,18999.36,UPI,1846,377,25,3,0.769,0.826,0,1
TXN-009297,9637.41,UPI,2437,862,9,3,0.488,0.084,0,0
TXN-009298,35986.75,NETBANKING,1792,1220,20,5,0.307,0.523,0,1
TXN-009299,77218.48,WALLET,2140,167,27,3,0.459,0.035,0,1
TXN-009300,91835.48,CARD,856,912,7,1,0.799,0.205,0,0
TXN-009301,110762.56,NETBANKING,1226,604,23,1,0.183,0.011,0,1
TXN-009302,30139.35,WALLET,2241,319,22,3,0.548,0.954,0,0
TXN-009303,147325.34,WALLET,1498,86,24,1,0.068,0.722,0,0
TXN-009304,141797.95,UPI,2301,457,27,5,0.078,0.705,0,0
TXN-009305,38937.15,UPI,1562,1446,18,5,0.552,0.652,1,1
TXN-009306,62607.05,NETBANKING,84,600,3,0,0.56,0.324,0,0
TXN-009307,64243.5,UPI,2265,333,17,4,0.235,0.429,0,1
TXN-009308,90764.75,NETBANKING,1029,730,22,3,0.748,0.2,0,1
TXN-009309,137100.19,WALLET,309,650,19,4,0.743,0.381,0,0
TXN-009310,96380.7,WALLET,549,698,2,3,0.376,0.041,0,1
TXN-009311,47575.02,WALLET,938,650,21,1,0.479,0.664,0,0
TXN-009312,27352.92,UPI,74,6,23,2,0.493,0.751,1,0
TXN-009313,90354.78,CARD,1775,1032,1,4,0.755,0.464,0,0
TXN-009314,85640.87,NETBANKING,675,442,28,1,0.382,0.793,0,1
TXN-009315,61970.81,UPI,1485,370,6,5,0.347,0.851,0,1
TXN-009316,73539.55,WALLET,334,895,9,5,0.763,0.891,0,1
TXN-009317,134093.67,UPI,44,39,21,0,0.906,0.862,0,1
TXN-009318,55384.93,WALLET,836,811,8,5,0.935,0.445,1,1
TXN-009319,40261.17,UPI,1238,572,19,2,0.952,0.411,0,1
TXN-009320,8733.91,CARD,1675,1349,28,4,0.119,0.311,1,1
TXN-009321,55850.91,UPI,623,993,8,1,0.287,0.367,0,0
TXN-009322,54161.1,NETBANKING,1954,851,6,1,0.392,0.153,1,0
TXN-009323,92706.85,UPI,1902,252,8,2,0.827,0.598,0,0
TXN-009324,110998.9,NETBANKING,1008,666,13,4,0.781,0.894,0,1
TXN-009325,69922.24,NETBANKING,2435,626,8,2,0.612,0.996,0,0
TXN-009326,68530.09,NETBANKING,752,1449,16,1,0.223,0.057,0,1
TXN-009327,125041.89,WALLET,584,1300,15,0,0.063,0.246,0,0
TXN-009328,72951.81,UPI,692,888,16,1,0.421,0.055,0,1
TXN-009329,37994.91,UPI,1948,527,20,0,0.006,0.505,0,1
TXN-009330,137583.37,UPI,687,453,1,4,0.012,0.529,0,1
TXN-009331,81788.49,CARD,253,785,25,2,0.394,0.851,0,1
TXN-009332,57257.95,NETBANKING,816,87,21,1,0.665,0.077,1,0
TXN-009333,73834.18,CARD,1768,601,27,0,0.198,0.725,0,1
TXN-009334,92902.91,UPI,2308,1431,15,2,0.957,0.318,0,1
TXN-009335,57618.6,WALLET,897,1210,2,2,0.69,0.349,1,0
TXN-009336,26753.66,CARD,1519,1218,2,2,0.201,0.274,0,0
TXN-009337,70774.33,WALLET,1595,150,8,0,0.225,0.857,0,0
TXN-009338,57841.82,WALLET,793,189,26,4,0.551,0.144,0,0
TXN-009339,89977.32,UPI,1573,1153,22,1,0.958,0.616,0,1
TXN-009340,30408.39,UPI,643,1149,24,2,0.696,0.185,0,0
TXN-009341,5736.96,UPI,753,635,4,5,0.17,0.918,0,0
TXN-009342,139144.1,CARD,1320,1309,21,5,0.559,0.856,1,1
TXN-009343,119105.44,UPI,773,258,13,2,0.298,0.216,1,1
TXN-009344,93763.32,WALLET,1169,1084,25,5,0.908,0.63,0,0
TXN-009345,14535.42,NETBANKING,1532,351,15,4,0.934,0.859,0,1
TXN-009346,51783.71,UPI,474,1291,23,0,0.227,0.084,0,0
TXN-009347,75466.37,WALLET,119,583,3,4,0.675,0.914,0,0
TXN-009348,118337.4,WALLET,2049,133,17,0,0.382,0.951,1,1
TXN-009349,94287.59,UPI,1234,1353,26,1,0.317,0.968,1,1
TXN-009350,104538.87,CARD,1418,168,3,2,0.961,0.801,0,1
TXN-009351,72396.27,CARD,1347,1111,21,5,0.316,0.928,0,1
TXN-009352,141049.17,WALLET,1495,1313,17,1,0.749,0.633,0,0
TXN-009353,40318.76,CARD,756,1133,20,2,0.339,0.602,1,1
TXN-009354,112246.85,WALLET,2299,645,21,0,0.966,0.813,0,0
TXN-009355,54875.66,CARD,1372,1329,14,2,0.413,0.013,0,0
TXN-009356,146924.65,UPI,192,547,27,4,0.941,0.381,1,1
TXN-009357,9722.82,NETBANKING,1718,1032,9,5,0.666,0.182,1,1
TXN-009358,81729.06,CARD,336,1207,14,3,0.633,0.243,1,1
TXN-009359,120005.62,WALLET,867,984,29,5,0.439,0.48,0,1
TXN-009360,78148.66,UPI,2033,83,17,2,0.792,0.456,0,0
TXN-009361,98503.87,WALLET,319,64,5,3,0.638,0.441,1,1
TXN-009362,93787.69,WALLET,372,1251,7,5,0.799,0.085,0,0
TXN-009363,21526.96,CARD,1691,931,20,3,0.7,0.112,0,0
TXN-009364,99760.92,NETBANKING,2332,1007,1,4,0.887,0.159,0,0
TXN-009365,12703.6,NETBANKING,938,1237,16,5,0.622,0.094,0,1
TXN-009366,129813.11,CARD,762,505,9,1,0.664,0.091,0,1
TXN-009367,5085.3,WALLET,529,1370,27,4,0.14,0.421,0,1
TXN-009368,84029.18,WALLET,1049,1231,6,1,0.427,0.061,0,0
TXN-009369,54283.53,NETBANKING,149,194,9,4,0.829,0.433,0,1
TXN-009370,35312.36,UPI,1359,398,14,1,0.431,0.438,0,0
TXN-009371,141115.32,CARD,2128,1344,19,4,0.056,0.389,1,1
TXN-009372,96623.69,WALLET,2451,799,5,4,0.156,0.301,0,0
TXN-009373,66522.46,WALLET,1454,805,3,0,0.514,0.851,0,0
TXN-009374,103757.54,UPI,488,741,27,2,0.198,0.029,0,1
TXN-009375,129037.57,WALLET,786,820,28,2,0.896,0.791,0,1
TXN-009376,17123.63,CARD,2382,768,1,5,0.354,0.041,1,0
TXN-009377,58569.08,UPI,2490,219,24,5,0.432,0.038,1,1
TXN-009378,105031.73,UPI,1423,14,10,2,0.167,0.939,0,0
TXN-009379,8275.28,WALLET,598,872,11,1,0.207,0.332,0,0
TXN-009380,37710.66,CARD,12,916,12,2,0.144,0.322,0,1
TXN-009381,104131.61,CARD,544,575,3,2,0.675,0.504,0,1
TXN-009382,50091.98,UPI,117,1000,8,4,0.532,0.81,0,0
TXN-009383,133475.0,NETBANKING,325,19,25,2,0.117,0.819,0,1
TXN-009384,106113.58,NETBANKING,61,638,4,0,0.629,0.505,0,0
TXN-009385,47036.89,NETBANKING,1910,1448,15,0,0.168,0.557,0,0
TXN-009386,17615.43,NETBANKING,1725,58,12,1,0.51,0.361,0,0
TXN-009387,96298.59,UPI,993,854,30,3,0.409,0.084,1,1
TXN-009388,98295.07,WALLET,636,564,30,2,0.857,0.838,0,1
TXN-009389,136804.2,CARD,429,674,12,3,0.682,0.107,0,0
TXN-009390,40326.83,WALLET,2058,538,30,3,0.882,0.456,0,1
TXN-009391,17662.95,CARD,664,1322,19,1,0.456,0.004,1,1
TXN-009392,67052.51,NETBANKING,2123,508,27,0,0.08,0.532,0,1
TXN-009393,138161.26,CARD,763,440,13,2,0.638,0.091,0,1
TXN-009394,78534.07,UPI,1913,883,30,0,0.553,0.664,0,0
TXN-009395,60632.3,UPI,925,125,7,0,0.728,0.812,0,0
TXN-009396,26578.89,CARD,1390,28,13,2,0.471,0.133,0,0
TXN-009397,60692.57,UPI,657,186,8,5,0.223,0.748,0,0
TXN-009398,121137.15,NETBANKING,437,1229,29,2,0.61,0.2,0,1
TXN-009399,125393.51,WALLET,877,1180,20,3,0.348,0.434,0,1
TXN-009400,71146.1,UPI,529,756,15,1,0.223,0.272,0,1
TXN-009401,120000.63,UPI,700,863,11,4,0.151,0.992,0,0
TXN-009402,141280.38,WALLET,823,92,2,0,0.413,0.552,0,0
TXN-009403,100747.45,CARD,60,179,1,5,0.721,0.867,0,1
TXN-009404,10042.94,UPI,770,1252,28,3,0.293,0.153,1,1
TXN-009405,113198.44,WALLET,2351,1302,10,3,0.701,0.073,0,0
TXN-009406,21614.01,UPI,1725,218,1,1,0.505,0.242,1,0
TXN-009407,118977.01,UPI,1591,567,23,4,0.214,0.186,0,1
TXN-009408,26041.6,NETBANKING,2078,971,17,0,0.644,0.897,0,0
TXN-009409,73386.24,WALLET,404,287,5,3,0.834,0.679,0,0
TXN-009410,37624.73,WALLET,1116,168,10,2,0.743,0.511,0,0
TXN-009411,104518.67,NETBANKING,676,1148,15,1,0.23,0.022,0,0
TXN-009412,55451.65,NETBANKING,2046,556,15,2,0.799,0.297,0,0
TXN-009413,53182.16,NETBANKING,1259,1422,3,1,0.114,0.309,0,0
TXN-009414,95804.25,NETBANKING,1613,138,2,5,0.412,0.901,0,1
TXN-009415,34757.42,WALLET,1750,1214,23,0,0.136,0.351,0,0
TXN-009416,1607.53,CARD,804,200,13,3,0.711,0.371,1,0
TXN-009417,5168.69,UPI,2339,1075,13,3,0.803,0.575,0,1
TXN-009418,144764.93,WALLET,1530,1430,17,2,0.317,0.921,0,1
TXN-009419,136578.29,NETBANKING,2303,250,21,5,0.377,0.042,0,0
TXN-009420,24888.19,UPI,1453,836,14,1,0.588,0.428,0,0
TXN-009421,93677.22,CARD,239,601,2,5,0.429,0.81,1,1
TXN-009422,21531.91,UPI,1103,1255,7,5,0.748,0.382,0,1
TXN-009423,71480.53,NETBANKING,1189,1256,9,0,0.123,0.24,0,0
TXN-009424,69115.4,UPI,411,59,27,0,0.716,0.023,0,0
TXN-009425,5932.0,NETBANKING,1672,359,2,1,0.923,0.536,0,0
TXN-009426,145321.62,UPI,1222,449,23,4,0.582,0.346,0,1
TXN-009427,32892.83,UPI,1593,651,17,5,0.464,0.119,0,1
TXN-009428,19628.41,CARD,556,990,3,5,0.227,0.023,0,0
TXN-009429,57834.2,UPI,569,1267,13,1,0.075,0.072,0,0
TXN-009430,71275.95,WALLET,290,851,5,3,0.499,0.558,0,0
TXN-009431,57815.0,NETBANKING,1849,672,2,1,0.919,0.123,0,1
TXN-009432,93998.81,UPI,977,626,29,3,0.068,0.402,0,0
TXN-009433,135345.11,WALLET,1904,604,29,2,0.98,0.585,0,1
TXN-009434,83409.95,CARD,1661,721,23,4,0.121,0.123,1,1
TXN-009435,12424.06,WALLET,2446,354,21,1,0.708,0.501,0,1
TXN-009436,27456.68,NETBANKING,2068,791,6,3,0.211,0.029,0,0
TXN-009437,134261.37,UPI,59,1388,25,4,0.456,0.474,0,0
TXN-009438,44136.97,CARD,1306,873,10,4,0.002,0.503,0,0
TXN-009439,65727.24,CARD,184,689,15,4,0.808,0.888,0,1
TXN-009440,67345.11,CARD,851,584,23,3,0.161,0.285,0,1
TXN-009441,80583.19,CARD,700,455,4,5,0.816,0.188,0,0
TXN-009442,380.44,NETBANKING,266,334,24,4,0.258,0.529,1,1
TXN-009443,3125.73,NETBANKING,804,892,21,2,0.05,0.756,0,1
TXN-009444,101004.21,CARD,25,410,14,5,0.997,0.988,0,1
TXN-009445,21115.03,CARD,2357,1109,8,4,0.275,0.918,0,0
TXN-009446,22548.19,UPI,2304,1240,12,2,0.942,0.224,0,1
TXN-009447,24343.03,UPI,72,1123,12,0,0.853,0.035,1,0
TXN-009448,139874.26,WALLET,1375,960,20,2,0.117,0.786,0,1
TXN-009449,74086.79,UPI,336,239,24,3,0.655,0.536,0,1
TXN-009450,35192.19,NETBANKING,1367,608,27,3,0.411,0.506,0,0
TXN-009451,129914.13,UPI,1591,407,9,2,0.467,0.584,0,1
TXN-009452,39435.55,WALLET,1664,864,9,2,0.288,0.049,0,0
TXN-009453,7043.4,NETBANKING,281,1444,5,1,0.148,0.886,0,0
TXN-009454,64959.81,CARD,2190,1494,10,1,0.585,0.066,0,0
TXN-009455,21450.42,CARD,2370,223,17,1,0.299,0.365,0,0
TXN-009456,111199.24,WALLET,1510,481,10,0,0.165,0.851,0,1
TXN-009457,101719.75,UPI,1733,927,18,5,0.347,0.307,0,1
TXN-009458,10383.94,WALLET,1491,531,5,1,0.581,0.915,1,0
TXN-009459,107330.59,WALLET,94,696,24,1,0.512,0.354,0,1
TXN-009460,79413.8,UPI,1866,1229,3,5,0.986,0.262,0,0
TXN-009461,90437.33,CARD,2379,1053,28,0,0.629,0.731,1,1
TXN-009462,40364.48,UPI,1418,1208,8,4,0.329,0.854,1,0
TXN-009463,42148.25,WALLET,2323,851,9,5,0.363,0.241,0,0
TXN-009464,146078.15,WALLET,1075,471,8,1,0.298,0.796,0,0
TXN-009465,75825.11,NETBANKING,421,573,30,4,0.399,0.689,0,1
TXN-009466,87947.0,CARD,243,1417,25,1,0.94,0.143,0,1
TXN-009467,67235.94,CARD,1156,389,23,2,0.558,0.39,0,1
TXN-009468,18296.15,NETBANKING,327,1472,18,0,0.725,0.117,0,0
TXN-009469,80291.93,NETBANKING,2363,1064,12,2,0.07,0.493,0,0
TXN-009470,44319.87,CARD,1366,256,29,1,0.505,0.978,0,1
TXN-009471,47617.01,NETBANKING,266,943,7,5,0.934,0.623,0,0
TXN-009472,110764.71,WALLET,418,1169,29,2,0.809,0.22,1,1
TXN-009473,115650.36,NETBANKING,1866,1494,23,5,0.832,0.54,0,1
TXN-009474,19458.41,NETBANKING,1999,1070,18,2,0.211,0.018,0,0
TXN-009475,120085.85,NETBANKING,787,672,7,1,0.256,0.968,1,0
TXN-009476,110143.26,NETBANKING,1924,1217,15,4,0.386,0.987,0,1
TXN-009477,60886.59,UPI,880,522,5,5,0.167,0.654,0,1
TXN-009478,41333.82,WALLET,2028,971,11,0,0.396,0.718,0,1
TXN-009479,143648.08,WALLET,613,237,27,0,0.425,0.688,0,1
TXN-009480,110352.47,WALLET,275,1388,29,3,0.433,0.003,0,1
TXN-009481,80061.11,CARD,2328,393,14,5,0.395,0.407,0,0
TXN-009482,4817.69,NETBANKING,1352,1126,17,5,0.199,0.982,0,1
TXN-009483,94374.01,NETBANKING,1466,427,16,3,0.63,0.48,0,1
TXN-009484,46508.71,NETBANKING,2034,171,30,2,0.961,0.138,0,0
TXN-009485,37207.88,NETBANKING,2063,1096,16,0,0.798,0.206,0,0
TXN-009486,145781.41,WALLET,2120,1481,19,4,0.062,0.81,1,1
TXN-009487,71898.37,CARD,804,556,21,2,0.587,0.681,0,1
TXN-009488,105245.29,NETBANKING,704,606,15,5,0.873,0.597,1,1
TXN-009489,1181.96,NETBANKING,758,1210,11,3,0.801,0.277,0,1
TXN-009490,101109.95,WALLET,480,385,9,3,0.381,0.802,0,1
TXN-009491,148770.32,UPI,378,596,8,2,0.122,0.68,0,1
TXN-009492,82961.59,UPI,1654,948,27,3,0.864,0.158,0,1
TXN-009493,59452.72,NETBANKING,1249,1296,6,1,0.224,0.02,0,0
TXN-009494,112392.69,UPI,514,1128,8,1,0.475,0.017,0,1
TXN-009495,9257.39,CARD,1139,1293,6,3,0.566,0.213,0,1
TXN-009496,103594.23,CARD,1139,175,17,0,0.944,0.089,0,0
TXN-009497,101360.01,NETBANKING,263,730,5,1,0.358,0.548,1,0
TXN-009498,125091.08,CARD,301,266,24,2,0.872,0.206,0,1
TXN-009499,59596.27,CARD,450,585,1,1,0.465,0.251,0,0
TXN-009500,32056.45,CARD,2386,915,10,2,0.678,0.229,0,0
TXN-009501,97675.03,WALLET,604,1212,10,1,0.835,0.035,0,1
TXN-009502,1294.75,UPI,304,346,1,2,0.123,0.279,1,1
TXN-009503,133573.99,NETBANKING,1818,147,1,0,0.127,0.761,1,1
TXN-009504,61855.92,NETBANKING,496,820,16,4,0.521,0.745,0,0
TXN-009505,131960.26,WALLET,198,176,8,5,0.08,0.942,1,0
TXN-009506,24389.52,WALLET,698,1176,16,2,0.073,0.481,1,0
TXN-009507,25306.75,NETBANKING,743,471,6,1,0.694,0.035,0,0
TXN-009508,106232.74,WALLET,2250,275,25,0,0.235,0.268,0,1
TXN-009509,106118.07,WALLET,608,279,7,4,0.525,0.187,0,1
TXN-009510,21615.96,NETBANKING,771,1172,16,5,0.169,0.265,0,0
TXN-009511,136188.2,WALLET,645,1350,20,0,0.475,0.801,0,1
TXN-009512,51397.6,WALLET,498,580,8,5,0.398,0.25,1,1
TXN-009513,90324.23,UPI,823,257,17,4,0.295,0.049,0,0
TXN-009514,64988.36,NETBANKING,2217,1302,8,3,0.742,0.479,0,0
TXN-009515,108447.45,NETBANKING,1650,219,23,1,0.707,0.907,0,1
TXN-009516,85726.54,CARD,1737,873,22,0,0.475,0.089,0,1
TXN-009517,52179.75,UPI,8,529,21,3,0.356,0.157,1,1
TXN-009518,83725.54,WALLET,1289,473,12,5,0.599,0.51,0,0
TXN-009519,120725.63,WALLET,2273,260,3,1,0.229,0.355,0,1
TXN-009520,16736.44,NETBANKING,2368,1137,8,2,0.122,0.298,0,0
TXN-009521,15352.55,WALLET,1939,648,22,5,0.218,0.209,0,0
TXN-009522,136182.28,NETBANKING,1305,743,25,1,0.027,0.37,0,1
TXN-009523,36155.47,UPI,254,1452,12,3,0.238,0.453,0,0
TXN-009524,75126.94,NETBANKING,2331,1244,16,4,0.366,0.352,0,1
TXN-009525,46567.58,UPI,1290,1122,25,3,0.646,0.789,0,0
TXN-009526,7925.38,WALLET,163,820,15,5,0.949,0.991,0,0
TXN-009527,90695.92,CARD,2497,264,7,0,0.555,0.007,1,1
TXN-009528,59818.95,NETBANKING,182,1037,23,4,0.294,0.002,0,0
TXN-009529,39779.25,NETBANKING,2002,1276,25,5,0.485,0.484,0,0
TXN-009530,63804.13,NETBANKING,1326,1063,7,0,0.684,0.035,0,1
TXN-009531,72499.95,WALLET,142,484,25,4,0.198,0.36,1,1
TXN-009532,34510.82,CARD,611,1274,14,3,0.466,0.054,0,0
TXN-009533,91700.12,CARD,1406,755,9,4,0.948,0.257,0,1
TXN-009534,112072.77,WALLET,655,410,19,0,0.197,0.389,0,1
TXN-009535,101051.06,UPI,1097,771,29,3,0.071,0.655,0,1
TXN-009536,25532.53,WALLET,861,716,5,5,0.912,0.757,0,1
TXN-009537,44016.29,CARD,1577,1202,10,3,0.289,0.568,0,1
TXN-009538,45247.97,UPI,1834,926,27,5,0.942,0.874,0,0
TXN-009539,896.44,NETBANKING,2366,1235,24,2,0.995,0.884,0,1
TXN-009540,85853.54,WALLET,1199,629,2,4,0.633,0.096,1,0
TXN-009541,23258.02,UPI,896,37,11,5,0.661,0.252,0,0
TXN-009542,66289.49,NETBANKING,1810,885,17,2,0.906,0.565,0,1
TXN-009543,68816.69,UPI,457,1281,6,4,0.558,0.643,1,0
TXN-009544,114776.11,NETBANKING,451,834,20,4,0.204,0.95,1,1
TXN-009545,64783.53,CARD,2363,730,13,5,0.496,0.556,1,1
TXN-009546,87658.84,NETBANKING,1015,786,5,3,0.796,0.98,0,0
TXN-009547,120588.89,WALLET,713,300,30,1,0.99,0.242,0,0
TXN-009548,115775.67,CARD,2146,1029,11,1,0.484,0.555,0,0
TXN-009549,44791.05,WALLET,721,490,21,2,0.992,0.009,0,1
TXN-009550,106307.6,WALLET,1847,208,20,1,0.276,0.658,0,1
TXN-009551,79891.2,CARD,741,377,19,2,0.226,0.162,0,0
TXN-009552,11730.39,CARD,850,1488,12,5,0.49,0.071,1,0
TXN-009553,9269.76,UPI,1508,1425,29,2,0.768,0.335,0,0
TXN-009554,92352.38,NETBANKING,56,535,4,5,0.554,0.414,1,1
TXN-009555,121425.56,UPI,1215,64,1,2,0.364,0.181,0,1
TXN-009556,41803.83,UPI,1653,1003,20,1,0.408,0.548,0,0
TXN-009557,56148.42,UPI,2347,887,23,4,0.411,0.0,0,0
TXN-009558,54339.28,UPI,824,907,30,3,0.66,0.905,0,1
TXN-009559,141384.59,CARD,954,1256,1,0,0.479,0.435,1,1
TXN-009560,18426.16,NETBANKING,18,853,30,5,0.733,0.215,0,0
TXN-009561,59428.71,UPI,1788,152,22,4,0.552,0.437,0,1
TXN-009562,145867.42,WALLET,1727,906,2,5,0.255,0.32,0,1
TXN-009563,26611.32,NETBANKING,587,127,13,0,0.313,0.596,0,0
TXN-009564,18776.02,CARD,262,1434,27,2,0.503,0.737,0,1
TXN-009565,123179.75,NETBANKING,1647,93,12,3,0.766,0.48,0,0
TXN-009566,144339.42,UPI,2076,1105,29,1,0.646,0.878,0,0
TXN-009567,18449.28,NETBANKING,965,333,5,0,0.401,0.113,1,0
TXN-009568,16023.44,CARD,1951,1470,4,2,0.652,0.688,0,0
TXN-009569,23546.7,CARD,263,1432,2,5,0.13,0.988,1,0
TXN-009570,145054.74,WALLET,771,1408,28,5,0.993,0.318,0,1
TXN-009571,39065.61,WALLET,736,1221,23,2,0.909,0.064,0,0
TXN-009572,14662.06,UPI,488,1424,13,4,0.819,0.715,0,0
TXN-009573,40907.89,UPI,176,571,7,4,0.395,0.33,0,1
TXN-009574,111785.46,WALLET,113,649,7,4,0.04,0.867,1,0
TXN-009575,147467.35,NETBANKING,2148,190,8,3,0.681,0.644,0,0
TXN-009576,135311.58,NETBANKING,1678,812,13,1,0.198,0.69,1,1
TXN-009577,49837.87,CARD,1919,426,4,3,0.449,0.61,0,0
TXN-009578,110927.44,NETBANKING,1629,538,13,0,0.698,0.395,0,1
TXN-009579,82056.45,CARD,2066,109,3,5,0.456,0.287,0,0
TXN-009580,60539.51,WALLET,1203,1099,19,5,0.975,0.2,0,1
TXN-009581,114019.92,NETBANKING,1619,795,6,3,0.572,0.595,0,0
TXN-009582,115077.56,WALLET,1149,1173,13,5,0.138,0.12,1,1
TXN-009583,109196.12,WALLET,110,1444,18,0,0.721,0.833,0,0
TXN-009584,12490.76,CARD,934,1268,17,4,0.499,0.173,0,0
TXN-009585,132796.28,NETBANKING,278,779,18,2,0.062,0.398,0,1
TXN-009586,28729.43,WALLET,974,736,14,0,0.813,0.603,0,1
TXN-009587,96242.83,CARD,1584,29,2,3,0.809,0.112,0,0
TXN-009588,33202.1,NETBANKING,362,484,21,3,0.368,0.643,0,1
TXN-009589,96587.3,CARD,1745,539,2,2,0.041,0.582,0,0
TXN-009590,28861.49,CARD,391,673,22,0,0.411,0.859,1,1
TXN-009591,134043.63,UPI,1835,168,6,0,0.099,0.196,1,0
TXN-009592,116351.35,WALLET,105,1070,8,4,0.458,0.72,0,0
TXN-009593,147962.37,NETBANKING,2056,925,4,1,0.308,0.827,0,0
TXN-009594,136538.47,WALLET,352,432,23,2,0.625,0.374,0,0
TXN-009595,133729.05,NETBANKING,2039,890,30,5,0.839,0.326,0,1
TXN-009596,91398.59,NETBANKING,644,380,8,5,0.279,0.94,1,1
TXN-009597,123774.89,UPI,1827,1270,27,1,0.661,0.922,0,0
TXN-009598,6357.33,WALLET,1059,231,17,1,0.407,0.607,1,0
TXN-009599,50602.85,WALLET,2350,1151,24,0,0.287,0.516,0,0
TXN-009600,88219.42,WALLET,763,665,27,0,0.298,0.348,1,0
TXN-009601,130448.3,WALLET,974,155,15,3,0.466,0.122,0,1
TXN-009602,56459.93,CARD,369,362,14,4,0.239,0.252,0,0
TXN-009603,114459.68,WALLET,176,95,12,5,0.51,0.753,0,0
TXN-009604,136473.24,UPI,438,59,5,4,0.005,0.402,1,1
TXN-009605,124208.88,NETBANKING,501,1265,30,5,0.662,0.561,1,0
TXN-009606,149564.11,CARD,505,1088,16,4,0.544,0.538,0,1
TXN-009607,32506.2,WALLET,2265,1348,12,5,0.551,0.186,0,1
TXN-009608,12349.81,CARD,1576,302,10,0,0.501,0.625,0,0
TXN-009609,4493.74,WALLET,666,603,30,4,0.861,0.643,0,1
TXN-009610,47644.75,UPI,1762,1246,25,2,0.213,0.141,0,1
TXN-009611,50810.57,UPI,950,1160,26,1,0.513,0.031,0,0
TXN-009612,113553.84,CARD,1319,619,28,4,0.917,0.761,0,1
TXN-009613,39325.31,UPI,1120,521,10,2,0.637,0.492,0,0
TXN-009614,71113.52,CARD,874,13,13,3,0.365,0.344,0,1
TXN-009615,14461.98,WALLET,343,810,10,0,0.247,0.886,0,0
TXN-009616,103601.52,NETBANKING,1891,53,2,0,0.787,0.07,0,0
TXN-009617,138390.13,UPI,2298,899,27,4,0.424,0.969,0,1
TXN-009618,14142.76,WALLET,23,242,2,2,0.444,0.487,0,1
TXN-009619,46943.48,CARD,45,1353,27,0,0.862,0.47,0,1
TXN-009620,49921.91,CARD,2166,719,29,1,0.449,0.458,0,0
TXN-009621,85179.66,NETBANKING,2055,1281,29,2,0.807,0.095,0,0
TXN-009622,42463.3,NETBANKING,2143,1410,17,3,0.058,0.954,1,1
TXN-009623,147239.62,NETBANKING,1104,1039,10,5,0.719,0.595,1,0
TXN-009624,56770.37,CARD,1585,824,6,0,0.364,0.735,0,1
TXN-009625,81963.52,WALLET,482,1484,3,1,0.905,0.888,0,1
TXN-009626,139667.28,WALLET,2058,1102,21,4,0.104,0.862,1,1
TXN-009627,102898.58,NETBANKING,1331,868,13,2,0.456,0.037,0,0
TXN-009628,118362.53,CARD,190,1032,30,0,0.229,0.687,0,0
TXN-009629,48098.84,WALLET,19,196,24,1,0.24,0.308,0,0
TXN-009630,15067.29,UPI,2390,1099,16,3,0.822,0.473,1,1
TXN-009631,129996.56,NETBANKING,2035,187,5,2,0.851,0.042,1,0
TXN-009632,9124.84,UPI,2473,218,3,0,0.407,0.316,0,0
TXN-009633,42602.7,CARD,2287,617,2,3,0.105,0.661,0,0
TXN-009634,62105.11,WALLET,1507,1405,27,3,0.186,0.608,0,1
TXN-009635,99089.55,NETBANKING,2349,1443,19,5,0.079,0.607,0,1
TXN-009636,54670.16,CARD,2464,485,17,5,0.149,0.791,0,0
TXN-009637,109756.8,UPI,1181,1323,13,4,0.447,0.896,0,1
TXN-009638,1023.48,WALLET,1759,1470,15,0,0.92,0.367,0,1
TXN-009639,39172.04,WALLET,1811,786,12,2,0.036,0.843,0,0
TXN-009640,20128.38,WALLET,1161,980,10,4,0.242,0.613,1,0
TXN-009641,63364.78,UPI,1227,1428,29,5,0.437,0.2,0,0
TXN-009642,117122.94,CARD,688,350,9,4,0.551,0.79,1,1
TXN-009643,143062.01,CARD,1818,943,4,0,0.863,0.075,0,1
TXN-009644,75156.35,CARD,975,732,12,0,0.22,0.199,0,0
TXN-009645,33409.01,UPI,2428,583,2,1,0.504,0.611,0,0
TXN-009646,9512.14,NETBANKING,1487,506,22,4,0.802,0.557,0,0
TXN-009647,120483.67,NETBANKING,1894,44,21,4,0.508,0.414,0,1
TXN-009648,32805.25,NETBANKING,2321,702,24,3,0.275,0.141,0,1
TXN-009649,130754.73,UPI,1898,367,5,2,0.516,0.854,1,1
TXN-009650,75315.56,WALLET,746,438,22,3,0.817,0.571,0,1
TXN-009651,72654.18,NETBANKING,145,170,7,5,0.386,0.428,0,0
TXN-009652,122643.69,CARD,817,824,26,0,0.402,0.405,0,1
TXN-009653,140236.24,NETBANKING,1085,289,12,1,0.731,0.639,0,0
TXN-009654,118668.09,CARD,149,1295,18,5,0.96,0.086,1,1
TXN-009655,141511.93,WALLET,613,431,1,3,0.906,0.311,1,1
TXN-009656,144046.65,NETBANKING,397,1394,5,1,0.029,0.189,1,1
TXN-009657,99168.79,UPI,1421,1229,6,0,0.526,0.377,0,0
TXN-009658,131331.29,NETBANKING,1825,577,13,2,0.085,0.359,0,0
TXN-009659,81024.36,UPI,2052,786,13,1,0.083,0.717,1,0
TXN-009660,34204.13,CARD,1671,250,26,0,0.246,0.442,1,1
TXN-009661,38712.55,NETBANKING,1637,1388,20,0,0.831,0.861,0,0
TXN-009662,31246.52,UPI,1730,581,1,5,0.052,0.794,1,1
TXN-009663,84564.02,NETBANKING,2310,918,13,2,0.686,0.564,0,1
TXN-009664,89744.65,CARD,2113,385,15,4,0.448,0.344,0,1
TXN-009665,134788.8,WALLET,1844,1469,28,0,0.025,0.865,0,1
TXN-009666,57474.75,NETBANKING,2387,1427,30,2,0.232,0.817,0,1
TXN-009667,42350.97,CARD,221,399,27,5,0.172,0.021,0,1
TXN-009668,134472.26,NETBANKING,451,1138,13,5,0.898,0.187,0,0
TXN-009669,64134.76,NETBANKING,845,1422,27,5,0.871,0.563,0,0
TXN-009670,93572.26,NETBANKING,1174,1056,6,4,0.289,0.828,0,1
TXN-009671,36236.93,NETBANKING,647,857,30,3,0.148,0.214,0,1
TXN-009672,28140.29,WALLET,1639,498,22,0,0.966,0.85,0,1
TXN-009673,116651.4,NETBANKING,123,143,24,2,0.013,0.331,0,1
TXN-009674,143282.13,UPI,1632,1290,9,3,0.828,0.698,0,0
TXN-009675,100781.68,NETBANKING,2213,66,20,4,0.953,0.963,0,1
TXN-009676,24690.07,WALLET,2166,170,3,5,0.099,0.026,0,0
TXN-009677,11749.78,NETBANKING,2401,122,14,2,0.78,0.435,0,1
TXN-009678,108740.12,UPI,392,1229,2,4,0.832,0.876,0,1
TXN-009679,36562.96,CARD,2293,1188,11,2,0.927,0.08,0,1
TXN-009680,50806.64,CARD,562,501,5,3,0.946,0.195,1,1
TXN-009681,146185.45,NETBANKING,183,1289,28,1,0.731,0.962,0,1
TXN-009682,81022.74,CARD,1649,585,28,4,0.103,0.659,0,1
TXN-009683,2330.67,NETBANKING,2368,1435,21,3,0.507,0.432,0,0
TXN-009684,12841.62,CARD,536,357,24,0,0.886,0.876,0,0
TXN-009685,38058.77,NETBANKING,1557,733,18,4,0.937,0.975,0,0
TXN-009686,53020.71,UPI,1785,1474,3,4,0.13,0.722,0,0
TXN-009687,24799.47,NETBANKING,2125,566,23,3,0.688,0.418,0,0
TXN-009688,12078.02,NETBANKING,400,123,17,5,0.527,0.648,1,0
TXN-009689,60740.06,UPI,2268,1042,10,2,0.183,0.243,0,1
TXN-009690,34317.23,WALLET,2090,11,3,3,0.902,0.055,0,0
TXN-009691,86966.36,UPI,157,559,23,0,0.543,0.333,0,0
TXN-009692,53372.87,NETBANKING,286,588,27,5,0.404,0.37,0,0
TXN-009693,97842.13,CARD,804,216,21,2,0.774,0.446,0,1
TXN-009694,146561.3,CARD,1454,174,10,2,0.404,0.541,0,0
TXN-009695,148933.98,WALLET,2473,927,21,0,0.484,0.658,1,1
TXN-009696,80821.85,NETBANKING,2104,831,9,1,0.487,0.067,0,0
TXN-009697,16673.58,CARD,2478,603,8,3,0.406,0.317,0,0
TXN-009698,70795.39,WALLET,843,142,20,4,0.483,0.023,0,1
TXN-009699,102367.02,CARD,2218,177,18,2,0.336,0.564,0,1
TXN-009700,14899.7,WALLET,1476,348,13,0,0.856,0.865,0,0
TXN-009701,75354.69,CARD,2010,455,2,3,0.866,0.147,0,1
TXN-009702,30087.7,CARD,24,1423,5,3,0.797,0.282,1,0
TXN-009703,73430.3,NETBANKING,406,1206,10,5,0.08,0.087,0,1
TXN-009704,48321.11,CARD,453,773,4,2,0.241,0.993,0,1
TXN-009705,24454.83,CARD,850,902,25,5,0.479,0.41,0,0
TXN-009706,94600.04,UPI,714,13,24,4,0.719,0.97,0,0
TXN-009707,149945.83,UPI,1991,97,8,2,0.282,0.007,0,1
TXN-009708,59643.4,NETBANKING,244,982,13,0,0.075,0.678,0,0
TXN-009709,98225.93,CARD,2147,744,23,1,0.519,0.586,0,0
TXN-009710,135359.04,WALLET,104,623,8,4,0.104,0.584,0,0
TXN-009711,19547.76,UPI,502,99,20,1,0.509,0.471,1,0
TXN-009712,27214.51,NETBANKING,1596,645,23,3,0.203,0.582,0,0
TXN-009713,124017.17,CARD,1732,1039,19,1,0.623,0.649,0,0
TXN-009714,112527.71,WALLET,1165,998,24,0,0.636,0.646,0,1
TXN-009715,58654.97,CARD,1021,938,25,3,0.947,0.94,0,1
TXN-009716,127751.23,CARD,1078,462,25,1,0.494,0.892,0,1
TXN-009717,334.54,CARD,2438,1480,7,0,0.73,0.917,1,0
TXN-009718,47263.72,CARD,23,1321,9,5,0.97,0.678,0,1
TXN-009719,45356.59,UPI,754,246,23,3,0.916,0.585,1,1
TXN-009720,29560.86,WALLET,2306,1328,1,3,0.693,0.545,0,0
TXN-009721,2615.71,WALLET,1612,355,11,4,0.611,0.77,0,1
TXN-009722,27150.64,UPI,1162,336,12,0,0.603,0.65,0,0
TXN-009723,145144.63,CARD,1628,421,28,1,0.25,0.085,0,1
TXN-009724,81202.16,NETBANKING,1557,789,1,4,0.956,0.192,0,0
TXN-009725,82914.72,CARD,244,1353,29,0,0.318,0.35,0,0
TXN-009726,97539.2,CARD,80,245,23,4,0.417,0.239,0,1
TXN-009727,144142.05,WALLET,1307,526,10,4,0.601,0.531,0,0
TXN-009728,51266.84,CARD,1937,330,2,2,0.246,0.525,0,1
TXN-009729,10033.17,NETBANKING,1369,862,14,2,0.277,0.725,0,1
TXN-009730,625.3,UPI,1531,37,22,4,0.044,0.356,1,1
TXN-009731,75299.05,CARD,874,190,11,4,0.591,0.521,0,1
TXN-009732,24580.5,NETBANKING,2432,903,7,4,0.39,0.397,0,1
TXN-009733,4854.17,NETBANKING,1410,20,20,5,0.545,0.353,1,1
TXN-009734,70803.13,NETBANKING,1661,132,19,2,0.889,0.47,0,0
TXN-009735,148360.56,NETBANKING,22,319,23,3,0.692,0.663,0,1
TXN-009736,33935.72,NETBANKING,778,1040,2,2,0.201,0.203,0,0
TXN-009737,97155.82,CARD,1943,837,17,4,0.124,0.995,0,0
TXN-009738,79981.15,NETBANKING,207,97,6,4,0.62,0.619,0,0
TXN-009739,137944.07,CARD,2186,108,21,3,0.749,0.5,0,1
TXN-009740,21308.65,UPI,1391,1070,17,3,0.567,0.332,0,0
TXN-009741,13220.72,CARD,1925,170,24,1,0.534,0.493,0,1
TXN-009742,73488.92,CARD,1757,458,26,3,0.635,0.932,0,0
TXN-009743,101880.1,NETBANKING,983,948,5,2,0.596,0.252,0,0
TXN-009744,21075.8,CARD,2235,1369,29,2,0.738,0.032,0,0
TXN-009745,109801.38,NETBANKING,212,846,23,5,0.032,0.449,1,1
TXN-009746,129908.54,CARD,812,1245,13,5,0.556,0.724,0,1
TXN-009747,29134.94,CARD,2348,285,30,1,0.036,0.637,0,1
TXN-009748,96332.72,WALLET,232,275,29,3,0.843,0.041,1,0
TXN-009749,92344.64,UPI,1888,1135,29,0,0.161,0.735,0,1
TXN-009750,128710.15,UPI,510,1151,21,4,0.883,0.951,0,1
TXN-009751,34646.68,UPI,1484,778,18,1,0.861,0.206,0,0
TXN-009752,17835.54,NETBANKING,445,397,19,2,0.867,0.996,1,0
TXN-009753,149977.57,NETBANKING,1570,1123,4,3,0.152,0.155,1,1
TXN-009754,14018.46,WALLET,378,549,1,3,0.605,0.997,0,1
TXN-009755,21558.78,NETBANKING,397,951,8,2,0.573,0.492,0,0
TXN-009756,140517.76,NETBANKING,2470,395,26,3,0.388,0.892,0,1
TXN-009757,81368.13,NETBANKING,1767,96,10,4,0.585,0.494,0,0
TXN-009758,93273.91,UPI,1841,965,15,2,0.538,0.232,0,0
TXN-009759,141370.44,NETBANKING,1884,94,27,1,0.429,0.084,0,0
TXN-009760,71384.55,NETBANKING,816,843,19,5,0.902,0.848,0,1
TXN-009761,112769.21,WALLET,940,690,23,2,0.783,0.325,0,1
TXN-009762,79198.42,CARD,1966,952,6,2,0.217,0.746,0,0
TXN-009763,65301.52,WALLET,2153,712,3,1,0.843,0.774,0,0
TXN-009764,127265.12,WALLET,2411,1336,29,2,0.666,0.65,0,1
TXN-009765,107054.51,NETBANKING,1343,354,27,4,0.847,0.705,0,0
TXN-009766,54027.35,CARD,1091,583,11,3,0.41,0.533,0,1
TXN-009767,58705.16,UPI,2045,982,7,4,0.428,0.9,0,0
TXN-009768,76901.36,WALLET,2231,1444,29,3,0.451,0.603,0,0
TXN-009769,27862.73,CARD,950,380,23,3,0.489,0.474,0,0
TXN-009770,60349.82,WALLET,608,457,6,1,0.849,0.848,0,1
TXN-009771,110014.42,UPI,2276,1152,25,0,0.569,0.322,0,1
TXN-009772,39899.89,WALLET,2474,847,4,5,0.623,0.103,1,0
TXN-009773,3768.65,CARD,246,1223,29,1,0.29,0.939,0,1
TXN-009774,60386.78,WALLET,211,1070,19,1,0.435,0.099,0,1
TXN-009775,130490.2,UPI,186,364,13,0,0.433,0.571,0,1
TXN-009776,93380.95,UPI,1595,1348,9,3,0.024,0.812,0,1
TXN-009777,65447.73,WALLET,733,1104,30,4,0.66,0.874,0,1
TXN-009778,34349.02,CARD,1787,861,21,2,0.883,0.738,0,1
TXN-009779,71009.81,WALLET,1498,803,16,1,0.538,0.776,0,1
TXN-009780,67040.18,NETBANKING,1467,350,6,2,0.07,0.269,1,0
TXN-009781,8456.65,UPI,1325,436,19,0,0.284,0.056,0,0
TXN-009782,130656.83,UPI,1892,867,19,1,0.343,0.554,0,0
TXN-009783,4836.19,WALLET,1285,1051,14,5,0.508,0.645,1,1
TXN-009784,110117.27,CARD,1991,1236,5,0,0.405,0.538,0,0
TXN-009785,93701.07,WALLET,638,1224,2,0,0.375,0.239,1,1
TXN-009786,22526.97,WALLET,951,1201,4,3,0.868,0.883,1,1
TXN-009787,19943.46,WALLET,2060,408,15,5,0.245,0.331,1,1
TXN-009788,127706.62,UPI,1162,273,11,2,0.308,0.324,0,0
TXN-009789,87885.51,NETBANKING,971,410,28,5,0.558,0.496,0,1
TXN-009790,21451.33,UPI,2270,467,9,0,0.355,0.693,1,0
TXN-009791,58648.12,UPI,1359,756,22,5,0.192,0.727,0,0
TXN-009792,85514.22,UPI,1906,207,14,1,0.456,0.78,0,0
TXN-009793,22258.15,UPI,1524,977,27,4,0.581,0.65,0,0
TXN-009794,92626.06,NETBANKING,732,582,20,3,0.809,0.161,1,1
TXN-009795,94633.8,CARD,794,1117,1,2,0.046,0.777,0,1
TXN-009796,46906.9,NETBANKING,2145,1401,26,2,0.698,0.208,1,1
TXN-009797,147459.84,UPI,280,1267,2,5,0.203,0.656,1,1
TXN-009798,124157.48,NETBANKING,1645,486,17,4,0.347,0.389,0,0
TXN-009799,122183.97,CARD,1422,727,21,3,0.655,0.739,0,1
TXN-009800,117574.55,WALLET,2188,367,7,3,0.555,0.898,0,1
TXN-009801,46831.62,UPI,1025,349,26,2,0.617,0.903,0,0
TXN-009802,146013.36,NETBANKING,2114,515,20,0,0.042,0.961,0,0
TXN-009803,6406.8,CARD,606,1499,6,4,0.945,0.871,1,0
TXN-009804,118856.96,UPI,1264,664,13,5,0.429,0.322,1,0
TXN-009805,141546.61,UPI,1563,620,24,3,0.725,0.897,0,1
TXN-009806,13005.48,CARD,2208,611,22,2,0.027,0.93,0,0
TXN-009807,147070.44,UPI,1476,347,23,2,0.988,0.384,1,0
TXN-009808,53928.18,CARD,190,364,29,0,0.408,0.195,1,1
TXN-009809,67480.17,WALLET,1939,1109,21,1,0.608,0.085,0,0
TXN-009810,8743.98,UPI,394,105,7,5,0.297,0.052,0,0
TXN-009811,8370.96,WALLET,276,1077,18,5,0.929,0.473,0,1
TXN-009812,94932.36,CARD,199,459,8,3,0.48,0.548,0,0
TXN-009813,113147.49,CARD,1575,1328,17,0,0.109,0.747,0,0
TXN-009814,108575.89,CARD,2253,1389,7,1,0.33,0.98,0,1
TXN-009815,94382.2,CARD,1520,1097,8,2,0.251,0.06,0,0
TXN-009816,69395.29,WALLET,2457,867,28,5,0.421,0.125,0,0
TXN-009817,42645.73,NETBANKING,471,100,10,4,0.879,0.417,1,1
TXN-009818,68620.0,WALLET,1621,143,24,2,0.255,0.913,1,1
TXN-009819,87083.09,WALLET,926,4,3,1,0.886,0.797,0,1
TXN-009820,117324.18,UPI,1765,1164,24,4,0.303,0.564,0,0
TXN-009821,113114.66,WALLET,1936,613,21,4,0.654,0.449,0,0
TXN-009822,124919.11,UPI,2147,1007,11,2,0.686,0.021,0,0
TXN-009823,106595.14,CARD,1203,688,18,2,0.154,0.496,0,1
TXN-009824,52670.91,WALLET,1750,223,27,4,0.656,0.037,0,1
TXN-009825,31478.56,NETBANKING,402,348,7,5,0.694,0.359,0,0
TXN-009826,96141.01,WALLET,1048,1499,26,3,0.883,0.297,0,0
TXN-009827,111210.89,WALLET,85,17,2,1,0.778,0.031,0,1
TXN-009828,121499.38,WALLET,1912,233,22,1,0.787,0.965,1,1
TXN-009829,42710.96,NETBANKING,485,781,14,0,0.752,0.806,0,0
TXN-009830,114361.31,NETBANKING,2002,712,13,4,0.825,0.226,1,1
TXN-009831,67091.14,CARD,1059,1076,9,5,0.229,0.884,0,1
TXN-009832,40173.5,UPI,20,41,27,0,0.95,0.029,0,0
TXN-009833,61129.64,UPI,1270,952,7,1,0.183,0.866,0,0
TXN-009834,111419.45,CARD,919,1173,20,2,0.66,0.281,0,0
TXN-009835,116877.98,NETBANKING,1459,716,23,5,0.924,0.056,0,1
TXN-009836,101590.26,WALLET,895,106,1,1,0.134,0.804,0,0
TXN-009837,66183.53,WALLET,1776,672,12,2,0.036,0.288,0,0
TXN-009838,26003.67,UPI,792,819,20,4,0.941,0.335,0,0
TXN-009839,6693.2,CARD,2492,1197,28,4,0.104,0.788,0,1
TXN-009840,128825.31,CARD,292,470,6,5,0.404,0.704,0,1
TXN-009841,62633.97,CARD,1812,1173,21,5,0.242,0.062,1,0
TXN-009842,101682.08,NETBANKING,1449,65,15,4,0.938,0.425,0,1
TXN-009843,77089.9,NETBANKING,84,1377,2,0,0.686,0.447,1,0
TXN-009844,104267.31,UPI,1897,324,29,3,0.91,0.545,0,0
TXN-009845,76226.63,NETBANKING,582,700,28,4,0.289,0.198,1,1
TXN-009846,85993.34,CARD,1184,386,25,2,0.11,0.265,1,0
TXN-009847,53685.1,NETBANKING,2338,759,28,1,0.562,0.617,0,0
TXN-009848,73455.74,CARD,1008,623,1,1,0.796,0.548,1,1
TXN-009849,63792.36,CARD,1869,642,20,4,0.325,0.134,0,1
TXN-009850,119528.69,WALLET,1561,1424,25,0,0.869,0.407,0,1
TXN-009851,123236.69,WALLET,1381,523,2,5,0.949,0.322,1,1
TXN-009852,107549.63,UPI,571,1192,23,1,0.017,0.198,0,1
TXN-009853,146965.0,CARD,295,729,12,0,0.035,0.473,1,1
TXN-009854,123930.5,WALLET,1696,1335,9,0,0.526,0.978,0,0
TXN-009855,106910.94,UPI,1555,575,21,5,0.988,0.046,1,1
TXN-009856,132548.36,WALLET,2442,1152,25,2,0.236,0.3,1,1
TXN-009857,72561.62,NETBANKING,2116,342,22,1,0.15,0.298,0,0
TXN-009858,65549.31,WALLET,1944,296,27,0,0.546,0.051,1,0
TXN-009859,29632.64,NETBANKING,792,1119,3,0,0.395,0.9,0,0
TXN-009860,15778.05,WALLET,1131,251,8,1,0.87,0.901,1,1
TXN-009861,134341.94,NETBANKING,2227,1409,25,3,0.965,0.575,0,1
TXN-009862,92227.32,WALLET,58,480,27,4,0.595,0.548,1,1
TXN-009863,24931.53,NETBANKING,547,762,24,3,0.878,0.297,1,1
TXN-009864,117652.05,UPI,1286,402,26,2,0.625,0.085,0,1
TXN-009865,135350.7,NETBANKING,2288,272,30,3,0.194,0.687,0,1
TXN-009866,16865.34,UPI,745,961,28,0,0.201,0.691,0,0
TXN-009867,51706.58,UPI,233,225,22,0,0.044,0.601,0,0
TXN-009868,31102.3,WALLET,200,1352,24,4,0.509,0.382,0,1
TXN-009869,90440.26,CARD,565,269,21,4,0.983,0.958,0,1
TXN-009870,11726.57,CARD,100,945,2,3,0.205,0.927,0,0
TXN-009871,105796.96,WALLET,749,1055,7,3,0.604,0.378,0,1
TXN-009872,105223.95,WALLET,966,924,7,1,0.873,0.851,0,1
TXN-009873,110391.57,UPI,272,1078,20,0,0.361,0.71,0,0
TXN-009874,102989.89,WALLET,2190,1057,13,0,0.33,0.933,0,1
TXN-009875,11437.34,CARD,1326,1385,24,4,0.164,0.877,0,1
TXN-009876,89124.64,WALLET,2081,526,5,3,0.329,0.919,0,0
TXN-009877,95198.58,CARD,1245,546,20,3,0.804,0.182,0,1
TXN-009878,58185.54,UPI,2133,1431,16,0,0.351,0.03,0,0
TXN-009879,31208.13,CARD,1243,294,19,3,0.42,0.212,0,0
TXN-009880,81611.26,UPI,2160,312,3,5,0.657,0.265,0,0
TXN-009881,7799.87,UPI,2409,1104,15,5,0.674,0.381,1,1
TXN-009882,120010.6,NETBANKING,1849,1082,22,0,0.778,0.801,0,0
TXN-009883,35699.39,NETBANKING,1017,128,9,4,0.258,0.41,0,0
TXN-009884,18754.78,WALLET,1196,994,20,5,0.615,0.623,0,0
TXN-009885,21208.08,NETBANKING,148,340,19,0,0.194,0.624,0,0
TXN-009886,32643.05,CARD,2332,141,10,4,0.428,0.235,0,1
TXN-009887,3455.59,WALLET,639,182,12,4,0.994,0.64,1,1
TXN-009888,65312.38,UPI,1319,776,8,4,0.762,0.83,1,1
TXN-009889,58679.3,NETBANKING,2184,1292,13,4,0.754,0.161,0,1
TXN-009890,140831.71,CARD,2217,370,4,0,0.935,0.353,1,1
TXN-009891,15908.16,WALLET,1418,1003,1,2,0.762,0.899,0,0
TXN-009892,89928.61,NETBANKING,1858,1128,7,2,0.009,0.408,1,0
TXN-009893,128174.77,CARD,1766,208,11,4,0.046,0.997,0,0
TXN-009894,134655.35,WALLET,288,844,5,5,0.839,0.386,0,0
TXN-009895,72040.63,UPI,1582,756,15,2,0.797,0.375,1,1
TXN-009896,96141.93,NETBANKING,189,1495,27,5,0.137,0.732,0,0
TXN-009897,115444.33,CARD,781,1486,15,0,0.15,0.42,0,0
TXN-009898,148239.27,UPI,1497,997,6,3,0.34,0.945,0,1
TXN-009899,102492.44,CARD,1080,428,19,2,0.205,0.785,0,0
TXN-009900,81342.41,NETBANKING,82,79,13,5,0.794,0.766,1,1
TXN-009901,124386.22,NETBANKING,944,700,18,5,0.687,0.307,1,1
TXN-009902,119433.54,CARD,1206,421,30,3,0.797,0.849,0,1
TXN-009903,101025.92,UPI,180,798,14,1,0.167,0.496,0,1
TXN-009904,136101.52,WALLET,1247,502,23,1,0.782,0.09,0,1
TXN-009905,4813.3,UPI,1815,215,13,2,0.37,0.291,0,0
TXN-009906,142677.94,UPI,1836,440,26,5,0.77,0.645,0,1
TXN-009907,98720.02,CARD,1978,1116,8,5,0.104,0.389,0,1
TXN-009908,54836.97,CARD,2308,350,21,1,0.055,0.056,0,0
TXN-009909,9417.78,UPI,1853,338,22,5,0.108,0.102,0,1
TXN-009910,26164.09,UPI,720,45,19,2,0.325,0.454,0,0
TXN-009911,85129.67,UPI,1193,495,24,1,0.113,0.426,0,0
TXN-009912,78381.27,CARD,1846,681,8,1,0.743,0.392,0,0
TXN-009913,18114.77,CARD,1875,222,7,1,0.566,0.662,0,0
TXN-009914,134989.21,NETBANKING,970,219,3,2,0.568,0.297,0,0
TXN-009915,95713.64,NETBANKING,816,1254,4,1,0.185,0.401,0,0
TXN-009916,89995.78,NETBANKING,1133,7,17,1,0.301,0.349,0,0
TXN-009917,147864.32,WALLET,191,1243,11,1,0.431,0.378,0,1
TXN-009918,20876.47,NETBANKING,884,1181,14,1,0.898,0.026,1,0
TXN-009919,99855.49,NETBANKING,1351,983,28,0,0.631,0.888,0,0
TXN-009920,135606.88,CARD,2152,817,18,1,0.684,0.878,0,0
TXN-009921,71854.53,WALLET,372,138,10,1,0.263,0.511,0,1
TXN-009922,78725.07,WALLET,1152,605,22,2,0.424,0.56,0,0
TXN-009923,90937.6,NETBANKING,1293,325,20,4,0.006,0.092,1,0
TXN-009924,30819.25,UPI,1796,1311,1,4,0.115,0.494,0,0
TXN-009925,100636.16,WALLET,1272,1497,13,5,0.326,0.662,1,0
TXN-009926,11301.37,NETBANKING,2027,764,18,2,0.444,0.955,0,0
TXN-009927,89284.89,CARD,1624,565,21,1,0.853,0.617,0,0
TXN-009928,120004.69,NETBANKING,1347,371,12,0,0.991,0.117,1,0
TXN-009929,4310.16,WALLET,2488,1443,12,2,0.919,0.521,1,1
TXN-009930,29038.59,UPI,700,589,28,0,0.045,0.169,0,0
TXN-009931,108323.92,CARD,243,99,30,1,0.96,0.441,0,1
TXN-009932,148724.54,WALLET,314,514,28,3,0.46,0.029,0,1
TXN-009933,131023.52,UPI,307,730,18,0,0.778,0.632,0,1
TXN-009934,143648.42,CARD,524,44,23,0,0.851,0.734,0,1
TXN-009935,116073.21,CARD,1618,503,29,1,0.398,0.915,1,1
TXN-009936,112353.14,UPI,1562,1220,26,5,0.239,0.102,0,1
TXN-009937,127227.46,CARD,2212,571,4,1,0.44,0.122,0,0
TXN-009938,141798.48,NETBANKING,512,1061,25,0,0.709,0.826,1,1
TXN-009939,72138.91,CARD,2037,97,1,5,0.175,0.775,0,0
TXN-009940,112540.39,UPI,2392,1245,27,4,0.955,0.943,0,1
TXN-009941,112856.28,WALLET,2275,73,28,2,0.899,0.545,0,1
TXN-009942,110066.64,CARD,1781,967,29,0,0.456,0.318,0,1
TXN-009943,36573.53,CARD,434,606,21,0,0.845,0.526,0,0
TXN-009944,69447.01,CARD,100,477,23,5,0.103,0.106,0,1
TXN-009945,5312.41,NETBANKING,1187,117,22,4,0.808,0.326,0,1
TXN-009946,110386.44,UPI,1525,520,9,3,0.839,0.914,0,0
TXN-009947,59998.09,NETBANKING,1962,1294,10,1,0.505,0.436,0,1
TXN-009948,114547.56,NETBANKING,1323,179,18,5,0.757,0.504,0,1
TXN-009949,39899.0,CARD,359,214,9,0,0.004,0.601,0,0
TXN-009950,107971.12,NETBANKING,365,1417,30,5,0.62,0.469,0,0
TXN-009951,98608.46,NETBANKING,2147,336,15,5,0.137,0.337,0,0
TXN-009952,65065.11,UPI,507,144,14,4,0.147,0.54,0,1
TXN-009953,58402.26,NETBANKING,2330,317,24,1,0.039,0.248,0,0
TXN-009954,19206.99,CARD,520,1200,9,4,0.282,0.37,0,0
TXN-009955,141844.89,NETBANKING,2154,634,25,3,0.882,0.699,0,1
TXN-009956,74326.44,UPI,749,176,12,3,0.721,0.991,0,0
TXN-009957,111768.94,WALLET,1386,1249,17,2,0.35,0.401,0,0
TXN-009958,23885.2,UPI,1774,1099,4,0,0.93,0.711,1,1
TXN-009959,82554.5,WALLET,1000,1387,29,5,0.652,0.225,0,0
TXN-009960,118955.87,UPI,513,469,10,3,0.458,0.05,0,0
TXN-009961,7634.75,CARD,792,1062,18,0,0.648,0.567,0,1
TXN-009962,149430.95,UPI,2285,1005,13,1,0.166,0.149,0,0
TXN-009963,111421.37,NETBANKING,1075,92,27,4,0.823,0.888,0,1
TXN-009964,118067.91,CARD,335,523,27,4,0.287,0.241,0,1
TXN-009965,71374.3,NETBANKING,642,720,10,3,0.682,0.847,0,1
TXN-009966,19117.11,CARD,271,276,24,2,0.433,0.863,0,1
TXN-009967,42928.89,WALLET,2483,730,13,0,0.258,0.165,0,0
TXN-009968,95001.36,UPI,1288,470,7,5,0.568,0.722,0,0
TXN-009969,793.93,CARD,2414,829,26,0,0.914,0.486,0,0
TXN-009970,19115.6,UPI,505,1045,10,3,0.821,0.691,0,1
TXN-009971,7708.72,WALLET,516,366,22,4,0.465,0.749,0,1
TXN-009972,79685.59,WALLET,2252,1392,20,4,0.836,0.226,0,0
TXN-009973,27373.47,CARD,1468,431,11,1,0.615,0.885,0,1
TXN-009974,104851.54,WALLET,1349,1395,25,3,0.042,0.276,0,0
TXN-009975,34552.84,NETBANKING,1678,1154,17,2,0.089,0.982,1,1
TXN-009976,29520.57,CARD,404,1381,26,5,0.489,0.939,0,0
TXN-009977,87126.09,WALLET,321,529,18,4,0.022,0.663,1,0
TXN-009978,30515.02,CARD,2176,979,30,0,0.233,0.252,0,0
TXN-009979,116504.07,CARD,1674,1022,12,1,0.354,0.262,0,1
TXN-009980,53462.89,WALLET,650,247,28,5,0.632,0.917,1,1
TXN-009981,147053.36,UPI,589,23,10,0,0.323,0.642,0,1
TXN-009982,90174.89,UPI,1692,608,26,3,0.225,0.184,0,0
TXN-009983,33502.53,UPI,5,1446,20,0,0.647,0.798,1,0
TXN-009984,145053.9,CARD,1105,1396,21,4,0.013,0.178,0,1
TXN-009985,4399.93,UPI,1004,266,12,1,0.074,0.103,1,0
TXN-009986,69523.38,CARD,1904,1488,1,0,0.238,0.654,0,1
TXN-009987,129060.67,NETBANKING,107,744,8,0,0.22,0.403,1,1
TXN-009988,112242.37,CARD,1157,478,24,3,0.033,0.102,0,1
TXN-009989,100393.17,UPI,2303,877,25,0,0.801,0.861,0,1
TXN-009990,141642.87,WALLET,1097,1219,16,4,0.708,0.304,0,0
TXN-009991,127099.3,UPI,2380,305,12,4,0.278,0.372,1,0
TXN-009992,101354.63,UPI,1102,1071,17,0,0.662,0.879,0,0
TXN-009993,143760.47,NETBANKING,1995,1488,19,0,0.613,0.14,0,1
TXN-009994,40303.29,UPI,1587,1293,16,0,0.074,0.041,1,1
TXN-009995,86461.44,UPI,2201,121,9,1,0.58,0.591,1,0
TXN-009996,121511.14,WALLET,1785,1185,7,2,0.217,0.883,0,1
TXN-009997,4884.03,NETBANKING,629,853,23,0,0.186,0.784,1,0
TXN-009998,61027.61,CARD,1421,1017,7,2,0.775,0.419,0,0
TXN-009999,132764.91,UPI,1623,1083,26,1,0.288,0.771,1,1
TXN-010000,31978.88,CARD,2286,572,2,4,0.946,0.961,0,0
